LOAN_ID,STATE,PROP_TYPE,OCCUPANCY,PURPOSE,DOC_TYPE,FICO,LTV,CLTV,DTI,ORIG_BAL,PRIN_BAL,PROP_VALUE,NOTE_RATE,ORIG_TERM,REM_TERM,LOAN_AGE,ORIG_DATE,DQ_STATUS,CUR_LTV
LN100000,NC,PUD,Owner,Purchase,Full,748,71.6,71.6,23.0,576000.0,541440.0,804000.0,7.06,180,156,24,2024-09-01,Current,67.34
LN100001,GA,Condo,Owner,Purchase,Bank Statement,759,63.4,68.4,18.2,225000.0,208687.5,355000.0,6.72,180,151,29,2024-04-01,Current,58.79
LN100002,NC,2-4 Family,Owner,Purchase,DSCR,738,97.0,100.0,29.0,1695000.0,1644150.0,1747000.0,7.068,360,348,12,2025-09-01,Current,94.11
LN100003,NC,PUD,Owner,Purchase,Bank Statement,714,80.0,80.0,30.6,374000.0,361845.0,468000.0,7.584,240,227,13,2025-08-01,Current,77.32
LN100004,FL,Condo,Owner,Purchase,Full,731,55.2,55.2,23.5,697000.0,653437.5,1263000.0,6.987,240,215,25,2024-08-01,Current,51.74
LN100005,CA,SFR,Owner,Rate/Term Refi,Full,710,80.6,80.6,21.7,632000.0,611460.0,784000.0,7.215,360,347,13,2025-08-01,Current,77.99
LN100006,CA,SFR,Second Home,Rate/Term Refi,Full,750,69.2,69.2,40.2,127000.0,118110.0,184000.0,7.284,240,212,28,2024-05-01,Current,64.19
LN100007,WA,SFR,Owner,Purchase,Full,799,97.0,100.0,29.5,352000.0,325600.0,363000.0,7.141,240,210,30,2024-03-01,Current,89.7
LN100008,OH,SFR,Owner,Rate/Term Refi,Bank Statement,729,61.4,71.4,22.5,768000.0,762240.0,1251000.0,6.725,360,357,3,2026-06-01,Current,60.93
LN100009,IL,Condo,Owner,Purchase,Full,724,47.0,47.0,54.4,133000.0,124022.5,283000.0,6.855,180,153,27,2024-06-01,Current,43.82
LN100010,NY,Condo,Owner,Purchase,Full,767,74.8,74.8,37.3,559000.0,514280.0,747000.0,6.694,360,328,32,2024-01-01,Current,68.85
LN100011,VA,SFR,Owner,Purchase,Full,762,69.8,69.8,33.4,262000.0,256105.0,375000.0,6.437,360,351,9,2025-12-01,Current,68.29
LN100012,FL,Condo,Owner,Purchase,Full,752,69.0,79.0,41.3,321000.0,308160.0,465000.0,7.282,180,164,16,2025-05-01,Current,66.27
LN100013,TX,SFR,Owner,Purchase,Full,713,48.3,58.3,29.8,437000.0,405317.5,905000.0,7.215,360,331,29,2024-04-01,Current,44.79
LN100014,OH,PUD,Owner,Cash-Out Refi,DSCR,747,79.1,79.1,48.5,171000.0,156465.0,216000.0,6.659,360,326,34,2023-11-01,Current,72.44
LN100015,CA,SFR,Owner,Cash-Out Refi,DSCR,774,94.1,94.1,23.6,432000.0,419040.0,459000.0,7.067,360,348,12,2025-09-01,Current,91.29
LN100016,IL,2-4 Family,Owner,Purchase,Bank Statement,697,51.1,51.1,25.4,296000.0,284160.0,579000.0,6.591,360,344,16,2025-05-01,60,49.08
LN100017,CA,SFR,Second Home,Purchase,Full,731,88.1,88.1,34.7,282000.0,260850.0,320000.0,7.403,360,330,30,2024-03-01,Current,81.52
LN100018,TX,2-4 Family,Owner,Purchase,Full,676,67.2,77.2,29.7,542000.0,537935.0,807000.0,7.256,360,357,3,2026-06-01,Current,66.66
LN100019,OH,SFR,Owner,Rate/Term Refi,Full,699,97.0,97.0,47.1,1917000.0,1902622.5,1976000.0,7.359,180,177,3,2026-06-01,Current,96.29
LN100020,CO,SFR,Investor,Cash-Out Refi,Full,678,79.2,89.2,23.0,461000.0,424120.0,582000.0,7.676,240,208,32,2024-01-01,Current,72.87
LN100021,IL,SFR,Owner,Purchase,Bank Statement,739,71.7,71.7,30.0,507000.0,463905.0,707000.0,6.938,360,326,34,2023-11-01,Current,65.62
LN100022,CA,SFR,Owner,Purchase,Full,700,87.3,87.3,37.7,386000.0,360910.0,442000.0,7.264,240,214,26,2024-07-01,Current,81.65
LN100023,MA,SFR,Owner,Purchase,Full,758,80.3,80.3,40.3,286000.0,276705.0,356000.0,7.125,240,227,13,2025-08-01,Current,77.73
LN100024,NY,PUD,Owner,Purchase,Full,754,66.9,66.9,43.8,444000.0,432900.0,664000.0,6.725,360,350,10,2025-11-01,Current,65.2
LN100025,CA,SFR,Owner,Cash-Out Refi,Full,741,82.5,82.5,38.5,783000.0,718402.5,949000.0,7.24,360,327,33,2023-12-01,Current,75.7
LN100026,IL,SFR,Owner,Purchase,Full,652,67.9,67.9,53.4,430000.0,407425.0,633000.0,7.42,240,219,21,2024-12-01,Current,64.36
LN100027,CA,SFR,Owner,Cash-Out Refi,Full,728,52.5,52.5,32.0,590000.0,578200.0,1124000.0,7.007,360,352,8,2026-01-01,Current,51.44
LN100028,VA,SFR,Owner,Purchase,DSCR,746,97.0,97.0,37.2,357000.0,326655.0,368000.0,7.296,360,326,34,2023-11-01,Current,88.76
LN100029,FL,SFR,Owner,Purchase,Full,752,69.8,69.8,42.6,1228000.0,1188090.0,1759000.0,7.027,180,167,13,2025-08-01,Current,67.54
LN100030,TX,SFR,Owner,Purchase,Full,690,66.7,71.7,33.2,188000.0,188000.0,282000.0,6.939,180,180,0,2026-09-01,Current,66.67
LN100031,TX,SFR,Owner,Purchase,Full,730,78.1,83.1,33.4,514000.0,502435.0,658000.0,7.503,240,231,9,2025-12-01,Current,76.36
LN100032,CA,SFR,Owner,Purchase,Full,711,55.3,55.3,32.0,504000.0,463680.0,911000.0,6.901,360,328,32,2024-01-01,Current,50.9
LN100033,CA,SFR,Owner,Purchase,Full,717,57.8,57.8,30.6,445000.0,421637.5,770000.0,7.35,360,339,21,2024-12-01,Current,54.76
LN100034,WA,SFR,Owner,Rate/Term Refi,Full,788,68.0,73.0,26.7,239000.0,224660.0,351000.0,6.462,360,336,24,2024-09-01,Current,64.01
LN100035,CA,2-4 Family,Owner,Purchase,Full,717,67.8,67.8,31.3,237000.0,231667.5,350000.0,6.963,360,351,9,2025-12-01,Current,66.19
LN100036,IL,SFR,Owner,Purchase,Full,747,74.9,74.9,23.4,355000.0,326600.0,474000.0,6.857,360,328,32,2024-01-01,Current,68.9
LN100037,VA,Condo,Owner,Purchase,Full,782,87.5,87.5,38.7,413000.0,388220.0,472000.0,7.113,360,336,24,2024-09-01,Current,82.25
LN100038,NC,PUD,Owner,Rate/Term Refi,Full,726,68.3,78.3,23.0,229000.0,216405.0,335000.0,6.878,360,338,22,2024-11-01,Current,64.6
LN100039,IL,2-4 Family,Owner,Cash-Out Refi,Full,744,79.9,79.9,52.2,244000.0,229360.0,305000.0,7.087,360,336,24,2024-09-01,Current,75.2
LN100040,FL,PUD,Owner,Purchase,Full,752,81.2,81.2,49.2,508000.0,502920.0,626000.0,6.577,360,356,4,2026-05-01,Current,80.34
LN100041,FL,2-4 Family,Owner,Cash-Out Refi,Full,750,61.0,61.0,44.5,628000.0,585610.0,1030000.0,6.648,240,213,27,2024-06-01,Current,56.86
LN100042,TX,SFR,Owner,Cash-Out Refi,Full,701,76.7,76.7,34.0,306000.0,279225.0,399000.0,7.267,360,325,35,2023-10-01,Current,69.98
LN100043,FL,PUD,Owner,Purchase,Bank Statement,751,62.7,62.7,31.0,288000.0,276480.0,459000.0,6.748,240,224,16,2025-05-01,Current,60.24
LN100044,PA,SFR,Owner,Cash-Out Refi,Bank Statement,800,86.8,91.8,45.4,284000.0,261280.0,327000.0,6.272,240,208,32,2024-01-01,Current,79.9
LN100045,IL,SFR,Investor,Purchase,Full,689,79.5,89.5,37.1,1203000.0,1157887.5,1513000.0,7.434,360,345,15,2025-06-01,Current,76.53
LN100046,TX,SFR,Owner,Purchase,Bank Statement,781,74.2,74.2,40.1,491000.0,470132.5,662000.0,6.477,360,343,17,2025-04-01,Current,71.02
LN100047,TX,SFR,Owner,Rate/Term Refi,Full,753,57.9,67.9,29.9,383000.0,374382.5,661000.0,7.179,240,231,9,2025-12-01,Current,56.64
LN100048,NY,PUD,Owner,Purchase,DSCR,724,75.4,80.4,44.1,620000.0,581250.0,822000.0,7.017,180,155,25,2024-08-01,Current,70.71
LN100049,NY,SFR,Owner,Purchase,Full,824,64.8,64.8,29.3,1107000.0,1059952.5,1708000.0,6.899,360,343,17,2025-04-01,Current,62.06
LN100050,FL,PUD,Owner,Purchase,Full,777,82.5,92.5,36.5,667000.0,650325.0,808000.0,6.975,360,350,10,2025-11-01,Current,80.49
LN100051,,SFR,Owner,Cash-Out Refi,Full,702,72.6,77.6,21.8,207000.0,197167.5,285000.0,7.277,180,161,19,2025-02-01,Current,69.18
LN100052,NC,PUD,Owner,Purchase,Full,751,64.3,64.3,30.4,379000.0,368577.5,589000.0,6.675,240,229,11,2025-10-01,Current,62.58
LN100053,CO,PUD,Owner,Purchase,Full,770,85.1,90.1,39.6,328000.0,320620.0,385000.0,6.856,240,231,9,2025-12-01,Current,83.28
LN100054,NC,SFR,Owner,Cash-Out Refi,Full,741,82.7,87.7,32.0,337000.0,315095.0,407000.0,7.143,240,214,26,2024-07-01,Current,77.42
LN100055,IL,Condo,Owner,Rate/Term Refi,Bank Statement,774,66.9,71.9,32.1,228000.0,216600.0,341000.0,6.21,360,340,20,2025-01-01,Current,63.52
LN100056,NJ,PUD,Owner,Purchase,Full,745,87.9,87.9,41.9,330000.0,301125.0,375000.0,7.301,360,325,35,2023-10-01,Current,80.3
LN100057,CA,SFR,Owner,Purchase,Full,773,70.4,80.4,35.0,242000.0,238370.0,344000.0,6.437,180,174,6,2026-03-01,Current,69.29
LN100058,WA,SFR,Owner,Rate/Term Refi,Full,803,70.3,70.3,45.5,459000.0,425722.5,653000.0,6.476,360,331,29,2024-04-01,Current,65.19
LN100059,NJ,PUD,Owner,Cash-Out Refi,Full,722,75.5,75.5,16.3,402000.0,386925.0,532000.0,6.418,180,165,15,2025-06-01,Current,72.73
LN100060,NC,SFR,Owner,Purchase,Full,756,65.0,65.0,40.1,208000.0,196560.0,320000.0,6.876,360,338,22,2024-11-01,Current,61.42
LN100061,OH,SFR,Owner,Purchase,Full,730,68.7,73.7,39.6,182000.0,176995.0,265000.0,7.139,360,349,11,2025-10-01,Current,66.79
LN100062,CA,SFR,Owner,Cash-Out Refi,Full,753,72.1,77.1,23.3,317000.0,301942.5,440000.0,6.924,240,221,19,2025-02-01,Current,68.62
LN100063,AZ,2-4 Family,Owner,Rate/Term Refi,Full,703,92.4,92.4,25.3,528000.0,502920.0,571000.0,7.436,360,341,19,2025-02-01,Current,88.08
LN100064,GA,PUD,Owner,Purchase,Bank Statement,726,92.0,92.0,42.6,492000.0,464940.0,535000.0,7.127,240,218,22,2024-11-01,Current,86.9
LN100065,FL,PUD,Owner,Purchase,Full,741,70.9,75.9,27.1,382000.0,356215.0,539000.0,6.952,360,333,27,2024-06-01,Current,66.09
LN100066,TX,PUD,Owner,Purchase,Full,782,93.3,93.3,30.5,89000.0,84327.5,95000.0,7.185,360,339,21,2024-12-01,Current,88.77
LN100067,NY,Condo,Owner,Purchase,Full,792,73.5,78.5,40.4,315000.0,314212.5,429000.0,6.533,360,359,1,2026-08-01,Current,73.24
LN100068,NJ,SFR,Owner,Cash-Out Refi,Bank Statement,698,78.6,88.6,32.9,282000.0,277065.0,359000.0,7.372,180,173,7,2026-02-01,Current,77.18
LN100069,TX,SFR,Owner,Cash-Out Refi,Full,718,84.6,84.6,39.4,338000.0,325325.0,400000.0,7.366,360,345,15,2025-06-01,Current,81.33
LN100070,GA,SFR,Owner,Purchase,Full,773,77.5,82.5,28.7,227000.0,212812.5,293000.0,6.733,360,335,25,2024-08-01,Current,72.63
LN100071,NC,SFR,Owner,Purchase,Full,672,97.0,100.0,37.9,324000.0,321570.0,334000.0,7.648,360,357,3,2026-06-01,Current,96.28
LN100072,IL,SFR,Owner,Purchase,Bank Statement,730,76.9,76.9,44.2,291000.0,268447.5,378000.0,7.094,180,149,31,2024-02-01,Current,71.02
LN100073,IL,SFR,Owner,Cash-Out Refi,Full,744,59.6,59.6,38.2,1338000.0,1297860.0,2245000.0,6.665,180,168,12,2025-09-01,Current,57.81
LN100074,OH,SFR,Owner,Rate/Term Refi,DSCR,796,89.7,89.7,18.1,540000.0,514350.0,602000.0,7.361,180,161,19,2025-02-01,Current,85.44
LN100075,CA,PUD,Owner,Cash-Out Refi,Full,774,69.1,69.1,40.8,360000.0,336600.0,521000.0,6.595,360,334,26,2024-07-01,Current,64.61
LN100076,CA,SFR,Investor,Rate/Term Refi,Full,736,70.3,70.3,36.0,385000.0,372487.5,548000.0,7.353,360,347,13,2025-08-01,Current,67.97
LN100077,IL,SFR,Owner,Purchase,Full,734,38.1,38.1,28.4,373000.0,352485.0,979000.0,6.888,360,338,22,2024-11-01,Current,36.0
LN100078,CA,PUD,Owner,Purchase,Full,738,86.0,86.0,46.7,428000.0,417300.0,498000.0,6.593,240,230,10,2025-11-01,Current,83.8
LN100079,TX,SFR,Owner,Rate/Term Refi,Full,806,83.8,93.8,21.7,327000.0,306562.5,390000.0,6.715,180,155,25,2024-08-01,Current,78.61
LN100080,CA,SFR,Owner,Cash-Out Refi,Full,732,83.6,83.6,50.5,390000.0,389025.0,467000.0,7.346,360,359,1,2026-08-01,Current,83.3
LN100081,OH,PUD,Owner,Purchase,Full,736,85.7,85.7,30.5,625000.0,579687.5,729000.0,7.291,360,331,29,2024-04-01,Current,79.52
LN100082,IL,SFR,Owner,Purchase,Bank Statement,761,94.3,94.3,48.1,572000.0,550550.0,607000.0,6.811,360,345,15,2025-06-01,Current,90.7
LN100083,TX,SFR,Owner,Purchase,Full,743,73.4,78.4,35.2,452000.0,438440.0,616000.0,6.991,180,168,12,2025-09-01,Current,71.18
LN100084,TX,2-4 Family,Investor,Rate/Term Refi,Full,741,85.3,85.3,25.0,717000.0,684735.0,841000.0,6.77,360,342,18,2025-03-01,Current,81.42
LN100085,CA,PUD,Owner,Purchase,Full,706,65.1,65.1,36.3,435000.0,420862.5,668000.0,6.816,360,347,13,2025-08-01,Current,63.0
LN100086,FL,SFR,Owner,Purchase,Full,748,69.8,74.8,38.2,252000.0,246330.0,361000.0,6.805,240,231,9,2025-12-01,Current,68.24
LN100087,CA,2-4 Family,Owner,Purchase,Full,731,86.7,86.7,39.9,179000.0,176315.0,206000.0,7.179,360,354,6,2026-03-01,Current,85.59
LN100088,NJ,Condo,Owner,Cash-Out Refi,Full,792,78.7,88.7,44.0,287000.0,269062.5,365000.0,7.076,360,335,25,2024-08-01,Current,73.72
LN100089,WA,PUD,Owner,Purchase,DSCR,773,58.0,58.0,28.4,382000.0,371495.0,659000.0,6.681,360,349,11,2025-10-01,Current,56.37
LN100090,CA,SFR,Owner,Purchase,Full,747,78.3,78.3,39.5,471000.0,441562.5,602000.0,7.21,360,335,25,2024-08-01,Current,73.35
LN100091,VA,SFR,Investor,Purchase,Full,773,71.8,76.8,41.4,639000.0,603855.0,890000.0,6.442,360,338,22,2024-11-01,Current,67.85
LN100092,NY,SFR,Owner,Purchase,Full,735,64.2,64.2,33.4,303000.0,299970.0,472000.0,6.605,360,356,4,2026-05-01,Current,63.55
LN100093,CA,SFR,Owner,Purchase,Full,788,79.2,79.2,28.1,273000.0,256620.0,345000.0,6.599,180,156,24,2024-09-01,Current,74.38
LN100094,NC,SFR,Investor,Purchase,Full,748,69.1,74.1,27.9,557000.0,534720.0,806000.0,7.28,360,344,16,2025-05-01,Current,66.34
LN100095,CO,SFR,Owner,Rate/Term Refi,Full,770,55.2,65.2,41.5,669000.0,627187.5,1212000.0,6.26,240,215,25,2024-08-01,Current,51.75
LN100096,IL,PUD,Owner,Cash-Out Refi,Full,699,60.7,60.7,41.9,317000.0,313830.0,522000.0,6.682,240,236,4,2026-05-01,Current,60.12
LN100097,FL,SFR,Owner,Cash-Out Refi,Full,761,95.2,95.2,29.0,458000.0,436245.0,481000.0,7.02,360,341,19,2025-02-01,Current,90.7
LN100098,NC,Condo,Owner,Cash-Out Refi,Full,684,55.8,55.8,24.9,731000.0,679830.0,1310000.0,7.394,360,332,28,2024-05-01,Current,51.9
LN100099,PA,SFR,Owner,Cash-Out Refi,Full,671,76.7,76.7,45.4,454000.0,452865.0,592000.0,6.998,180,179,1,2026-08-01,Current,76.5
LN100100,IL,SFR,Owner,Purchase,Full,736,81.3,86.3,23.2,384000.0,366720.0,472000.0,6.988,240,222,18,2025-03-01,Current,77.69
LN100101,MA,Condo,Owner,Cash-Out Refi,Full,714,81.7,81.7,36.8,154000.0,145145.0,188000.0,6.856,180,157,23,2024-10-01,Current,77.2
LN100102,IL,SFR,Owner,Purchase,Full,754,59.3,59.3,29.1,715000.0,698912.5,1206000.0,7.072,360,351,9,2025-12-01,Current,57.95
LN100103,TX,SFR,Owner,Cash-Out Refi,Bank Statement,830,70.1,70.1,21.6,526000.0,486550.0,750000.0,6.541,360,330,30,2024-03-01,Current,64.87
LN100104,NC,2-4 Family,Owner,Rate/Term Refi,Full,716,75.7,75.7,36.5,416000.0,398320.0,550000.0,7.179,360,343,17,2025-04-01,Current,72.42
LN100105,GA,SFR,Owner,Cash-Out Refi,Full,724,83.6,93.6,34.0,319000.0,294277.5,382000.0,7.132,360,329,31,2024-02-01,Current,77.04
LN100106,CA,PUD,Owner,Purchase,Full,756,66.3,71.3,47.0,224000.0,205520.0,338000.0,6.722,360,327,33,2023-12-01,Current,60.8
LN100107,CA,SFR,Owner,Purchase,Full,767,60.0,70.0,53.6,376000.0,376000.0,627000.0,6.683,180,180,0,2026-09-01,Current,59.97
LN100108,CA,PUD,Owner,Rate/Term Refi,Full,741,86.0,86.0,34.1,375000.0,361875.0,436000.0,6.909,360,346,14,2025-07-01,Current,83.0
LN100109,CA,Condo,Owner,Cash-Out Refi,Full,740,87.3,97.3,43.7,645000.0,624037.5,739000.0,6.87,360,347,13,2025-08-01,Current,84.44
LN100110,FL,SFR,Owner,Rate/Term Refi,Bank Statement,775,78.4,83.4,43.9,228000.0,213750.0,291000.0,6.516,360,335,25,2024-08-01,Current,73.45
LN100111,NY,SFR,Owner,Purchase,Full,768,66.7,66.7,31.4,753000.0,720997.5,1129000.0,6.714,360,343,17,2025-04-01,Current,63.86
LN100112,WA,SFR,Owner,Purchase,Full,709,78.9,78.9,28.7,399000.0,371070.0,506000.0,6.993,240,212,28,2024-05-01,90+,73.33
LN100113,NY,SFR,Owner,Purchase,Full,745,75.3,85.3,48.4,672000.0,635040.0,892000.0,7.147,180,158,22,2024-11-01,Current,71.19
LN100114,NJ,SFR,Owner,Cash-Out Refi,Full,749,84.1,84.1,32.6,254000.0,250825.0,302000.0,6.488,360,355,5,2026-04-01,Current,83.05
LN100115,CA,Condo,Owner,Purchase,Full,708,59.0,59.0,35.3,460000.0,427800.0,780000.0,7.131,180,152,28,2024-05-01,Current,54.85
LN100116,OH,SFR,Owner,Rate/Term Refi,Full,758,75.4,85.4,33.2,682000.0,673475.0,905000.0,6.987,360,355,5,2026-04-01,Current,74.42
LN100117,NC,SFR,Owner,Cash-Out Refi,Full,715,72.1,72.1,34.5,414000.0,414000.0,574000.0,7.378,360,360,0,2026-09-01,Current,72.13
LN100118,CA,SFR,Owner,Cash-Out Refi,Full,785,60.7,70.7,30.7,203000.0,200970.0,334000.0,6.487,360,356,4,2026-05-01,Current,60.17
LN100119,CA,SFR,Investor,Cash-Out Refi,Full,755,76.6,81.6,41.5,339000.0,311880.0,443000.0,6.523,360,328,32,2024-01-01,Current,70.4
LN100120,CA,SFR,Owner,Rate/Term Refi,Bank Statement,751,74.4,74.4,45.6,501000.0,465930.0,673000.0,6.665,180,152,28,2024-05-01,Current,69.23
LN100121,AZ,SFR,Owner,Purchase,Full,726,69.1,69.1,32.6,209000.0,201162.5,302000.0,7.261,240,225,15,2025-06-01,Current,66.61
LN100122,WA,SFR,Owner,Purchase,Full,743,78.8,78.8,24.6,205000.0,198850.0,260000.0,6.907,360,348,12,2025-09-01,Current,76.48
LN100123,TX,Condo,Owner,Rate/Term Refi,Full,672,57.0,57.0,36.0,437000.0,399855.0,767000.0,7.089,360,326,34,2023-11-01,Current,52.13
LN100124,CO,PUD,Owner,Purchase,Full,705,73.4,73.4,23.7,256000.0,245120.0,349000.0,7.013,180,163,17,2025-04-01,Current,70.23
LN100125,FL,PUD,Owner,Purchase,DSCR,762,79.2,89.2,30.5,535000.0,497550.0,676000.0,6.855,360,332,28,2024-05-01,Current,73.6
LN100126,GA,Condo,Owner,Cash-Out Refi,Full,667,77.4,82.4,45.3,231000.0,228690.0,298000.0,7.368,360,356,4,2026-05-01,Current,76.74
LN100127,NC,SFR,Owner,Purchase,Full,780,86.9,86.9,54.0,172000.0,165980.0,198000.0,6.461,180,166,14,2025-07-01,Current,83.83
LN100128,TX,Condo,Owner,Cash-Out Refi,Full,682,59.6,64.6,38.5,277000.0,258302.5,465000.0,7.01,360,333,27,2024-06-01,Current,55.55
LN100129,CA,PUD,Owner,Rate/Term Refi,Full,777,55.9,60.9,27.1,771000.0,705465.0,1379000.0,6.793,360,326,34,2023-11-01,Current,51.16
LN100130,AZ,SFR,Investor,Purchase,Full,716,76.9,76.9,41.8,266000.0,255360.0,346000.0,7.476,240,224,16,2025-05-01,Current,73.8
LN100131,CA,SFR,Owner,Purchase,DSCR,778,79.5,79.5,17.7,392000.0,376320.0,493000.0,6.748,360,344,16,2025-05-01,Current,76.33
LN100132,WA,SFR,Owner,Purchase,Full,753,97.0,100.0,30.0,439000.0,408270.0,453000.0,6.977,180,152,28,2024-05-01,Current,90.13
LN100133,CO,SFR,Owner,Rate/Term Refi,Full,690,81.4,81.4,47.7,256000.0,254080.0,314000.0,7.655,360,357,3,2026-06-01,Current,80.92
LN100134,CA,SFR,Owner,Purchase,Full,795,63.5,63.5,41.5,643000.0,623710.0,1013000.0,6.473,360,348,12,2025-09-01,Current,61.57
LN100135,GA,PUD,Second Home,Cash-Out Refi,Full,803,83.7,83.7,24.6,426000.0,418545.0,509000.0,6.383,360,353,7,2026-02-01,Current,82.23
LN100136,FL,SFR,Owner,Purchase,Full,745,63.9,63.9,22.3,481000.0,438912.5,753000.0,6.789,360,325,35,2023-10-01,Current,58.29
LN100137,AZ,SFR,Owner,Purchase,Full,738,56.2,56.2,42.4,184000.0,175260.0,327000.0,6.954,360,341,19,2025-02-01,Current,53.6
LN100138,IL,Condo,Owner,Purchase,Full,742,97.0,100.0,35.2,179000.0,174972.5,185000.0,7.548,360,351,9,2025-12-01,Current,94.58
LN100139,NC,SFR,Owner,Purchase,Full,711,77.9,77.9,30.8,114000.0,106305.0,146000.0,7.045,180,153,27,2024-06-01,Current,72.81
LN100140,NY,SFR,Owner,Purchase,Bank Statement,790,82.6,87.6,38.8,361000.0,347462.5,437000.0,6.868,360,345,15,2025-06-01,Current,79.51
LN100141,IL,SFR,Second Home,Purchase,Full,727,80.8,80.8,31.0,355000.0,345237.5,439000.0,7.016,180,169,11,2025-10-01,Current,78.64
LN100142,NY,SFR,Owner,Cash-Out Refi,DSCR,746,95.7,95.7,20.3,545000.0,521837.5,569000.0,7.409,180,163,17,2025-04-01,Current,91.71
LN100143,CA,SFR,Owner,Purchase,Bank Statement,718,77.4,77.4,42.0,769000.0,705557.5,994000.0,7.179,240,207,33,2023-12-01,Current,70.98
LN100144,AZ,SFR,Owner,Purchase,DSCR,724,88.6,98.6,30.4,351000.0,336082.5,396000.0,7.256,180,163,17,2025-04-01,Current,84.87
LN100145,CA,SFR,Second Home,Purchase,Full,699,61.7,61.7,27.6,349000.0,341147.5,566000.0,6.834,360,351,9,2025-12-01,Current,60.27
LN100146,FL,PUD,Owner,Rate/Term Refi,Full,796,57.3,57.3,24.9,482000.0,466335.0,841000.0,6.37,360,347,13,2025-08-01,Current,55.45
LN100147,GA,SFR,Owner,Purchase,Full,742,91.1,91.1,37.5,784000.0,715400.0,861000.0,7.031,360,325,35,2023-10-01,Current,83.09
LN100148,VA,SFR,Owner,Purchase,Full,785,91.7,100.0,29.1,272000.0,259760.0,297000.0,5.982,360,342,18,2025-03-01,Current,87.46
LN100149,NJ,SFR,Owner,Rate/Term Refi,Full,749,80.1,90.1,40.5,522000.0,491985.0,652000.0,7.166,240,217,23,2024-10-01,Current,75.46
LN100150,NC,SFR,Owner,Purchase,Bank Statement,722,76.7,76.7,33.4,352000.0,337040.0,459000.0,7.083,180,163,17,2025-04-01,Current,73.43
LN100151,PA,PUD,Owner,Purchase,Bank Statement,736,76.0,86.0,44.2,339000.0,316965.0,446000.0,6.944,360,334,26,2024-07-01,Current,71.07
LN100152,PA,PUD,Owner,Rate/Term Refi,DSCR,727,65.7,75.7,32.5,568000.0,548120.0,865000.0,6.858,360,346,14,2025-07-01,Current,63.37
LN100153,FL,SFR,Investor,Purchase,Bank Statement,748,92.5,97.5,30.3,276000.0,267030.0,298000.0,7.094,360,347,13,2025-08-01,Current,89.61
LN100154,CO,Condo,Investor,Purchase,Full,734,81.9,91.9,19.9,243000.0,235710.0,297000.0,7.124,360,348,12,2025-09-01,Current,79.36
LN100155,CA,Condo,Owner,Cash-Out Refi,Full,737,80.1,80.1,26.8,531000.0,505777.5,663000.0,6.711,360,341,19,2025-02-01,Current,76.29
LN100156,AZ,SFR,Owner,Purchase,Full,696,78.5,78.5,41.3,389000.0,358852.5,496000.0,7.29,180,149,31,2024-02-01,Current,72.35
LN100157,TX,SFR,Owner,Rate/Term Refi,Full,717,86.6,91.6,55.0,350000.0,339500.0,404000.0,7.242,180,168,12,2025-09-01,Current,84.03
LN100158,VA,SFR,Owner,Purchase,Full,811,80.1,85.1,25.6,371000.0,352450.0,463000.0,6.592,180,160,20,2025-01-01,Current,76.12
LN100159,CA,SFR,Owner,Purchase,Full,722,82.9,87.9,27.3,493000.0,470815.0,595000.0,6.786,180,162,18,2025-03-01,30,79.13
LN100160,CA,SFR,Owner,Purchase,DSCR,708,60.0,60.0,38.2,333000.0,329670.0,555000.0,6.968,180,176,4,2026-05-01,Current,59.4
LN100161,AZ,Condo,Owner,Purchase,Full,761,80.1,80.1,39.4,556000.0,514300.0,694000.0,6.573,180,150,30,2024-03-01,Current,74.11
LN100162,WA,SFR,Owner,Rate/Term Refi,Bank Statement,801,97.0,97.0,30.2,475000.0,460750.0,490000.0,6.899,180,168,12,2025-09-01,Current,94.03
LN100163,AZ,PUD,Owner,Rate/Term Refi,Full,693,67.8,67.8,36.2,768000.0,716160.0,1133000.0,7.49,240,213,27,2024-06-01,Current,63.21
LN100164,WA,SFR,Second Home,Cash-Out Refi,Full,740,72.5,72.5,22.8,697000.0,658665.0,961000.0,7.147,360,338,22,2024-11-01,Current,68.54
LN100165,CA,Condo,Owner,Rate/Term Refi,Full,724,84.7,84.7,33.2,580000.0,537950.0,685000.0,7.07,180,151,29,2024-04-01,Current,78.53
LN100166,WA,SFR,Owner,Purchase,Full,681,85.5,90.5,42.7,360000.0,345600.0,421000.0,7.287,180,164,16,2025-05-01,Current,82.09
LN100167,NY,PUD,Owner,Purchase,Bank Statement,776,81.5,81.5,48.6,415000.0,400475.0,509000.0,6.671,360,346,14,2025-07-01,Current,78.68
LN100168,CA,SFR,Owner,Rate/Term Refi,Full,747,54.6,64.6,34.2,302000.0,289165.0,553000.0,6.799,360,343,17,2025-04-01,Current,52.29
LN100169,NJ,Condo,Owner,Cash-Out Refi,Full,751,80.0,80.0,33.5,1423000.0,1387425.0,1779000.0,6.782,360,350,10,2025-11-01,Current,77.99
LN100170,NC,SFR,Owner,Purchase,Full,719,59.8,59.8,39.2,357000.0,332010.0,597000.0,6.804,360,332,28,2024-05-01,Current,55.61
LN100171,AZ,SFR,Owner,Purchase,Full,765,64.1,74.1,44.4,506000.0,479435.0,789000.0,6.091,360,339,21,2024-12-01,30,60.76
LN100172,FL,SFR,Owner,Purchase,Full,728,80.6,80.6,39.4,727000.0,696102.5,902000.0,6.881,180,163,17,2025-04-01,Current,77.17
LN100173,CA,PUD,Owner,Rate/Term Refi,Full,743,70.5,70.5,29.6,213000.0,194895.0,302000.0,6.706,240,206,34,2023-11-01,Current,64.53
LN100174,CA,SFR,Second Home,Rate/Term Refi,Full,706,83.7,83.7,38.4,272000.0,268600.0,325000.0,7.12,240,235,5,2026-04-01,Current,82.65
LN100175,VA,PUD,Owner,Purchase,Full,702,97.0,100.0,43.3,330000.0,309375.0,340000.0,7.703,240,215,25,2024-08-01,Current,90.99
LN100176,NY,PUD,Owner,Rate/Term Refi,Full,799,83.3,83.3,29.9,252000.0,234360.0,303000.0,6.359,360,332,28,2024-05-01,Current,77.35
LN100177,NY,SFR,Owner,Cash-Out Refi,Full,729,82.7,92.7,24.9,223000.0,218540.0,270000.0,6.78,360,352,8,2026-01-01,Current,80.94
LN100178,TX,SFR,Second Home,Purchase,Full,759,63.3,63.3,39.6,312000.0,306540.0,493000.0,6.875,180,173,7,2026-02-01,Current,62.18
LN100179,FL,2-4 Family,Owner,Purchase,Full,747,66.3,71.3,38.5,706000.0,656580.0,1065000.0,6.592,180,152,28,2024-05-01,Current,61.65
LN100180,AZ,SFR,Owner,Rate/Term Refi,Full,731,61.2,61.2,43.3,546000.0,511875.0,892000.0,6.836,180,155,25,2024-08-01,Current,57.39
LN100181,NY,Condo,Owner,Purchase,Full,729,67.6,67.6,36.3,401000.0,369922.5,593000.0,6.994,360,329,31,2024-02-01,Current,62.38
LN100182,NJ,SFR,Owner,Rate/Term Refi,Full,772,60.9,60.9,30.4,399000.0,380047.5,655000.0,6.63,360,341,19,2025-02-01,Current,58.02
LN100183,CA,SFR,Owner,Purchase,Full,737,66.1,66.1,32.1,187000.0,174845.0,283000.0,6.7,360,334,26,2024-07-01,Current,61.78
LN100184,CA,Condo,Owner,Purchase,Full,742,71.5,76.5,27.4,540000.0,521100.0,755000.0,7.136,240,226,14,2025-07-01,Current,69.02
LN100185,VA,SFR,Owner,Rate/Term Refi,Full,749,62.0,72.0,28.0,478000.0,446930.0,771000.0,7.14,360,334,26,2024-07-01,Current,57.97
LN100186,CA,SFR,Owner,Rate/Term Refi,Full,793,57.0,57.0,31.1,242000.0,226270.0,425000.0,6.218,360,334,26,2024-07-01,Current,53.24
LN100187,TX,PUD,Second Home,Purchase,Full,774,57.7,57.7,31.7,433000.0,407020.0,750000.0,6.516,360,336,24,2024-09-01,Current,54.27
LN100188,NC,SFR,Owner,Cash-Out Refi,Full,763,79.4,79.4,44.4,362000.0,332135.0,456000.0,7.094,360,327,33,2023-12-01,Current,72.84
LN100189,CA,Condo,Owner,Cash-Out Refi,Full,727,74.7,74.7,25.8,312000.0,296400.0,418000.0,6.984,180,160,20,2025-01-01,Current,70.91
LN100190,IL,2-4 Family,Owner,Cash-Out Refi,Bank Statement,695,86.3,86.3,35.2,253000.0,230862.5,293000.0,7.099,360,325,35,2023-10-01,Current,78.79
LN100191,TX,PUD,Second Home,Cash-Out Refi,Full,784,86.5,91.5,30.9,291000.0,280815.0,336000.0,6.706,360,346,14,2025-07-01,Current,83.58
LN100192,OH,SFR,Owner,Purchase,Full,785,69.9,74.9,47.4,258000.0,254775.0,369000.0,6.841,360,355,5,2026-04-01,Current,69.04
LN100193,IL,SFR,Owner,Purchase,Full,743,82.0,92.0,37.7,486000.0,455625.0,593000.0,6.77,360,335,25,2024-08-01,Current,76.83
LN100194,IL,Condo,Owner,Cash-Out Refi,Full,769,56.7,66.7,32.6,465000.0,447562.5,820000.0,6.664,240,225,15,2025-06-01,Current,54.58
LN100195,AZ,PUD,Owner,Purchase,Full,778,97.0,100.0,42.1,456000.0,438900.0,470000.0,7.044,240,225,15,2025-06-01,Current,93.38
LN100196,GA,PUD,Owner,Purchase,Bank Statement,780,88.3,93.3,36.1,364000.0,340340.0,412000.0,6.694,180,154,26,2024-07-01,Current,82.61
LN100197,TX,SFR,Owner,Purchase,Full,783,71.4,76.4,31.8,329000.0,324065.0,461000.0,6.803,360,354,6,2026-03-01,Current,70.3
LN100198,CA,SFR,Owner,Purchase,Bank Statement,731,60.0,65.0,47.8,990000.0,965250.0,1650000.0,7.026,360,350,10,2025-11-01,Current,58.5
LN100199,WA,SFR,Owner,Purchase,Full,806,78.6,83.6,41.3,171000.0,157320.0,218000.0,6.842,360,328,32,2024-01-01,Current,72.17
LN100200,NY,SFR,Owner,Cash-Out Refi,Bank Statement,701,51.6,51.6,49.4,677000.0,627917.5,1312000.0,7.186,360,331,29,2024-04-01,Current,47.86
LN100201,CA,SFR,Investor,Purchase,Full,781,64.6,64.6,44.8,463000.0,425960.0,717000.0,6.247,360,328,32,2024-01-01,Current,59.41
LN100202,NC,SFR,Owner,Purchase,Full,767,83.0,88.0,41.8,407000.0,377492.5,490000.0,7.095,180,151,29,2024-04-01,Current,77.04
LN100203,NC,SFR,Owner,Rate/Term Refi,Full,781,74.9,74.9,36.7,314000.0,310860.0,419000.0,6.854,360,356,4,2026-05-01,Current,74.19
LN100204,PA,Condo,Owner,Cash-Out Refi,Full,819,68.1,68.1,27.0,358000.0,349945.0,526000.0,6.654,360,351,9,2025-12-01,Current,66.53
LN100205,OH,SFR,Owner,Rate/Term Refi,Full,804,85.4,90.4,41.3,232000.0,215760.0,272000.0,6.473,180,152,28,2024-05-01,Current,79.32
LN100206,TX,SFR,Owner,Purchase,Full,704,61.5,66.5,36.2,211000.0,196230.0,343000.0,7.26,360,332,28,2024-05-01,Current,57.21
LN100207,FL,PUD,Owner,Purchase,Full,684,77.4,77.4,41.0,376000.0,355320.0,486000.0,7.41,180,158,22,2024-11-01,Current,73.11
LN100208,NC,SFR,Owner,Cash-Out Refi,Full,779,68.0,68.0,35.6,187000.0,173442.5,275000.0,6.374,360,331,29,2024-04-01,Current,63.07
LN100209,CA,Condo,Owner,Rate/Term Refi,Full,709,63.8,68.8,30.1,576000.0,560160.0,903000.0,7.343,360,349,11,2025-10-01,Current,62.03
LN100210,NJ,SFR,Owner,Purchase,Full,748,79.6,79.6,27.6,652000.0,643850.0,819000.0,6.768,360,355,5,2026-04-01,Current,78.61
LN100211,AZ,Condo,Investor,Rate/Term Refi,DSCR,780,62.1,62.1,41.2,84000.0,81690.0,135000.0,6.344,240,229,11,2025-10-01,Current,60.51
LN100212,TX,Condo,Owner,Rate/Term Refi,Full,686,96.8,96.8,45.9,196000.0,183260.0,202000.0,7.598,180,154,26,2024-07-01,60,90.72
LN100213,VA,SFR,Owner,Purchase,Full,668,67.0,67.0,33.4,447000.0,441412.5,667000.0,7.165,360,355,5,2026-04-01,Current,66.18
LN100214,NY,SFR,Second Home,Rate/Term Refi,DSCR,758,97.0,97.0,39.3,435000.0,413250.0,448000.0,7.159,180,160,20,2025-01-01,Current,92.24
LN100215,TX,Condo,Owner,Purchase,Full,750,60.9,70.9,46.6,415000.0,398400.0,681000.0,6.699,360,344,16,2025-05-01,Current,58.5
LN100216,NJ,SFR,Investor,Cash-Out Refi,Full,739,81.3,81.3,29.0,478000.0,442150.0,588000.0,7.097,360,330,30,2024-03-01,Current,75.2
LN100217,MA,2-4 Family,Owner,Rate/Term Refi,Full,749,59.6,59.6,32.9,553000.0,543322.5,928000.0,6.95,360,353,7,2026-02-01,Current,58.55
LN100218,CA,SFR,Owner,Purchase,Full,715,57.9,62.9,26.8,584000.0,553340.0,1009000.0,6.931,240,219,21,2024-12-01,Current,54.84
LN100219,OH,SFR,Owner,Purchase,Full,690,75.9,75.9,45.0,884000.0,830960.0,1165000.0,7.48,360,336,24,2024-09-01,Current,71.33
LN100220,CA,SFR,Owner,Cash-Out Refi,Bank Statement,742,82.1,82.1,37.7,400000.0,366000.0,487000.0,7.225,360,326,34,2023-11-01,Current,75.15
LN100221,CO,Condo,Owner,Purchase,Full,711,58.7,58.7,32.0,583000.0,533445.0,993000.0,6.768,360,326,34,2023-11-01,30,53.72
LN100222,NY,SFR,Owner,Cash-Out Refi,Full,686,88.2,88.2,22.5,190000.0,183825.0,215000.0,7.624,360,347,13,2025-08-01,Current,85.5
LN100223,VA,SFR,Owner,Cash-Out Refi,Bank Statement,767,64.4,74.4,34.2,373000.0,363675.0,579000.0,6.842,360,350,10,2025-11-01,Current,62.81
LN100224,PA,PUD,Owner,Purchase,Full,746,75.6,80.6,43.6,228000.0,213750.0,302000.0,6.963,180,155,25,2024-08-01,Current,70.78
LN100225,CA,SFR,Owner,Cash-Out Refi,Full,763,78.6,78.6,33.3,740000.0,723350.0,941000.0,7.129,360,351,9,2025-12-01,Current,76.87
LN100226,NY,SFR,Owner,Purchase,Full,710,81.1,81.1,32.3,1131000.0,1097070.0,1395000.0,7.603,360,348,12,2025-09-01,Current,78.64
LN100227,VA,SFR,Owner,Rate/Term Refi,Full,723,52.4,57.4,40.8,505000.0,482275.0,964000.0,7.021,360,342,18,2025-03-01,Current,50.03
LN100228,FL,SFR,Investor,Purchase,Full,710,93.4,100.0,25.9,220000.0,204050.0,236000.0,6.968,360,331,29,2024-04-01,Current,86.46
LN100229,CA,SFR,Second Home,Cash-Out Refi,Full,714,80.7,90.7,36.1,376000.0,372240.0,466000.0,7.281,360,356,4,2026-05-01,Current,79.88
LN100230,NY,SFR,Second Home,Rate/Term Refi,DSCR,755,68.9,68.9,40.4,401000.0,371927.5,582000.0,6.778,180,151,29,2024-04-01,Current,63.91
LN100231,CA,SFR,Owner,Purchase,Full,718,61.7,61.7,29.5,433000.0,427587.5,702000.0,6.894,180,175,5,2026-04-01,Current,60.91
LN100232,CA,SFR,Owner,Purchase,Full,762,53.7,58.7,29.1,646000.0,631465.0,1203000.0,6.699,360,351,9,2025-12-01,Current,52.49
LN100233,VA,SFR,Owner,Rate/Term Refi,Full,761,57.7,57.7,37.7,608000.0,598880.0,1054000.0,6.582,360,354,6,2026-03-01,Current,56.82
LN100234,NJ,2-4 Family,Owner,Cash-Out Refi,Full,825,80.5,80.5,34.9,120000.0,119100.0,149000.0,6.901,360,357,3,2026-06-01,Current,79.93
LN100235,GA,PUD,Owner,Purchase,Full,695,69.9,69.9,33.8,732000.0,678930.0,1047000.0,7.247,180,151,29,2024-04-01,Current,64.85
LN100236,CA,SFR,Owner,Cash-Out Refi,Full,782,60.4,60.4,37.3,317000.0,314622.5,525000.0,6.568,360,357,3,2026-06-01,Current,59.93
LN100237,AZ,PUD,Owner,Cash-Out Refi,Full,745,67.7,67.7,37.5,308000.0,294140.0,455000.0,7.048,240,222,18,2025-03-01,Current,64.65
LN100238,NY,SFR,Owner,Purchase,Full,747,92.8,92.8,28.3,749000.0,685335.0,807000.0,7.291,360,326,34,2023-11-01,Current,84.92
LN100239,CO,2-4 Family,Investor,Purchase,Full,693,70.0,75.0,30.4,351000.0,326430.0,501000.0,7.48,360,332,28,2024-05-01,Current,65.16
LN100240,FL,SFR,Owner,Purchase,Bank Statement,731,67.0,67.0,39.3,214000.0,209720.0,319000.0,7.089,360,352,8,2026-01-01,Current,65.74
LN100241,TX,SFR,Owner,Purchase,Full,776,90.2,90.2,44.6,218000.0,202195.0,242000.0,6.889,360,331,29,2024-04-01,Current,83.55
LN100242,MA,SFR,Owner,Purchase,Full,745,79.5,79.5,46.5,406000.0,392805.0,511000.0,7.009,180,167,13,2025-08-01,Current,76.87
LN100243,CO,SFR,Owner,Cash-Out Refi,Full,751,74.5,84.5,29.0,596000.0,581100.0,800000.0,6.367,180,170,10,2025-11-01,Current,72.64
LN100244,AZ,SFR,Owner,Purchase,Bank Statement,737,66.7,66.7,44.4,778000.0,754660.0,1166000.0,6.541,180,168,12,2025-09-01,Current,64.72
LN100245,IL,SFR,Second Home,Purchase,Full,792,55.4,60.4,41.7,367000.0,361495.0,662000.0,6.705,360,354,6,2026-03-01,Current,54.61
LN100246,TX,SFR,Owner,Rate/Term Refi,Full,747,60.0,65.0,35.5,321000.0,298530.0,535000.0,6.69,360,332,28,2024-05-01,Current,55.8
LN100247,NY,SFR,Owner,Rate/Term Refi,Full,664,68.2,68.2,39.6,822000.0,817890.0,1205000.0,7.789,240,238,2,2026-07-01,Current,67.87
LN100248,MA,SFR,Investor,Purchase,Full,722,71.4,71.4,42.3,322000.0,321195.0,451000.0,7.47,360,359,1,2026-08-01,Current,71.22
LN100249,VA,Condo,Owner,Purchase,Full,673,78.3,78.3,49.9,763000.0,713405.0,974000.0,7.093,360,334,26,2024-07-01,Current,73.24
LN100250,CA,2-4 Family,Owner,Purchase,Full,624,80.6,90.6,27.3,440000.0,431200.0,546000.0,7.789,360,352,8,2026-01-01,Current,78.97
LN100251,GA,SFR,Owner,Cash-Out Refi,Full,728,76.7,76.7,40.5,441000.0,420052.5,575000.0,7.75,360,341,19,2025-02-01,60,73.05
LN100252,CO,SFR,Owner,Purchase,Bank Statement,799,76.6,86.6,34.6,356000.0,325740.0,465000.0,6.433,360,326,34,2023-11-01,Current,70.05
LN100253,AZ,PUD,Second Home,Purchase,DSCR,750,61.9,71.9,34.1,453000.0,419025.0,732000.0,6.866,360,330,30,2024-03-01,Current,57.24
LN100254,TX,SFR,Owner,Purchase,Full,703,48.1,53.1,44.8,321000.0,316185.0,667000.0,6.859,360,354,6,2026-03-01,Current,47.4
LN100255,OH,SFR,Owner,Purchase,Full,712,67.7,77.7,42.2,292000.0,275210.0,431000.0,6.998,180,157,23,2024-10-01,Current,63.85
LN100256,WA,SFR,Owner,Purchase,DSCR,791,62.6,62.6,27.7,373000.0,357147.5,596000.0,6.464,240,223,17,2025-04-01,Current,59.92
LN100257,NJ,SFR,Owner,Rate/Term Refi,Full,754,66.2,66.2,33.5,296000.0,291560.0,447000.0,6.786,240,234,6,2026-03-01,Current,65.23
LN100258,CA,Condo,Investor,Purchase,Full,750,70.7,75.7,37.5,454000.0,416545.0,642000.0,7.044,360,327,33,2023-12-01,Current,64.88
LN100259,IL,PUD,Owner,Purchase,Bank Statement,746,59.1,64.1,24.5,412000.0,394490.0,697000.0,6.572,240,223,17,2025-04-01,Current,56.6
LN100260,TX,SFR,Owner,Purchase,Full,749,60.7,65.7,42.6,352000.0,346720.0,580000.0,6.887,180,174,6,2026-03-01,Current,59.78
LN100261,FL,2-4 Family,Owner,Rate/Term Refi,Full,779,72.8,77.8,35.1,362000.0,349330.0,497000.0,6.535,360,346,14,2025-07-01,Current,70.29
LN100262,FL,SFR,Owner,Purchase,Full,769,75.4,75.4,37.0,358000.0,351735.0,475000.0,6.919,360,353,7,2026-02-01,Current,74.05
LN100263,WA,PUD,Investor,Purchase,Full,756,66.1,66.1,38.4,867000.0,858330.0,1312000.0,6.854,360,356,4,2026-05-01,Current,65.42
LN100264,CA,PUD,Owner,Rate/Term Refi,Full,708,80.0,80.0,50.1,395000.0,390062.5,494000.0,7.016,240,235,5,2026-04-01,Current,78.96
LN100265,NY,SFR,Owner,Rate/Term Refi,Full,767,71.4,71.4,36.0,303000.0,299212.5,424000.0,6.798,360,355,5,2026-04-01,Current,70.57
LN100266,TX,PUD,Owner,Purchase,Full,722,61.8,61.8,32.9,347000.0,336590.0,561000.0,6.76,360,348,12,2025-09-01,Current,60.0
LN100267,CO,SFR,Owner,Purchase,Bank Statement,790,74.5,79.5,49.5,534000.0,500625.0,717000.0,6.452,360,335,25,2024-08-01,Current,69.82
LN100268,TX,PUD,Owner,Purchase,Full,700,96.6,96.6,31.8,362000.0,342090.0,375000.0,7.701,240,218,22,2024-11-01,Current,91.22
LN100269,FL,SFR,Owner,Purchase,Full,743,65.9,75.9,31.6,370000.0,348725.0,561000.0,6.412,360,337,23,2024-10-01,Current,62.16
LN100270,TX,SFR,Owner,Purchase,Full,748,88.0,98.0,24.8,353000.0,336232.5,401000.0,7.18,240,221,19,2025-02-01,Current,83.85
LN100271,OH,SFR,Owner,Purchase,Full,698,90.5,100.0,44.3,427000.0,410987.5,472000.0,7.541,360,345,15,2025-06-01,Current,87.07
LN100272,CA,PUD,Owner,Cash-Out Refi,DSCR,813,92.0,92.0,37.9,472000.0,457840.0,513000.0,6.551,180,168,12,2025-09-01,Current,89.25
LN100273,CA,PUD,Owner,Purchase,Full,803,64.1,64.1,39.5,484000.0,479160.0,755000.0,6.739,360,356,4,2026-05-01,Current,63.46
LN100274,VA,SFR,Second Home,Cash-Out Refi,Full,730,97.0,97.0,37.1,190000.0,184775.0,196000.0,7.463,180,169,11,2025-10-01,Current,94.27
LN100275,FL,SFR,Owner,Purchase,Full,777,75.4,75.4,34.7,245000.0,239487.5,325000.0,6.43,360,351,9,2025-12-01,Current,73.69
LN100276,NC,SFR,Owner,Rate/Term Refi,Full,762,71.0,71.0,29.5,121000.0,111622.5,170000.0,6.917,360,329,31,2024-02-01,Current,65.66
LN100277,CA,PUD,Owner,Purchase,Full,649,71.2,71.2,29.6,568000.0,546700.0,798000.0,7.584,360,345,15,2025-06-01,Current,68.51
LN100278,CA,SFR,Owner,Purchase,Full,758,81.2,81.2,39.2,652000.0,650370.0,803000.0,6.737,180,179,1,2026-08-01,Current,80.99
LN100279,WA,SFR,Owner,Purchase,Bank Statement,746,74.6,74.6,36.7,711000.0,664785.0,953000.0,7.062,360,334,26,2024-07-01,Current,69.76
LN100280,CA,SFR,Owner,Purchase,Full,751,71.9,71.9,48.7,422000.0,412505.0,587000.0,7.047,180,171,9,2025-12-01,Current,70.27
LN100281,TX,SFR,Owner,Purchase,Full,707,89.4,99.4,29.7,664000.0,640760.0,743000.0,7.13,360,346,14,2025-07-01,Current,86.24
LN100282,FL,SFR,Investor,Purchase,Full,738,65.3,65.3,31.9,389000.0,380247.5,596000.0,6.394,240,231,9,2025-12-01,Current,63.8
LN100283,AZ,SFR,Owner,Purchase,Full,741,61.5,61.5,27.7,375000.0,349687.5,610000.0,6.919,360,333,27,2024-06-01,30,57.33
LN100284,CA,PUD,Owner,Purchase,DSCR,793,83.5,83.5,46.7,198000.0,181665.0,237000.0,6.549,360,327,33,2023-12-01,Current,76.65
LN100285,CA,PUD,Owner,Purchase,DSCR,761,82.4,92.4,26.0,279000.0,269932.5,339000.0,6.493,180,167,13,2025-08-01,Current,79.63
LN100286,FL,2-4 Family,Owner,Rate/Term Refi,Full,748,87.1,87.1,41.9,303000.0,293152.5,348000.0,6.942,180,167,13,2025-08-01,Current,84.24
LN100287,CO,SFR,Owner,Cash-Out Refi,Bank Statement,806,61.1,61.1,47.2,599000.0,567552.5,980000.0,5.85,360,339,21,2024-12-01,Current,57.91
LN100288,GA,SFR,Owner,Purchase,Full,727,87.0,92.0,34.7,835000.0,774462.5,960000.0,7.078,180,151,29,2024-04-01,Current,80.67
LN100289,WA,Condo,Owner,Purchase,Bank Statement,733,79.8,89.8,41.5,321000.0,300135.0,402000.0,7.416,360,334,26,2024-07-01,Current,74.66
LN100290,TX,PUD,Owner,Cash-Out Refi,Full,679,95.2,100.0,18.9,468000.0,455130.0,492000.0,6.839,240,229,11,2025-10-01,Current,92.51
LN100291,MA,PUD,Owner,Purchase,Full,808,59.0,59.0,32.7,448000.0,431200.0,759000.0,6.505,360,345,15,2025-06-01,Current,56.81
LN100292,TX,SFR,Owner,Purchase,Full,785,76.6,86.6,22.7,280000.0,272300.0,366000.0,6.484,360,349,11,2025-10-01,Current,74.4
LN100293,GA,2-4 Family,Owner,Rate/Term Refi,Full,783,70.7,80.7,37.1,183000.0,175680.0,259000.0,6.561,360,344,16,2025-05-01,Current,67.83
LN100294,GA,SFR,Owner,Purchase,Full,773,54.9,64.9,35.9,282000.0,258030.0,514000.0,6.342,360,326,34,2023-11-01,Current,50.2
LN100295,CO,SFR,Owner,Purchase,Full,752,65.4,65.4,29.7,207000.0,206482.5,317000.0,6.949,360,359,1,2026-08-01,Current,65.14
LN100296,IL,SFR,Investor,Purchase,DSCR,756,87.5,87.5,43.3,343000.0,326707.5,392000.0,6.989,360,341,19,2025-02-01,Current,83.34
LN100297,CA,SFR,Owner,Purchase,Full,738,68.4,73.4,38.6,371000.0,367290.0,542000.0,6.719,180,176,4,2026-05-01,Current,67.77
LN100298,WA,PUD,Investor,Purchase,Full,740,65.3,65.3,31.6,365000.0,348575.0,559000.0,6.548,360,342,18,2025-03-01,Current,62.36
LN100299,CA,SFR,Owner,Purchase,Full,750,84.4,84.4,31.7,367000.0,344980.0,435000.0,6.893,180,156,24,2024-09-01,Current,79.31
LN100300,OH,SFR,Owner,Purchase,Full,805,85.9,95.9,24.2,492000.0,479700.0,573000.0,6.961,180,170,10,2025-11-01,Current,83.72
LN100301,IL,SFR,Owner,Cash-Out Refi,Full,769,85.8,85.8,34.3,260000.0,258050.0,303000.0,6.601,360,357,3,2026-06-01,Current,85.17
LN100302,NY,SFR,Owner,Rate/Term Refi,Full,746,64.5,69.5,52.6,590000.0,563450.0,915000.0,6.922,240,222,18,2025-03-01,Current,61.58
LN100303,OH,PUD,Owner,Cash-Out Refi,Full,726,73.3,73.3,30.2,187000.0,184195.0,255000.0,7.111,240,234,6,2026-03-01,Current,72.23
LN100304,VA,SFR,Owner,Purchase,Full,724,86.4,86.4,39.1,407000.0,381562.5,471000.0,6.686,360,335,25,2024-08-01,Current,81.01
LN100305,TX,SFR,Owner,Purchase,Full,809,66.1,76.1,31.5,471000.0,450982.5,713000.0,6.727,180,163,17,2025-04-01,Current,63.25
LN100306,OH,2-4 Family,Owner,Purchase,Full,767,65.0,70.0,42.1,277000.0,262457.5,426000.0,6.691,360,339,21,2024-12-01,Current,61.61
LN100307,MA,2-4 Family,Owner,Purchase,Full,751,83.9,93.9,39.3,193000.0,177077.5,230000.0,7.528,360,327,33,2023-12-01,60,76.99
LN100308,CA,SFR,Owner,Cash-Out Refi,DSCR,735,92.7,92.7,34.0,527000.0,512507.5,569000.0,7.592,180,169,11,2025-10-01,30,90.07
LN100309,NY,PUD,Owner,Cash-Out Refi,Full,706,60.2,65.2,21.7,292000.0,266450.0,485000.0,6.958,360,325,35,2023-10-01,Current,54.94
LN100310,FL,SFR,Owner,Purchase,Bank Statement,745,42.8,52.8,31.7,562000.0,546545.0,1313000.0,6.573,360,349,11,2025-10-01,Current,41.63
LN100311,WA,SFR,Owner,Purchase,Full,781,56.6,56.6,45.3,559000.0,521267.5,988000.0,6.288,360,333,27,2024-06-01,Current,52.76
LN100312,AZ,SFR,Owner,Purchase,Full,733,61.9,61.9,33.9,394000.0,369375.0,637000.0,6.539,240,215,25,2024-08-01,Current,57.99
LN100313,FL,SFR,Owner,Purchase,Full,739,72.3,72.3,40.8,395000.0,382162.5,546000.0,7.135,180,167,13,2025-08-01,Current,69.99
LN100314,CO,2-4 Family,Owner,Cash-Out Refi,Full,740,81.4,81.4,32.0,616000.0,569800.0,757000.0,6.965,240,210,30,2024-03-01,Current,75.27
LN100315,AZ,SFR,Owner,Rate/Term Refi,Full,752,72.2,82.2,21.0,468000.0,460980.0,648000.0,6.764,360,354,6,2026-03-01,Current,71.14
LN100316,IL,SFR,Owner,Cash-Out Refi,Full,687,65.6,65.6,39.2,260000.0,243100.0,396000.0,7.145,180,154,26,2024-07-01,Current,61.39
LN100317,CA,SFR,Owner,Purchase,Full,739,75.8,80.8,38.3,426000.0,411090.0,562000.0,7.142,360,346,14,2025-07-01,Current,73.15
LN100318,TX,SFR,Owner,Cash-Out Refi,Full,716,62.5,67.5,31.2,507000.0,471510.0,811000.0,7.211,360,332,28,2024-05-01,Current,58.14
LN100319,FL,2-4 Family,Owner,Purchase,Full,782,73.4,78.4,32.9,433000.0,430835.0,590000.0,6.695,360,358,2,2026-07-01,Current,73.02
LN100320,NC,SFR,Owner,Purchase,Full,719,66.3,66.3,38.1,431000.0,397597.5,650000.0,6.954,240,209,31,2024-02-01,Current,61.17
LN100321,FL,SFR,Owner,Cash-Out Refi,Full,770,97.0,100.0,31.1,370000.0,360750.0,381000.0,7.028,240,230,10,2025-11-01,Current,94.69
LN100322,TX,PUD,Owner,Rate/Term Refi,Full,806,83.8,83.8,38.5,375000.0,374062.5,447000.0,7.159,360,359,1,2026-08-01,Current,83.68
LN100323,CA,SFR,Owner,Purchase,Full,736,64.0,64.0,34.2,260000.0,243750.0,406000.0,6.37,180,155,25,2024-08-01,Current,60.04
LN100324,CO,SFR,Owner,Rate/Term Refi,Full,725,62.0,72.0,17.2,208000.0,207480.0,335000.0,6.64,180,179,1,2026-08-01,Current,61.93
LN100325,FL,SFR,Owner,Purchase,Full,755,68.7,73.7,34.7,655000.0,618975.0,953000.0,6.925,180,158,22,2024-11-01,Current,64.95
LN100326,IL,SFR,Owner,Purchase,Full,748,54.3,54.3,31.1,297000.0,291060.0,547000.0,6.744,240,232,8,2026-01-01,Current,53.21
LN100327,VA,SFR,Owner,Purchase,Full,710,65.2,70.2,29.2,437000.0,400947.5,670000.0,7.345,180,147,33,2023-12-01,Current,59.84
LN100328,AZ,SFR,Owner,Purchase,Full,766,65.1,65.1,39.0,202000.0,192405.0,310000.0,7.028,360,341,19,2025-02-01,Current,62.07
LN100329,TX,SFR,Owner,Cash-Out Refi,Full,825,84.6,89.6,31.9,424000.0,412340.0,501000.0,7.032,360,349,11,2025-10-01,Current,82.3
LN100330,TX,SFR,Owner,Purchase,DSCR,738,68.9,78.9,40.1,273000.0,260715.0,396000.0,6.719,360,342,18,2025-03-01,Current,65.84
LN100331,AZ,SFR,Owner,Purchase,Full,740,64.5,64.5,44.5,1495000.0,1438937.5,2318000.0,7.008,360,345,15,2025-06-01,Current,62.08
LN100332,NJ,2-4 Family,Owner,Purchase,Full,708,57.9,57.9,36.9,251000.0,237195.0,434000.0,6.926,240,218,22,2024-11-01,Current,54.65
LN100333,CA,SFR,Owner,Purchase,Full,760,59.9,64.9,23.6,257000.0,240295.0,429000.0,6.929,360,334,26,2024-07-01,Current,56.01
LN100334,FL,SFR,Investor,Purchase,Bank Statement,701,73.2,73.2,30.0,603000.0,593955.0,824000.0,7.225,180,174,6,2026-03-01,Current,72.08
LN100335,CA,SFR,Owner,Cash-Out Refi,Full,706,71.4,81.4,43.0,658000.0,643195.0,922000.0,7.348,360,351,9,2025-12-01,Current,69.76
LN100336,CA,SFR,Investor,Rate/Term Refi,Full,797,87.6,92.6,33.8,154000.0,153230.0,176000.0,6.566,360,358,2,2026-07-01,Current,87.06
LN100337,CO,Condo,Owner,Purchase,DSCR,714,66.5,71.5,29.4,443000.0,434140.0,666000.0,7.075,240,232,8,2026-01-01,Current,65.19
LN100338,FL,PUD,Owner,Purchase,Full,789,86.7,96.7,35.1,586000.0,578675.0,676000.0,6.661,180,175,5,2026-04-01,Current,85.6
LN100339,FL,PUD,Owner,Purchase,Bank Statement,806,77.1,77.1,39.8,229000.0,208962.5,297000.0,6.525,360,325,35,2023-10-01,Current,70.36
LN100340,NJ,SFR,Owner,Rate/Term Refi,Full,758,73.9,73.9,37.9,537000.0,502095.0,727000.0,6.733,180,154,26,2024-07-01,Current,69.06
LN100341,CA,SFR,Investor,Purchase,Full,769,49.9,59.9,40.9,312000.0,302640.0,625000.0,6.286,360,348,12,2025-09-01,Current,48.42
LN100342,TX,PUD,Investor,Cash-Out Refi,Full,822,58.5,58.5,29.3,253000.0,241615.0,432000.0,6.58,360,342,18,2025-03-01,Current,55.93
LN100343,CA,SFR,Owner,Purchase,Full,741,82.9,82.9,33.7,338000.0,311805.0,408000.0,7.109,360,329,31,2024-02-01,Current,76.42
LN100344,CA,SFR,Owner,Cash-Out Refi,DSCR,725,90.8,90.8,33.8,321000.0,307357.5,354000.0,7.479,360,343,17,2025-04-01,Current,86.82
LN100345,IL,Condo,Owner,Cash-Out Refi,Bank Statement,697,76.5,76.5,35.7,212000.0,204580.0,277000.0,6.993,360,346,14,2025-07-01,Current,73.86
LN100346,TX,Condo,Owner,Purchase,Full,750,83.2,83.2,19.3,1076000.0,995300.0,1293000.0,6.507,360,330,30,2024-03-01,Current,76.98
LN100347,CO,PUD,Owner,Cash-Out Refi,DSCR,804,69.1,79.1,34.0,322000.0,296240.0,466000.0,6.363,360,328,32,2024-01-01,Current,63.57
LN100348,CA,SFR,Owner,Purchase,Full,784,69.5,69.5,25.2,283000.0,267435.0,407000.0,6.608,360,338,22,2024-11-01,Current,65.71
LN100349,CA,SFR,Owner,Cash-Out Refi,Bank Statement,712,66.0,66.0,46.8,579000.0,537022.5,877000.0,7.235,180,151,29,2024-04-01,Current,61.23
LN100350,NC,SFR,Owner,Purchase,Full,715,85.7,95.7,48.1,383000.0,365765.0,447000.0,7.48,360,342,18,2025-03-01,Current,81.83
LN100351,CA,SFR,Owner,Rate/Term Refi,Bank Statement,729,78.1,78.1,49.1,718000.0,700050.0,919000.0,7.36,360,350,10,2025-11-01,Current,76.18
LN100352,WA,SFR,Investor,Rate/Term Refi,Full,759,71.2,71.2,42.2,351000.0,347490.0,493000.0,7.189,360,356,4,2026-05-01,Current,70.48
LN100353,CA,SFR,Owner,Purchase,Full,740,70.1,80.1,32.0,462000.0,460845.0,659000.0,7.094,360,359,1,2026-08-01,Current,69.93
LN100354,OH,SFR,Owner,Purchase,Bank Statement,756,80.7,80.7,43.4,412000.0,394490.0,511000.0,6.952,360,343,17,2025-04-01,Current,77.2
LN100355,MA,SFR,Owner,Purchase,Full,759,77.9,82.9,34.3,426000.0,401505.0,547000.0,6.692,360,337,23,2024-10-01,Current,73.4
LN100356,CA,PUD,Owner,Purchase,Full,737,64.0,69.0,40.7,360000.0,328500.0,562000.0,7.04,360,325,35,2023-10-01,60,58.45
LN100357,OH,SFR,Owner,Cash-Out Refi,Bank Statement,746,94.6,94.6,28.7,377000.0,365690.0,399000.0,7.001,360,348,12,2025-09-01,Current,91.65
LN100358,WA,SFR,Owner,Purchase,Full,756,77.1,77.1,31.2,836000.0,819280.0,1084000.0,6.692,360,352,8,2026-01-01,Current,75.58
LN100359,NC,SFR,Second Home,Cash-Out Refi,Full,745,74.1,74.1,39.5,292000.0,283970.0,394000.0,7.069,240,229,11,2025-10-01,Current,72.07
LN100360,NJ,SFR,Owner,Cash-Out Refi,Full,767,91.7,91.7,49.9,310000.0,284425.0,338000.0,7.023,360,327,33,2023-12-01,Current,84.15
LN100361,NY,Condo,Owner,Cash-Out Refi,Bank Statement,819,86.3,96.3,35.7,339000.0,317812.5,393000.0,6.813,240,215,25,2024-08-01,Current,80.87
LN100362,NY,SFR,Owner,Purchase,DSCR,770,72.9,72.9,53.7,510000.0,506175.0,700000.0,6.588,240,237,3,2026-06-01,Current,72.31
LN100363,FL,PUD,Owner,Rate/Term Refi,Full,750,80.4,90.4,55.0,473000.0,456445.0,588000.0,7.245,360,346,14,2025-07-01,Current,77.63
LN100364,AZ,Condo,Investor,Rate/Term Refi,Bank Statement,684,61.2,66.2,25.7,600000.0,583500.0,980000.0,7.25,240,229,11,2025-10-01,Current,59.54
LN100365,CA,SFR,Second Home,Cash-Out Refi,DSCR,763,66.3,66.3,35.6,217000.0,212117.5,327000.0,6.698,360,351,9,2025-12-01,Current,64.87
LN100366,CO,Condo,Investor,Cash-Out Refi,Full,674,46.9,46.9,28.3,444000.0,439560.0,947000.0,6.894,360,356,4,2026-05-01,Current,46.42
LN100367,NC,SFR,Owner,Rate/Term Refi,Full,694,88.6,88.6,34.8,365000.0,337625.0,412000.0,7.112,360,330,30,2024-03-01,Current,81.95
LN100368,CO,Condo,Owner,Rate/Term Refi,Full,780,51.2,61.2,31.6,348000.0,323640.0,680000.0,6.152,360,332,28,2024-05-01,Current,47.59
LN100369,AZ,PUD,Owner,Purchase,Full,775,82.2,87.2,35.3,425000.0,395250.0,517000.0,7.17,180,152,28,2024-05-01,Current,76.45
LN100370,TX,SFR,Owner,Rate/Term Refi,Full,742,64.0,64.0,43.5,164000.0,152520.0,256000.0,6.494,360,332,28,2024-05-01,Current,59.58
LN100371,CO,Condo,Owner,Cash-Out Refi,Full,683,62.3,62.3,43.3,446000.0,413665.0,716000.0,7.334,180,151,29,2024-04-01,Current,57.77
LN100372,FL,SFR,Owner,Purchase,Full,734,71.7,71.7,37.9,421000.0,412580.0,587000.0,6.907,240,232,8,2026-01-01,Current,70.29
LN100373,AZ,SFR,Owner,Rate/Term Refi,Full,722,77.2,77.2,35.9,209000.0,203252.5,271000.0,6.953,240,229,11,2025-10-01,Current,75.0
LN100374,TX,SFR,Owner,Rate/Term Refi,Full,772,81.3,81.3,36.8,379000.0,379000.0,466000.0,6.719,360,360,0,2026-09-01,Current,81.33
LN100375,TX,SFR,Owner,Purchase,Full,830,95.3,95.3,36.9,789000.0,719962.5,828000.0,6.604,360,325,35,2023-10-01,Current,86.95
LN100376,AZ,SFR,Owner,Purchase,Full,756,78.3,78.3,40.4,332000.0,308760.0,424000.0,7.123,240,212,28,2024-05-01,Current,72.82
LN100377,CA,PUD,Owner,Rate/Term Refi,Full,718,84.6,94.6,35.9,515000.0,491825.0,609000.0,7.331,360,342,18,2025-03-01,Current,80.76
LN100378,NJ,PUD,Owner,Purchase,Full,704,66.8,66.8,39.9,357000.0,351645.0,534000.0,7.098,240,234,6,2026-03-01,Current,65.85
LN100379,NJ,SFR,Owner,Rate/Term Refi,Full,746,82.6,87.6,25.5,275000.0,267437.5,333000.0,6.668,360,349,11,2025-10-01,Current,80.31
LN100380,WA,PUD,Owner,Cash-Out Refi,Full,741,75.8,75.8,42.1,262000.0,246935.0,346000.0,6.529,360,372,-12,2024-10-01,Current,71.37
LN100381,TX,Condo,Owner,Rate/Term Refi,Full,704,68.4,68.4,49.7,331000.0,326862.5,484000.0,7.573,360,355,5,2026-04-01,Current,67.53
LN100382,FL,PUD,Second Home,Purchase,Full,752,72.8,77.8,37.3,706000.0,704235.0,970000.0,6.623,240,239,1,2026-08-01,Current,72.6
LN100383,CA,SFR,Investor,Purchase,Full,704,73.3,83.3,24.7,569000.0,527747.5,776000.0,6.778,240,211,29,2024-04-01,Current,68.01
LN100384,NC,SFR,Owner,Cash-Out Refi,Full,790,76.3,81.3,46.6,288000.0,268560.0,377000.0,6.953,360,333,27,2024-06-01,Current,71.24
LN100385,OH,SFR,Owner,Rate/Term Refi,Full,788,78.8,83.8,33.3,617000.0,578437.5,783000.0,6.346,360,335,25,2024-08-01,Current,73.87
LN100386,CA,Condo,Owner,Purchase,Full,789,67.9,77.9,12.2,373000.0,341295.0,549000.0,6.781,180,146,34,2023-11-01,Current,62.17
LN100387,CA,Condo,Owner,Cash-Out Refi,Full,730,65.1,65.1,34.2,290000.0,266075.0,445000.0,7.154,360,327,33,2023-12-01,Current,59.79
LN100388,NY,SFR,Owner,Cash-Out Refi,Bank Statement,768,83.0,83.0,40.7,479000.0,468222.5,577000.0,6.937,360,351,9,2025-12-01,Current,81.15
LN100389,PA,Condo,Owner,Cash-Out Refi,Full,743,53.6,53.6,38.9,263000.0,261027.5,491000.0,6.969,360,357,3,2026-06-01,Current,53.16
LN100390,CA,PUD,Owner,Purchase,Full,733,66.6,66.6,45.7,196000.0,178850.0,294000.0,6.581,360,325,35,2023-10-01,Current,60.83
LN100391,CA,PUD,Owner,Rate/Term Refi,DSCR,735,92.6,92.6,40.8,704000.0,702240.0,760000.0,6.87,240,239,1,2026-08-01,Current,92.4
LN100392,FL,SFR,Owner,Rate/Term Refi,Full,699,41.5,41.5,36.9,175000.0,167562.5,422000.0,6.828,180,163,17,2025-04-01,Current,39.71
LN100393,FL,PUD,Owner,Purchase,Bank Statement,693,65.7,65.7,20.3,503000.0,462760.0,766000.0,7.152,180,148,32,2024-01-01,Current,60.41
LN100394,TX,2-4 Family,Investor,Purchase,Full,778,82.3,82.3,27.1,200000.0,187000.0,243000.0,6.788,240,214,26,2024-07-01,Current,76.95
LN100395,WA,SFR,Owner,Purchase,Bank Statement,741,54.2,54.2,37.3,390000.0,381225.0,720000.0,6.864,240,231,9,2025-12-01,Current,52.95
LN100396,CA,Condo,Owner,Purchase,DSCR,756,97.0,97.0,41.3,362000.0,345710.0,373000.0,6.907,180,162,18,2025-03-01,Current,92.68
LN100397,CA,PUD,Owner,Purchase,Full,786,42.9,42.9,27.8,325000.0,316062.5,758000.0,5.844,360,349,11,2025-10-01,Current,41.7
LN100398,NY,SFR,Owner,Rate/Term Refi,DSCR,682,91.2,91.2,31.1,149000.0,140060.0,163000.0,7.573,360,336,24,2024-09-01,Current,85.93
LN100399,OH,SFR,Investor,Cash-Out Refi,Bank Statement,718,92.7,100.0,39.6,377000.0,373230.0,407000.0,7.217,360,356,4,2026-05-01,Current,91.7
LN100400,CA,SFR,Owner,Cash-Out Refi,Full,755,85.0,85.0,20.8,389000.0,378302.5,458000.0,7.173,240,229,11,2025-10-01,Current,82.6
LN100401,TX,SFR,Owner,Cash-Out Refi,Full,763,71.3,76.3,20.5,265000.0,253075.0,372000.0,7.299,240,222,18,2025-03-01,Current,68.03
LN100402,TX,PUD,Owner,Purchase,Full,734,78.3,83.3,34.1,384000.0,352320.0,490000.0,7.052,360,327,33,2023-12-01,Current,71.9
LN100403,CA,SFR,Owner,Purchase,Bank Statement,787,63.2,63.2,37.9,615000.0,604237.5,973000.0,6.706,360,353,7,2026-02-01,Current,62.1
LN100404,CA,Condo,Owner,Purchase,Full,756,83.7,83.7,32.1,287000.0,277672.5,343000.0,6.735,360,347,13,2025-08-01,Current,80.95
LN100405,TX,SFR,Owner,Rate/Term Refi,Full,702,60.6,70.6,17.7,443000.0,440785.0,731000.0,7.271,240,238,2,2026-07-01,Current,60.3
LN100406,TX,SFR,Owner,Cash-Out Refi,Full,713,70.7,70.7,36.1,237000.0,226927.5,335000.0,7.166,240,223,17,2025-04-01,Current,67.74
LN100407,WA,SFR,Owner,Purchase,Bank Statement,779,86.0,91.0,25.4,469000.0,429135.0,545000.0,6.901,180,146,34,2023-11-01,Current,78.74
LN100408,CA,SFR,Owner,Cash-Out Refi,Full,766,60.6,70.6,41.1,526000.0,511535.0,868000.0,6.888,240,229,11,2025-10-01,Current,58.93
LN100409,MA,PUD,Owner,Cash-Out Refi,Full,676,69.6,79.6,35.1,1192000.0,1180080.0,1713000.0,7.016,360,356,4,2026-05-01,Current,68.89
LN100410,WA,SFR,Owner,Purchase,Full,799,76.0,76.0,38.0,592000.0,563880.0,779000.0,6.758,180,161,19,2025-02-01,Current,72.39
LN100411,GA,PUD,Owner,Purchase,Full,771,57.9,67.9,41.0,480000.0,464400.0,829000.0,6.719,180,167,13,2025-08-01,Current,56.02
LN100412,CA,Condo,Owner,Rate/Term Refi,Full,799,88.0,93.0,31.7,740000.0,721500.0,841000.0,7.13,360,350,10,2025-11-01,Current,85.79
LN100413,NJ,PUD,Second Home,Purchase,DSCR,733,78.1,83.1,42.5,254000.0,249555.0,325000.0,6.593,180,173,7,2026-02-01,Current,76.79
LN100414,FL,SFR,Owner,Cash-Out Refi,DSCR,737,55.8,55.8,45.7,637000.0,632222.5,1142000.0,6.767,240,237,3,2026-06-01,Current,55.36
LN100415,FL,PUD,Second Home,Purchase,Full,705,73.4,78.4,39.0,311000.0,288452.5,424000.0,7.695,360,331,29,2024-04-01,Current,68.03
LN100416,VA,Condo,Owner,Purchase,Full,830,64.7,64.7,46.4,301000.0,274662.5,465000.0,6.22,240,205,35,2023-10-01,Current,59.07
LN100417,NY,SFR,Owner,Rate/Term Refi,DSCR,741,66.1,71.1,30.9,644000.0,598920.0,974000.0,6.761,240,212,28,2024-05-01,30,61.49
LN100418,TX,SFR,Owner,Purchase,Full,808,74.9,74.9,43.2,439000.0,413757.5,586000.0,6.992,360,337,23,2024-10-01,Current,70.61
LN100419,FL,SFR,Owner,Purchase,Full,723,65.5,70.5,38.0,713000.0,654177.5,1089000.0,7.586,240,207,33,2023-12-01,Current,60.07
LN100420,WA,SFR,Owner,Purchase,Full,754,85.6,85.6,28.1,208000.0,195520.0,243000.0,7.014,360,336,24,2024-09-01,Current,80.46
LN100421,TX,PUD,Owner,Purchase,Full,684,65.5,75.5,35.3,447000.0,428002.5,682000.0,7.029,360,343,17,2025-04-01,Current,62.76
LN100422,IL,SFR,Owner,Rate/Term Refi,Full,733,85.8,95.8,31.7,314000.0,294375.0,366000.0,6.968,240,215,25,2024-08-01,Current,80.43
LN100423,TX,PUD,Owner,Purchase,Bank Statement,785,73.5,73.5,31.5,351000.0,326430.0,478000.0,6.581,240,212,28,2024-05-01,Current,68.29
LN100424,CA,SFR,Investor,Cash-Out Refi,Full,700,84.3,84.3,36.6,170000.0,166175.0,202000.0,7.089,360,351,9,2025-12-01,Current,82.26
LN100425,CA,SFR,Owner,Purchase,Full,789,67.5,67.5,44.3,601000.0,557427.5,890000.0,6.396,360,331,29,2024-04-01,Current,62.63
LN100426,NJ,Condo,Owner,Purchase,Full,761,67.9,72.9,33.4,435000.0,412162.5,641000.0,6.809,360,339,21,2024-12-01,Current,64.3
LN100427,MA,SFR,Owner,Purchase,Bank Statement,708,60.2,60.2,36.9,256000.0,236800.0,425000.0,7.017,360,330,30,2024-03-01,Current,55.72
LN100428,TX,PUD,Owner,Cash-Out Refi,Full,729,80.9,80.9,24.3,218000.0,216910.0,269000.0,7.205,360,358,2,2026-07-01,Current,80.64
LN100429,GA,SFR,Owner,Purchase,Full,731,85.3,95.3,36.8,270000.0,266625.0,317000.0,7.127,180,175,5,2026-04-01,Current,84.11
LN100430,FL,PUD,Owner,Cash-Out Refi,Full,746,97.0,100.0,45.0,737000.0,696465.0,760000.0,6.85,360,338,22,2024-11-01,Current,91.64
LN100431,FL,SFR,Owner,Purchase,Full,728,89.5,99.5,42.3,379000.0,362892.5,423000.0,7.361,240,223,17,2025-04-01,Current,85.79
LN100432,TX,SFR,Owner,Purchase,Bank Statement,717,77.0,87.0,39.7,342000.0,322335.0,444000.0,7.181,360,337,23,2024-10-01,Current,72.6
LN100433,TX,Condo,Owner,Purchase,DSCR,736,71.5,71.5,31.7,494000.0,465595.0,691000.0,6.809,360,337,23,2024-10-01,30,67.38
LN100434,FL,SFR,Investor,Rate/Term Refi,Full,709,78.7,78.7,28.2,399000.0,377055.0,507000.0,7.119,360,338,22,2024-11-01,Current,74.37
LN100435,CA,SFR,Owner,Cash-Out Refi,DSCR,699,73.7,73.7,35.2,440000.0,427900.0,597000.0,7.275,360,349,11,2025-10-01,Current,71.68
LN100436,NJ,Condo,Owner,Purchase,Full,746,91.6,91.6,25.3,552000.0,514740.0,603000.0,7.112,360,333,27,2024-06-01,Current,85.36
LN100437,FL,SFR,Owner,Cash-Out Refi,DSCR,782,85.3,85.3,26.1,460000.0,427800.0,539000.0,6.782,240,212,28,2024-05-01,Current,79.37
LN100438,CA,PUD,Owner,Purchase,DSCR,690,64.0,64.0,43.4,586000.0,571350.0,916000.0,7.341,360,350,10,2025-11-01,Current,62.37
LN100439,FL,PUD,Owner,Purchase,Full,748,65.7,75.7,28.6,234000.0,221130.0,356000.0,7.083,360,338,22,2024-11-01,Current,62.12
LN100440,NY,PUD,Owner,Cash-Out Refi,Full,723,90.4,100.0,50.1,409000.0,400820.0,452000.0,7.142,240,232,8,2026-01-01,Current,88.68
LN100441,NC,2-4 Family,Owner,Purchase,Full,711,77.7,82.7,24.6,340000.0,316200.0,438000.0,7.159,360,332,28,2024-05-01,Current,72.19
LN100442,CA,2-4 Family,Owner,Purchase,Full,780,71.2,81.2,39.3,417000.0,404490.0,586000.0,6.413,180,168,12,2025-09-01,Current,69.03
LN100443,NY,SFR,Second Home,Cash-Out Refi,DSCR,728,88.2,98.2,26.6,391000.0,365585.0,443000.0,7.125,360,334,26,2024-07-01,Current,82.52
LN100444,GA,SFR,Owner,Purchase,Bank Statement,805,69.3,69.3,37.3,300000.0,279000.0,433000.0,6.633,360,332,28,2024-05-01,Current,64.43
LN100445,NJ,PUD,Investor,Purchase,Full,718,70.6,75.6,27.7,341000.0,328212.5,483000.0,7.263,240,225,15,2025-06-01,Current,67.95
LN100446,CA,SFR,Owner,Purchase,DSCR,763,68.5,78.5,36.2,605000.0,583825.0,883000.0,6.801,240,226,14,2025-07-01,Current,66.12
LN100447,FL,PUD,Owner,Purchase,Bank Statement,739,50.5,50.5,34.7,312000.0,308880.0,618000.0,6.702,360,356,4,2026-05-01,Current,49.98
LN100448,CO,SFR,Owner,Cash-Out Refi,Full,719,84.4,89.4,32.3,230000.0,227125.0,273000.0,7.007,360,355,5,2026-04-01,Current,83.2
LN100449,FL,SFR,Owner,Cash-Out Refi,Full,770,59.5,64.5,40.0,518000.0,507640.0,871000.0,6.681,180,172,8,2026-01-01,Current,58.28
LN100450,CO,SFR,Second Home,Purchase,Full,742,67.2,72.2,47.9,612000.0,610470.0,911000.0,6.605,240,239,1,2026-08-01,Current,67.01
LN100451,TX,SFR,Owner,Cash-Out Refi,Full,771,65.1,75.1,31.2,354000.0,338955.0,544000.0,6.709,180,163,17,2025-04-01,Current,62.31
LN100452,TX,SFR,Owner,Rate/Term Refi,Bank Statement,746,82.7,82.7,42.9,422000.0,418835.0,510000.0,7.009,360,357,3,2026-06-01,Current,82.12
LN100453,CA,SFR,Owner,Purchase,Full,707,73.2,83.2,36.6,275000.0,251625.0,376000.0,6.92,360,326,34,2023-11-01,30,66.92
LN100454,AZ,SFR,Owner,Purchase,DSCR,744,74.2,74.2,35.7,365000.0,358612.5,492000.0,7.011,240,233,7,2026-02-01,Current,72.89
LN100455,TX,2-4 Family,Owner,Purchase,Full,750,53.8,53.8,53.3,650000.0,638625.0,1208000.0,6.638,360,353,7,2026-02-01,Current,52.87
LN100456,CA,SFR,Owner,Purchase,Full,784,73.0,78.0,18.7,569000.0,529170.0,779000.0,6.826,360,332,28,2024-05-01,Current,67.93
LN100457,TX,PUD,Owner,Purchase,Full,714,56.3,56.3,30.5,426000.0,395115.0,757000.0,6.813,180,151,29,2024-04-01,Current,52.19
LN100458,CA,SFR,Owner,Purchase,Full,747,77.7,82.7,21.6,354000.0,342495.0,456000.0,7.066,360,347,13,2025-08-01,Current,75.11
LN100459,FL,SFR,Owner,Purchase,Bank Statement,683,78.4,88.4,33.4,195000.0,190612.5,249000.0,7.722,360,351,9,2025-12-01,Current,76.55
LN100460,OH,PUD,Investor,Purchase,Full,773,73.8,83.8,34.1,459000.0,449820.0,622000.0,6.796,240,232,8,2026-01-01,Current,72.32
LN100461,MA,SFR,Owner,Purchase,Bank Statement,707,97.0,97.0,55.0,489000.0,463327.5,504000.0,7.574,360,339,21,2024-12-01,Current,91.93
LN100462,NJ,SFR,Owner,Purchase,Full,679,80.3,85.3,38.7,636000.0,589890.0,792000.0,7.224,180,151,29,2024-04-01,Current,74.48
LN100463,GA,SFR,Owner,Rate/Term Refi,Full,746,81.1,91.1,50.1,972000.0,894240.0,1199000.0,6.901,360,328,32,2024-01-01,30,74.58
LN100464,MA,2-4 Family,Owner,Purchase,Full,790,75.7,85.7,46.2,472000.0,470820.0,624000.0,6.207,360,359,1,2026-08-01,Current,75.45
LN100465,CA,Condo,Owner,Rate/Term Refi,Full,690,71.7,71.7,32.4,610000.0,585600.0,851000.0,7.192,360,344,16,2025-05-01,Current,68.81
LN100466,NY,SFR,Investor,Rate/Term Refi,Full,707,85.6,85.6,39.7,244000.0,235460.0,285000.0,6.99,180,166,14,2025-07-01,Current,82.62
LN100467,GA,SFR,Owner,Rate/Term Refi,Full,720,87.2,97.2,49.1,680000.0,668100.0,780000.0,7.232,180,173,7,2026-02-01,Current,85.65
LN100468,OH,SFR,Owner,Purchase,Bank Statement,705,58.4,58.4,37.3,586000.0,549375.0,1003000.0,6.501,360,335,25,2024-08-01,Current,54.77
LN100469,AZ,SFR,Owner,Rate/Term Refi,DSCR,762,86.7,86.7,37.6,729000.0,708952.5,841000.0,6.736,360,349,11,2025-10-01,Current,84.3
LN100470,CA,PUD,Owner,Cash-Out Refi,Full,717,80.2,80.2,39.9,539000.0,520135.0,672000.0,7.172,240,226,14,2025-07-01,Current,77.4
LN100471,FL,PUD,Owner,Rate/Term Refi,Full,721,85.5,85.5,24.0,489000.0,457215.0,572000.0,7.277,240,214,26,2024-07-01,Current,79.93
LN100472,CA,SFR,Owner,Purchase,Full,770,79.6,79.6,29.5,768000.0,768000.0,965000.0,6.422,240,240,0,2026-09-01,Current,79.59
LN100473,GA,Condo,Owner,Purchase,Bank Statement,719,59.1,59.1,38.6,299000.0,281060.0,506000.0,6.828,360,336,24,2024-09-01,Current,55.55
LN100474,GA,SFR,Owner,Purchase,Full,764,59.9,69.9,40.2,532000.0,492100.0,888000.0,7.295,360,330,30,2024-03-01,Current,55.42
LN100475,FL,Condo,Owner,Purchase,Full,711,95.9,95.9,28.6,645000.0,609525.0,673000.0,7.538,360,338,22,2024-11-01,Current,90.57
LN100476,CA,SFR,Owner,Purchase,Full,702,77.0,77.0,33.3,284000.0,278320.0,369000.0,7.249,360,352,8,2026-01-01,Current,75.43
LN100477,MA,SFR,Owner,Purchase,Full,678,57.0,57.0,34.9,241000.0,236782.5,423000.0,6.479,360,353,7,2026-02-01,Current,55.98
LN100478,VA,Condo,Owner,Purchase,Bank Statement,819,78.2,88.2,34.7,485000.0,459537.5,620000.0,6.294,180,159,21,2024-12-01,Current,74.12
LN100479,MA,SFR,Owner,Purchase,Full,736,69.7,79.7,41.4,423000.0,394447.5,607000.0,7.06,240,213,27,2024-06-01,Current,64.98
LN100480,NC,SFR,Owner,Cash-Out Refi,Full,757,51.9,56.9,36.7,524000.0,478150.0,1010000.0,6.687,180,145,35,2023-10-01,Current,47.34
LN100481,PA,PUD,Owner,Purchase,Bank Statement,747,46.5,56.5,37.2,533000.0,493025.0,1146000.0,6.746,360,330,30,2024-03-01,Current,43.02
LN100482,TX,PUD,Owner,Cash-Out Refi,Full,754,54.8,54.8,24.7,287000.0,278390.0,524000.0,6.911,180,168,12,2025-09-01,Current,53.13
LN100483,CA,SFR,Investor,Purchase,Full,750,77.3,77.3,27.5,466000.0,447360.0,603000.0,6.949,240,224,16,2025-05-01,Current,74.19
LN100484,NJ,PUD,Owner,Cash-Out Refi,Full,821,73.4,83.4,38.4,659000.0,630992.5,898000.0,6.668,240,223,17,2025-04-01,Current,70.27
LN100485,NJ,Condo,Owner,Purchase,Full,709,71.0,81.0,23.3,344000.0,336260.0,485000.0,6.669,360,351,9,2025-12-01,Current,69.33
LN100486,TX,SFR,Owner,Purchase,Full,689,77.4,77.4,38.0,355000.0,352337.5,459000.0,7.904,360,357,3,2026-06-01,Current,76.76
LN100487,WA,PUD,Owner,Cash-Out Refi,Full,710,81.2,81.2,30.6,245000.0,232137.5,302000.0,7.131,360,339,21,2024-12-01,60,76.87
LN100488,CA,PUD,Second Home,Cash-Out Refi,Full,697,48.8,53.8,29.4,575000.0,570687.5,1178000.0,6.799,240,237,3,2026-06-01,Current,48.45
LN100489,CA,SFR,Owner,Purchase,Full,776,70.4,80.4,41.0,947000.0,880710.0,1345000.0,7.067,360,332,28,2024-05-01,Current,65.48
LN100490,PA,SFR,Owner,Rate/Term Refi,Full,779,64.1,64.1,30.5,220000.0,217800.0,343000.0,6.767,360,356,4,2026-05-01,Current,63.5
LN100491,VA,SFR,Owner,Purchase,Full,711,59.2,59.2,29.1,562000.0,539520.0,949000.0,7.216,360,344,16,2025-05-01,Current,56.85
LN100492,CA,SFR,Owner,Purchase,Full,695,67.4,67.4,30.5,598000.0,559130.0,887000.0,7.004,180,154,26,2024-07-01,Current,63.04
LN100493,AZ,PUD,Second Home,Purchase,Bank Statement,735,72.5,77.5,36.3,315000.0,299250.0,434000.0,7.035,180,160,20,2025-01-01,Current,68.95
LN100494,NC,PUD,Owner,Purchase,Full,801,70.8,80.8,55.0,342000.0,330885.0,483000.0,6.727,240,227,13,2025-08-01,Current,68.51
LN100495,IL,SFR,Owner,Purchase,Full,641,56.5,56.5,19.1,254000.0,237490.0,450000.0,7.092,180,154,26,2024-07-01,Current,52.78
LN100496,IL,SFR,Owner,Rate/Term Refi,Full,768,68.2,68.2,35.7,286000.0,275990.0,419000.0,6.672,180,166,14,2025-07-01,Current,65.87
LN100497,CO,Condo,Owner,Purchase,Full,707,97.0,97.0,33.9,433000.0,397277.5,446000.0,7.32,360,327,33,2023-12-01,Current,89.08
LN100498,CA,SFR,Owner,Purchase,Bank Statement,788,61.3,61.3,43.4,536000.0,518580.0,874000.0,6.465,180,167,13,2025-08-01,Current,59.33
LN100499,OH,SFR,Owner,Purchase,DSCR,707,53.8,53.8,32.9,424000.0,421880.0,788000.0,6.776,180,178,2,2026-07-01,Current,53.54
LN100500,WA,SFR,Owner,Cash-Out Refi,Full,737,77.3,82.3,16.2,586000.0,553770.0,758000.0,6.694,240,218,22,2024-11-01,Current,73.06
LN100501,NY,SFR,Owner,Purchase,DSCR,691,81.2,81.2,46.4,441000.0,414540.0,543000.0,7.422,180,156,24,2024-09-01,90+,76.34
LN100502,TX,SFR,Owner,Rate/Term Refi,Full,711,79.6,84.6,27.2,241000.0,227142.5,303000.0,7.241,180,157,23,2024-10-01,Current,74.96
LN100503,TX,SFR,Owner,Purchase,Full,801,60.6,60.6,35.4,762000.0,758190.0,1257000.0,6.734,180,178,2,2026-07-01,Current,60.32
LN100504,AZ,SFR,Owner,Rate/Term Refi,Full,779,86.0,86.0,25.0,678000.0,669525.0,788000.0,6.82,180,175,5,2026-04-01,Current,84.97
LN100505,CA,SFR,Owner,Purchase,Bank Statement,733,64.6,64.6,27.1,295000.0,288362.5,457000.0,6.735,180,171,9,2025-12-01,Current,63.1
LN100506,CO,2-4 Family,Second Home,Purchase,Full,715,60.4,70.4,31.9,878000.0,869220.0,1454000.0,6.61,360,356,4,2026-05-01,Current,59.78
LN100507,CA,Condo,Owner,Purchase,Bank Statement,676,66.7,66.7,42.6,496000.0,466240.0,744000.0,7.283,360,336,24,2024-09-01,Current,62.67
LN100508,FL,SFR,Owner,Purchase,Full,733,72.7,82.7,42.5,428000.0,393760.0,589000.0,6.904,360,328,32,2024-01-01,Current,66.85
LN100509,TX,PUD,Owner,Purchase,Full,747,82.6,82.6,31.1,936000.0,921960.0,1133000.0,7.487,360,354,6,2026-03-01,Current,81.37
LN100510,CA,SFR,Owner,Rate/Term Refi,Full,745,81.5,81.5,39.8,135000.0,123187.5,166000.0,7.557,360,325,35,2023-10-01,Current,74.21
LN100511,CO,Condo,Owner,Rate/Term Refi,Full,744,73.7,78.7,32.9,200000.0,188500.0,271000.0,7.31,360,337,23,2024-10-01,Current,69.56
LN100512,VA,PUD,Owner,Rate/Term Refi,Full,705,85.2,85.2,36.7,552000.0,520260.0,648000.0,7.052,240,217,23,2024-10-01,Current,80.29
LN100513,FL,SFR,Owner,Purchase,DSCR,745,75.0,85.0,37.0,363000.0,337590.0,484000.0,6.589,360,332,28,2024-05-01,Current,69.75
LN100514,TX,SFR,Owner,Purchase,Bank Statement,747,84.8,94.8,40.7,267000.0,258990.0,315000.0,6.959,360,348,12,2025-09-01,30,82.22
LN100515,AZ,SFR,Owner,Purchase,Full,797,57.2,67.2,30.9,783000.0,736020.0,1369000.0,6.222,360,336,24,2024-09-01,Current,53.76
LN100516,CA,PUD,Investor,Purchase,Full,819,55.1,60.1,34.8,501000.0,473445.0,909000.0,6.635,360,338,22,2024-11-01,Current,52.08
LN100517,VA,PUD,Owner,Purchase,Bank Statement,743,83.3,88.3,37.5,231000.0,214252.5,277000.0,7.054,180,151,29,2024-04-01,Current,77.35
LN100518,IL,SFR,Owner,Purchase,Full,719,57.3,57.3,36.5,303000.0,298455.0,529000.0,6.81,360,354,6,2026-03-01,Current,56.42
LN100519,CO,2-4 Family,Investor,Cash-Out Refi,Full,746,70.4,70.4,29.5,586000.0,555235.0,832000.0,6.875,360,339,21,2024-12-01,Current,66.73
LN100520,TX,SFR,Owner,Purchase,Full,725,72.8,77.8,49.5,885000.0,820837.5,1216000.0,7.336,180,151,29,2024-04-01,Current,67.5
LN100521,IL,Condo,Owner,Purchase,Bank Statement,720,68.1,68.1,32.1,168000.0,160440.0,247000.0,6.781,180,162,18,2025-03-01,Current,64.96
LN100522,WA,SFR,Owner,Cash-Out Refi,Full,746,68.6,73.6,41.8,452000.0,436180.0,659000.0,6.98,360,346,14,2025-07-01,Current,66.19
LN100523,AZ,Condo,Owner,Cash-Out Refi,Full,708,90.7,90.7,37.4,342000.0,312075.0,377000.0,6.986,360,325,35,2023-10-01,Current,82.78
LN100524,GA,SFR,Owner,Purchase,Full,771,43.6,43.6,45.5,188000.0,173900.0,431000.0,6.41,240,210,30,2024-03-01,Current,40.35
LN100525,NY,SFR,Owner,Cash-Out Refi,Full,744,84.6,84.6,18.4,376000.0,364720.0,444000.0,6.871,360,348,12,2025-09-01,Current,82.14
LN100526,NY,SFR,Owner,Rate/Term Refi,Full,758,97.0,100.0,52.1,200000.0,183500.0,206000.0,7.149,360,327,33,2023-12-01,Current,89.08
LN100527,FL,SFR,Owner,Purchase,Bank Statement,741,74.3,74.3,34.1,320000.0,315200.0,431000.0,6.985,360,354,6,2026-03-01,Current,73.13
LN100528,CA,Condo,Owner,Rate/Term Refi,Full,720,73.8,83.8,26.0,824000.0,815760.0,1117000.0,7.362,360,356,4,2026-05-01,Current,73.03
LN100529,FL,PUD,Owner,Purchase,DSCR,712,82.7,82.7,36.8,508000.0,486410.0,614000.0,7.373,240,223,17,2025-04-01,Current,79.22
LN100530,MA,SFR,Owner,Cash-Out Refi,Full,739,95.9,95.9,53.7,571000.0,522465.0,595000.0,7.027,360,326,34,2023-11-01,Current,87.81
LN100531,CO,SFR,Owner,Cash-Out Refi,Full,727,59.7,59.7,39.8,527000.0,499332.5,883000.0,6.561,180,159,21,2024-12-01,Current,56.55
LN100532,FL,PUD,Owner,Purchase,Full,757,75.1,80.1,26.0,474000.0,443190.0,631000.0,6.66,180,154,26,2024-07-01,Current,70.24
LN100533,NJ,SFR,Owner,Cash-Out Refi,Full,748,71.8,71.8,32.1,622000.0,601785.0,866000.0,6.776,360,347,13,2025-08-01,Current,69.49
LN100534,TX,SFR,Owner,Purchase,Full,696,80.7,80.7,46.4,243000.0,243000.0,301000.0,7.225,360,360,0,2026-09-01,Current,80.73
LN100535,FL,PUD,Owner,Cash-Out Refi,Bank Statement,751,75.9,75.9,24.6,347000.0,317505.0,457000.0,6.717,360,326,34,2023-11-01,Current,69.48
LN100536,TX,SFR,Owner,Purchase,Full,697,81.9,81.9,34.3,590000.0,564925.0,720000.0,7.552,360,343,17,2025-04-01,Current,78.46
LN100537,FL,Condo,Owner,Purchase,Full,725,68.9,68.9,33.4,295000.0,286887.5,428000.0,7.217,360,349,11,2025-10-01,Current,67.03
LN100538,CA,SFR,Owner,Purchase,Full,737,74.6,84.6,53.0,335000.0,334162.5,449000.0,6.908,360,359,1,2026-08-01,Current,74.42
LN100539,WA,PUD,Owner,Purchase,Full,669,66.0,66.0,33.4,690000.0,679650.0,1045000.0,7.175,180,174,6,2026-03-01,Current,65.04
LN100540,CA,PUD,Owner,Rate/Term Refi,Bank Statement,751,66.0,76.0,46.2,797000.0,733240.0,1208000.0,6.746,180,148,32,2024-01-01,Current,60.7
LN100541,NY,SFR,Owner,Rate/Term Refi,Full,754,72.3,72.3,30.4,311000.0,296227.5,430000.0,6.838,240,221,19,2025-02-01,Current,68.89
LN100542,GA,PUD,Owner,Purchase,Full,742,72.3,72.3,29.4,284000.0,266960.0,393000.0,6.915,180,156,24,2024-09-01,Current,67.93
LN100543,MA,Condo,Owner,Rate/Term Refi,Full,732,59.9,69.9,43.7,525000.0,514500.0,876000.0,6.461,360,352,8,2026-01-01,Current,58.73
LN100544,CO,PUD,Owner,Purchase,DSCR,734,92.8,92.8,40.7,458000.0,454565.0,494000.0,7.068,360,357,3,2026-06-01,Current,92.02
LN100545,FL,SFR,Owner,Purchase,Full,711,72.4,72.4,22.0,303000.0,286335.0,419000.0,6.649,240,218,22,2024-11-01,Current,68.34
LN100546,CA,SFR,Owner,Purchase,Full,738,57.4,57.4,40.8,529000.0,494615.0,922000.0,6.804,180,154,26,2024-07-01,Current,53.65
LN100547,TX,SFR,Owner,Purchase,Full,727,87.2,87.2,40.9,519000.0,506025.0,595000.0,7.325,360,350,10,2025-11-01,Current,85.05
LN100548,TX,2-4 Family,Owner,Purchase,Full,751,65.0,65.0,30.9,422000.0,391405.0,649000.0,6.534,240,211,29,2024-04-01,Current,60.31
LN100549,CO,2-4 Family,Investor,Purchase,Full,702,80.1,80.1,37.5,1480000.0,1431900.0,1848000.0,7.279,360,347,13,2025-08-01,Current,77.48
LN100550,GA,SFR,Second Home,Purchase,Full,757,73.8,73.8,37.9,740000.0,693750.0,1003000.0,6.696,360,335,25,2024-08-01,30,69.17
LN100551,CA,PUD,Owner,Cash-Out Refi,Full,753,77.0,82.0,31.9,582000.0,547080.0,756000.0,6.731,360,336,24,2024-09-01,Current,72.37
LN100552,NY,SFR,Owner,Cash-Out Refi,Full,743,76.1,76.1,31.1,638000.0,598125.0,838000.0,7.433,360,335,25,2024-08-01,Current,71.38
LN100553,NC,PUD,Owner,Rate/Term Refi,Full,731,67.1,67.1,30.4,1496000.0,1406240.0,2230000.0,7.152,360,336,24,2024-09-01,Current,63.06
LN100554,CO,SFR,Owner,Cash-Out Refi,Full,769,74.5,84.5,33.6,660000.0,617100.0,886000.0,6.899,360,334,26,2024-07-01,Current,69.65
LN100555,CA,Condo,Owner,Purchase,Full,685,97.0,97.0,25.2,297000.0,296257.5,306000.0,7.403,360,359,1,2026-08-01,Current,96.82
LN100556,WA,Condo,Owner,Purchase,Full,765,47.1,52.1,35.4,469000.0,433825.0,996000.0,6.631,180,150,30,2024-03-01,Current,43.56
LN100557,OH,PUD,Owner,Rate/Term Refi,Full,757,74.8,74.8,23.9,421000.0,399950.0,563000.0,6.808,180,160,20,2025-01-01,Current,71.04
LN100558,VA,SFR,Owner,Purchase,Full,759,79.2,89.2,36.3,318000.0,312435.0,402000.0,6.999,240,233,7,2026-02-01,Current,77.72
LN100559,TX,SFR,Owner,Purchase,Full,763,61.4,61.4,35.1,457000.0,434150.0,744000.0,6.465,360,340,20,2025-01-01,Current,58.35
LN100560,NJ,Condo,Owner,Purchase,Full,723,57.6,67.6,27.5,455000.0,424287.5,790000.0,6.87,360,333,27,2024-06-01,Current,53.71
LN100561,PA,SFR,Owner,Purchase,Full,738,97.0,100.0,42.5,398000.0,386060.0,410000.0,7.095,180,168,12,2025-09-01,Current,94.16
LN100562,OH,PUD,Owner,Purchase,Full,772,69.5,79.5,51.1,329000.0,309260.0,473000.0,6.366,180,156,24,2024-09-01,Current,65.38
LN100563,VA,Condo,Owner,Purchase,Full,764,97.0,97.0,46.3,587000.0,567922.5,605000.0,7.449,360,347,13,2025-08-01,Current,93.87
LN100564,CA,PUD,Owner,Purchase,Full,756,80.4,80.4,24.9,202000.0,195435.0,251000.0,7.117,360,347,13,2025-08-01,Current,77.86
LN100565,NY,SFR,Owner,Purchase,Full,690,74.9,74.9,45.9,586000.0,555235.0,782000.0,7.065,180,159,21,2024-12-01,Current,71.0
LN100566,AZ,PUD,Owner,Cash-Out Refi,Full,768,79.7,89.7,37.5,410000.0,397700.0,514000.0,6.479,240,228,12,2025-09-01,Current,77.37
LN100567,VA,Condo,Owner,Rate/Term Refi,Full,792,81.6,81.6,35.3,460000.0,427800.0,564000.0,6.536,360,332,28,2024-05-01,Current,75.85
LN100568,NJ,PUD,Owner,Purchase,Full,786,88.2,88.2,31.0,144000.0,134640.0,163000.0,6.61,180,154,26,2024-07-01,Current,82.6
LN100569,FL,PUD,Owner,Purchase,Full,757,79.2,84.2,35.7,854000.0,794220.0,1078000.0,6.75,360,332,28,2024-05-01,Current,73.68
LN100570,FL,Condo,Owner,Rate/Term Refi,Full,689,75.7,75.7,46.8,191000.0,184792.5,252000.0,6.902,180,167,13,2025-08-01,Current,73.33
LN100571,CO,SFR,Investor,Rate/Term Refi,Full,784,76.1,76.1,40.1,279000.0,258075.0,367000.0,6.503,240,210,30,2024-03-01,30,70.32
LN100572,TX,PUD,Owner,Cash-Out Refi,DSCR,742,90.2,90.2,32.4,541000.0,493662.5,600000.0,7.115,180,145,35,2023-10-01,Current,82.28
LN100573,FL,SFR,Owner,Purchase,Full,652,83.8,83.8,30.4,312000.0,297180.0,372000.0,7.676,180,161,19,2025-02-01,Current,79.89
LN100574,VA,2-4 Family,Investor,Purchase,Full,762,62.0,62.0,32.4,341000.0,333327.5,550000.0,6.212,240,231,9,2025-12-01,60,60.6
LN100575,TX,SFR,Owner,Cash-Out Refi,Full,691,66.4,76.4,40.4,153000.0,149557.5,230000.0,7.167,180,171,9,2025-12-01,Current,65.03
LN100576,NJ,SFR,Owner,Purchase,Full,699,78.0,78.0,50.5,337000.0,308355.0,432000.0,6.993,240,206,34,2023-11-01,Current,71.38
LN100577,CA,PUD,Owner,Purchase,Full,724,66.5,71.5,27.3,448000.0,418880.0,674000.0,6.715,180,154,26,2024-07-01,Current,62.15
LN100578,CA,PUD,Investor,Purchase,Full,796,69.5,69.5,35.7,550000.0,508750.0,791000.0,6.49,360,330,30,2024-03-01,Current,64.32
LN100579,FL,SFR,Owner,Purchase,Full,734,62.5,67.5,32.7,360000.0,355500.0,576000.0,6.702,360,355,5,2026-04-01,Current,61.72
LN100580,CO,SFR,Owner,Purchase,Full,758,70.9,75.9,29.8,449000.0,416447.5,633000.0,6.981,180,151,29,2024-04-01,Current,65.79
LN100581,TX,SFR,Owner,Rate/Term Refi,Full,814,79.1,79.1,38.9,495000.0,495000.0,626000.0,6.728,180,180,0,2026-09-01,Current,79.07
LN100582,OH,Condo,Owner,Purchase,Full,809,85.9,85.9,40.1,303000.0,284062.5,353000.0,6.579,360,335,25,2024-08-01,Current,80.47
LN100583,WA,SFR,Owner,Rate/Term Refi,Full,744,74.1,74.1,24.5,293000.0,289337.5,395000.0,6.768,360,355,5,2026-04-01,Current,73.25
LN100584,CA,SFR,Owner,Purchase,Full,739,97.0,100.0,27.5,968000.0,941380.0,998000.0,7.624,180,169,11,2025-10-01,Current,94.33
LN100585,TX,2-4 Family,Owner,Purchase,Full,700,73.1,73.1,45.2,281000.0,280297.5,384000.0,7.638,180,179,1,2026-08-01,Current,72.99
LN100586,VA,SFR,Owner,Purchase,Full,722,97.0,97.0,38.2,703000.0,662577.5,725000.0,7.382,240,217,23,2024-10-01,Current,91.39
LN100587,CA,SFR,Owner,Purchase,Full,764,86.0,86.0,39.9,421000.0,405212.5,490000.0,6.887,180,165,15,2025-06-01,Current,82.7
LN100588,CA,SFR,Owner,Purchase,Full,763,80.0,80.0,31.7,781000.0,759522.5,976000.0,7.118,240,229,11,2025-10-01,Current,77.82
LN100589,TX,Condo,Owner,Cash-Out Refi,Full,752,68.0,68.0,32.7,308000.0,297220.0,453000.0,7.173,240,226,14,2025-07-01,Current,65.61
LN100590,CA,Condo,Owner,Cash-Out Refi,Full,786,40.1,50.1,39.4,513000.0,468112.5,1279000.0,6.205,360,325,35,2023-10-01,Current,36.6
LN100591,CA,SFR,Owner,Cash-Out Refi,Full,719,72.1,72.1,31.8,473000.0,432795.0,656000.0,7.499,240,206,34,2023-11-01,Current,65.97
LN100592,NY,PUD,Owner,Purchase,Full,746,76.1,76.1,26.9,370000.0,350575.0,486000.0,6.895,360,339,21,2024-12-01,30,72.13
LN100593,NJ,SFR,Owner,Purchase,Full,776,97.0,100.0,35.7,468000.0,432900.0,482000.0,7.231,240,210,30,2024-03-01,Current,89.81
LN100594,NY,SFR,Owner,Cash-Out Refi,Full,770,57.4,67.4,42.9,291000.0,265537.5,507000.0,6.476,360,325,35,2023-10-01,Current,52.37
LN100595,WA,SFR,Investor,Purchase,Full,789,96.9,100.0,27.6,394000.0,365435.0,407000.0,6.9,360,331,29,2024-04-01,Current,89.79
LN100596,CA,SFR,Investor,Purchase,Full,763,71.0,71.0,44.1,343000.0,341285.0,483000.0,6.669,360,358,2,2026-07-01,Current,70.66
LN100597,FL,PUD,Owner,Purchase,Full,736,82.7,82.7,41.3,571000.0,533885.0,690000.0,7.066,360,334,26,2024-07-01,Current,77.37
LN100598,AZ,Condo,Owner,Rate/Term Refi,Bank Statement,762,43.5,43.5,28.9,392000.0,373380.0,901000.0,6.762,180,161,19,2025-02-01,Current,41.44
LN100599,NY,2-4 Family,Owner,Purchase,Full,710,75.7,85.7,35.8,221000.0,217685.0,292000.0,6.925,360,354,6,2026-03-01,Current,74.55
LN100600,OH,PUD,Investor,Purchase,Full,686,69.9,69.9,35.4,347000.0,330517.5,496000.0,7.158,360,341,19,2025-02-01,Current,66.64
LN100601,FL,SFR,Second Home,Cash-Out Refi,Full,770,82.2,82.2,40.7,391000.0,386112.5,476000.0,6.985,240,235,5,2026-04-01,Current,81.12
LN100602,MA,SFR,Owner,Purchase,Full,746,75.1,85.1,41.0,274000.0,256875.0,365000.0,6.809,360,335,25,2024-08-01,Current,70.38
LN100603,CA,SFR,Owner,Cash-Out Refi,Full,760,60.3,60.3,25.4,735000.0,681712.5,1219000.0,7.193,180,151,29,2024-04-01,Current,55.92
LN100604,CO,SFR,Owner,Rate/Term Refi,Bank Statement,683,85.4,85.4,25.0,488000.0,459940.0,571000.0,7.044,360,337,23,2024-10-01,Current,80.55
LN100605,GA,PUD,Owner,Cash-Out Refi,Full,734,82.3,92.3,43.9,592000.0,552040.0,719000.0,7.693,360,333,27,2024-06-01,Current,76.78
LN100606,PA,SFR,Owner,Rate/Term Refi,Full,725,81.2,91.2,36.6,292000.0,283240.0,360000.0,6.948,360,348,12,2025-09-01,Current,78.68
LN100607,CA,SFR,Owner,Purchase,DSCR,715,86.1,96.1,39.0,343000.0,342142.5,398000.0,7.46,240,239,1,2026-08-01,Current,85.97
LN100608,AZ,PUD,Owner,Cash-Out Refi,Full,662,87.2,92.2,38.4,637000.0,622667.5,731000.0,7.947,360,351,9,2025-12-01,Current,85.18
LN100609,OH,SFR,Owner,Rate/Term Refi,Full,735,73.7,73.7,47.9,217000.0,209405.0,294000.0,7.107,180,166,14,2025-07-01,Current,71.23
LN100610,NY,SFR,Owner,Rate/Term Refi,Full,782,57.7,62.7,26.2,480000.0,472800.0,832000.0,6.186,180,174,6,2026-03-01,60,56.83
LN100611,PA,SFR,Owner,Cash-Out Refi,Full,762,57.4,62.4,44.4,425000.0,415437.5,740000.0,6.568,360,351,9,2025-12-01,Current,56.14
LN100612,MA,SFR,Owner,Purchase,Full,725,90.2,90.2,29.2,328000.0,300120.0,364000.0,7.218,240,206,34,2023-11-01,Current,82.45
LN100613,TX,Condo,Owner,Rate/Term Refi,Full,747,82.5,82.5,41.5,425000.0,404812.5,515000.0,7.131,360,341,19,2025-02-01,Current,78.6
LN100614,NY,SFR,Owner,Rate/Term Refi,Full,777,75.2,75.2,46.3,254000.0,233680.0,338000.0,6.981,360,328,32,2024-01-01,Current,69.14
LN100615,TX,SFR,Owner,Purchase,Full,643,68.8,78.8,24.8,451000.0,432960.0,656000.0,7.756,240,224,16,2025-05-01,Current,66.0
LN100616,GA,Condo,Second Home,Purchase,DSCR,743,74.4,79.4,38.9,239000.0,234817.5,321000.0,7.299,180,173,7,2026-02-01,Current,73.15
LN100617,CA,PUD,Owner,Rate/Term Refi,Full,769,74.3,74.3,33.5,233000.0,223680.0,314000.0,6.543,240,224,16,2025-05-01,Current,71.24
LN100618,CO,SFR,Owner,Cash-Out Refi,Full,774,70.0,70.0,33.4,758000.0,691675.0,1083000.0,6.95,360,325,35,2023-10-01,Current,63.87
LN100619,CA,PUD,Owner,Rate/Term Refi,Full,813,65.6,65.6,36.1,300000.0,283500.0,457000.0,5.996,360,338,22,2024-11-01,Current,62.04
LN100620,CA,SFR,Investor,Rate/Term Refi,Full,791,97.0,100.0,27.4,161000.0,155767.5,166000.0,6.909,240,227,13,2025-08-01,Current,93.84
LN100621,GA,SFR,Owner,Purchase,DSCR,760,76.7,76.7,28.1,628000.0,585610.0,819000.0,6.591,240,213,27,2024-06-01,Current,71.5
LN100622,CA,PUD,Owner,Cash-Out Refi,Full,759,66.7,71.7,40.9,290000.0,271875.0,435000.0,6.321,360,335,25,2024-08-01,Current,62.5
LN100623,WA,2-4 Family,Owner,Cash-Out Refi,Full,778,58.4,63.4,42.4,86000.0,79120.0,147000.0,6.792,360,328,32,2024-01-01,Current,53.82
LN100624,MA,2-4 Family,Owner,Cash-Out Refi,Full,728,65.3,75.3,31.2,398000.0,368150.0,609000.0,6.926,240,210,30,2024-03-01,Current,60.45
LN100625,CA,Condo,Second Home,Purchase,Full,746,82.6,82.6,24.2,615000.0,588862.5,745000.0,7.243,360,343,17,2025-04-01,Current,79.04
LN100626,FL,Condo,Second Home,Purchase,Full,782,83.1,83.1,54.1,477000.0,443610.0,574000.0,6.396,360,332,28,2024-05-01,Current,77.28
LN100627,GA,SFR,Owner,Purchase,Full,822,71.4,81.4,44.4,874000.0,845595.0,1224000.0,6.129,360,347,13,2025-08-01,Current,69.08
LN100628,AZ,SFR,Owner,Cash-Out Refi,Full,742,74.6,79.6,38.6,387000.0,372487.5,519000.0,6.918,180,165,15,2025-06-01,Current,71.77
LN100629,AZ,SFR,Owner,Rate/Term Refi,Full,746,70.3,70.3,27.6,532000.0,492100.0,757000.0,6.711,240,210,30,2024-03-01,Current,65.01
LN100630,CA,PUD,Owner,Purchase,Full,756,60.7,65.7,31.1,262000.0,241040.0,432000.0,6.737,360,328,32,2024-01-01,Current,55.8
LN100631,IL,SFR,Owner,Cash-Out Refi,Full,799,89.6,99.6,37.6,439000.0,439000.0,490000.0,6.596,240,240,0,2026-09-01,Current,89.59
LN100632,NJ,SFR,Owner,Rate/Term Refi,Full,747,78.5,78.5,28.1,804000.0,733650.0,1024000.0,6.867,240,205,35,2023-10-01,Current,71.65
LN100633,IL,SFR,Owner,Rate/Term Refi,Full,804,97.0,100.0,48.4,511000.0,476507.5,527000.0,6.511,360,333,27,2024-06-01,Current,90.42
LN100634,AZ,PUD,Owner,Purchase,Full,711,64.9,74.9,36.8,439000.0,401685.0,676000.0,7.349,240,206,34,2023-11-01,Current,59.42
LN100635,CO,PUD,Owner,Rate/Term Refi,Full,741,72.3,77.3,38.8,171000.0,170572.5,237000.0,6.846,180,179,1,2026-08-01,Current,71.97
LN100636,FL,SFR,Owner,Rate/Term Refi,Full,740,84.6,94.6,27.6,346000.0,318320.0,409000.0,6.762,240,208,32,2024-01-01,60,77.83
LN100637,IL,SFR,Owner,Purchase,Full,778,71.1,71.1,28.6,231000.0,225225.0,325000.0,6.86,360,350,10,2025-11-01,Current,69.3
LN100638,FL,2-4 Family,Owner,Purchase,Full,788,57.3,57.3,29.5,576000.0,538560.0,1005000.0,6.613,360,334,26,2024-07-01,Current,53.59
LN100639,TX,SFR,Owner,Cash-Out Refi,Full,691,62.6,62.6,37.9,295000.0,270662.5,471000.0,7.182,180,147,33,2023-12-01,Current,57.47
LN100640,CA,SFR,Owner,Purchase,DSCR,713,75.2,85.2,33.6,480000.0,475200.0,638000.0,7.178,240,236,4,2026-05-01,Current,74.48
LN100641,VA,PUD,Owner,Rate/Term Refi,Full,761,78.1,78.1,33.4,262000.0,254795.0,335000.0,6.766,360,349,11,2025-10-01,Current,76.06
LN100642,FL,PUD,Owner,Rate/Term Refi,Full,723,72.9,72.9,38.2,942000.0,876060.0,1292000.0,7.007,360,332,28,2024-05-01,Current,67.81
LN100643,NC,SFR,Owner,Purchase,Full,690,86.0,86.0,37.5,243000.0,242392.5,283000.0,6.82,180,179,1,2026-08-01,Current,85.65
LN100644,CA,SFR,Investor,Purchase,Full,787,85.9,85.9,47.4,434000.0,414470.0,505000.0,6.399,240,222,18,2025-03-01,Current,82.07
LN100645,WA,SFR,Owner,Rate/Term Refi,Full,767,77.9,82.9,34.2,1309000.0,1295910.0,1680000.0,6.52,360,356,4,2026-05-01,Current,77.14
LN100646,NC,PUD,Owner,Purchase,Full,767,74.3,79.3,27.7,450000.0,443250.0,606000.0,6.86,360,354,6,2026-03-01,Current,73.14
LN100647,CO,SFR,Owner,Rate/Term Refi,Full,730,71.0,71.0,35.6,278000.0,254370.0,392000.0,7.281,360,326,34,2023-11-01,Current,64.89
LN100648,NY,SFR,Owner,Purchase,DSCR,787,80.6,80.6,47.3,537000.0,499410.0,666000.0,6.692,360,332,28,2024-05-01,Current,74.99
LN100649,PA,SFR,Owner,Rate/Term Refi,DSCR,739,85.0,85.0,31.4,634000.0,611810.0,746000.0,6.998,360,346,14,2025-07-01,Current,82.01
LN100650,CA,PUD,Owner,Rate/Term Refi,Full,790,74.7,74.7,36.1,601000.0,582970.0,805000.0,6.935,360,348,12,2025-09-01,Current,72.42
LN100651,NC,Condo,Owner,Cash-Out Refi,Full,713,79.4,79.4,32.9,171000.0,165442.5,215000.0,7.074,240,227,13,2025-08-01,Current,76.95
LN100652,CA,Condo,Owner,Purchase,DSCR,716,70.1,70.1,38.9,450000.0,418500.0,642000.0,7.216,360,332,28,2024-05-01,Current,65.19
LN100653,IL,Condo,Investor,Cash-Out Refi,Full,756,57.1,62.1,37.8,159000.0,146280.0,278000.0,6.79,360,328,32,2024-01-01,Current,52.62
LN100654,CA,Condo,Owner,Purchase,Full,721,62.0,62.0,29.3,948000.0,910080.0,1529000.0,6.613,240,224,16,2025-05-01,30,59.52
LN100655,CA,2-4 Family,Owner,Purchase,Full,774,83.2,83.2,33.9,422000.0,390350.0,507000.0,6.915,360,330,30,2024-03-01,Current,76.99
LN100656,MA,Condo,Owner,Cash-Out Refi,Full,758,79.4,89.4,43.1,333000.0,313020.0,419000.0,6.945,360,336,24,2024-09-01,Current,74.71
LN100657,NC,PUD,Owner,Purchase,Full,713,93.1,98.1,44.4,551000.0,539980.0,592000.0,7.016,360,352,8,2026-01-01,Current,91.21
LN100658,CA,SFR,Owner,Purchase,Full,751,74.7,74.7,43.0,508000.0,496570.0,680000.0,6.632,180,171,9,2025-12-01,Current,73.02
LN100659,CA,2-4 Family,Owner,Purchase,Full,735,84.4,89.4,42.5,242000.0,239580.0,287000.0,6.766,360,356,4,2026-05-01,Current,83.48
LN100660,CA,SFR,Owner,Purchase,DSCR,783,89.9,89.9,33.1,841000.0,794745.0,935000.0,7.19,240,218,22,2024-11-01,Current,85.0
LN100661,NJ,SFR,Owner,Purchase,Full,724,85.9,85.9,32.9,367000.0,337640.0,427000.0,7.688,240,208,32,2024-01-01,Current,79.07
LN100662,NY,PUD,Owner,Purchase,Full,731,66.7,66.7,43.0,187000.0,172507.5,280000.0,7.105,360,329,31,2024-02-01,Current,61.61
LN100663,NJ,SFR,Owner,Purchase,Full,794,71.8,76.8,26.5,761000.0,736267.5,1060000.0,6.992,360,347,13,2025-08-01,Current,69.46
LN100664,WA,SFR,Owner,Cash-Out Refi,Bank Statement,830,75.6,85.6,35.3,808000.0,795880.0,1069000.0,6.089,360,354,6,2026-03-01,Current,74.45
LN100665,GA,SFR,Owner,Purchase,Full,824,62.2,62.2,21.1,714000.0,685440.0,1148000.0,6.676,180,164,16,2025-05-01,Current,59.71
LN100666,CA,Condo,Owner,Purchase,Full,750,79.7,79.7,32.7,522000.0,495900.0,655000.0,7.436,360,340,20,2025-01-01,Current,75.71
LN100667,NC,SFR,Owner,Purchase,Full,756,86.3,86.3,30.2,275000.0,271562.5,319000.0,7.377,360,355,5,2026-04-01,Current,85.13
LN100668,TX,PUD,Second Home,Purchase,DSCR,806,68.2,68.2,26.3,621000.0,605475.0,911000.0,6.261,360,350,10,2025-11-01,Current,66.46
LN100669,AZ,SFR,Investor,Purchase,Full,743,97.0,97.0,40.3,935000.0,902275.0,964000.0,7.43,360,346,14,2025-07-01,30,93.6
LN100670,CA,PUD,Owner,Purchase,Bank Statement,711,70.5,75.5,30.0,588000.0,554190.0,834000.0,7.059,240,217,23,2024-10-01,Current,66.45
LN100671,TX,SFR,Investor,Purchase,Full,752,71.6,71.6,32.8,834000.0,767280.0,1165000.0,7.12,240,208,32,2024-01-01,Current,65.86
LN100672,GA,SFR,Owner,Rate/Term Refi,Full,765,71.1,71.1,33.7,290000.0,278400.0,408000.0,6.61,240,224,16,2025-05-01,Current,68.24
LN100673,CA,PUD,Owner,Purchase,Bank Statement,716,65.5,65.5,29.9,644000.0,592480.0,983000.0,7.011,360,328,32,2024-01-01,Current,60.27
LN100674,CA,SFR,Owner,Purchase,Full,685,79.0,84.0,46.9,621000.0,619447.5,786000.0,7.187,360,359,1,2026-08-01,Current,78.81
LN100675,TX,SFR,Owner,Cash-Out Refi,Full,693,74.2,79.2,31.9,211000.0,207835.0,284000.0,7.351,180,174,6,2026-03-01,Current,73.18
LN100676,CA,SFR,Owner,Purchase,Full,773,93.9,98.9,37.3,199000.0,197507.5,212000.0,6.924,360,357,3,2026-06-01,Current,93.16
LN100677,NJ,SFR,Owner,Purchase,Full,719,81.3,91.3,25.5,297000.0,279922.5,365000.0,7.424,240,217,23,2024-10-01,Current,76.69
LN100678,VA,Condo,Owner,Rate/Term Refi,Full,743,80.5,80.5,32.0,425000.0,421812.5,528000.0,7.201,180,177,3,2026-06-01,Current,79.89
LN100679,NJ,SFR,Owner,Purchase,DSCR,756,71.3,81.3,33.2,501000.0,494737.5,703000.0,6.929,180,175,5,2026-04-01,Current,70.38
LN100680,NY,PUD,Owner,Cash-Out Refi,Full,772,57.0,57.0,33.3,370000.0,358900.0,649000.0,6.577,360,348,12,2025-09-01,Current,55.3
LN100681,AZ,2-4 Family,Owner,Cash-Out Refi,DSCR,735,72.9,72.9,31.1,398000.0,380090.0,546000.0,6.892,360,342,18,2025-03-01,Current,69.61
LN100682,WA,SFR,Owner,Purchase,Bank Statement,767,63.8,63.8,36.9,390000.0,376350.0,611000.0,6.686,360,346,14,2025-07-01,Current,61.6
LN100683,AZ,PUD,Owner,Cash-Out Refi,Full,714,85.4,95.4,48.0,426000.0,396180.0,499000.0,7.405,180,152,28,2024-05-01,Current,79.39
LN100684,AZ,SFR,Owner,Cash-Out Refi,Full,734,73.6,73.6,34.7,531000.0,488520.0,721000.0,7.013,360,328,32,2024-01-01,Current,67.76
LN100685,MA,SFR,Owner,Purchase,Full,709,94.0,94.0,34.6,511000.0,499502.5,544000.0,7.407,180,171,9,2025-12-01,Current,91.82
LN100686,AZ,PUD,Owner,Rate/Term Refi,Full,791,82.8,87.8,32.7,400000.0,395000.0,483000.0,6.721,180,175,5,2026-04-01,Current,81.78
LN100687,CA,PUD,Owner,Purchase,Full,747,84.0,94.0,55.0,460000.0,435850.0,548000.0,6.988,360,339,21,2024-12-01,Current,79.53
LN100688,NC,SFR,Second Home,Purchase,Full,720,76.8,81.8,48.4,335000.0,314900.0,436000.0,6.931,240,216,24,2024-09-01,Current,72.22
LN100689,WA,SFR,Owner,Purchase,Full,735,76.5,76.5,40.1,585000.0,574762.5,765000.0,6.536,240,233,7,2026-02-01,Current,75.13
LN100690,GA,Condo,Owner,Purchase,Full,740,81.8,81.8,41.3,327000.0,325365.0,400000.0,7.169,360,358,2,2026-07-01,Current,81.34
LN100691,FL,SFR,Owner,Rate/Term Refi,Full,775,85.1,95.1,30.2,852000.0,830700.0,1001000.0,6.989,360,350,10,2025-11-01,Current,82.99
LN100692,CA,PUD,Investor,Cash-Out Refi,Full,687,65.5,65.5,34.5,406000.0,381640.0,620000.0,6.94,180,156,24,2024-09-01,Current,61.55
LN100693,IL,SFR,Owner,Purchase,Bank Statement,709,79.9,84.9,37.4,463000.0,436377.5,579000.0,7.67,360,337,23,2024-10-01,Current,75.37
LN100694,TX,SFR,Owner,Cash-Out Refi,DSCR,734,97.0,97.0,36.7,292000.0,289080.0,301000.0,6.924,360,356,4,2026-05-01,Current,96.04
LN100695,WA,2-4 Family,Owner,Cash-Out Refi,Full,830,72.9,72.9,29.0,351000.0,340470.0,481000.0,6.646,360,348,12,2025-09-01,Current,70.78
LN100696,IL,PUD,Owner,Purchase,Full,784,70.9,75.9,29.6,441000.0,417847.5,622000.0,6.717,180,159,21,2024-12-01,60,67.18
LN100697,CO,Condo,Owner,Purchase,DSCR,744,65.7,70.7,39.8,413000.0,405772.5,629000.0,6.92,360,353,7,2026-02-01,Current,64.51
LN100698,CA,SFR,Owner,Rate/Term Refi,Full,775,56.6,61.6,38.2,311000.0,304002.5,549000.0,6.848,360,351,9,2025-12-01,Current,55.37
LN100699,GA,Condo,Owner,Purchase,Full,826,88.3,98.3,19.2,244000.0,237290.0,276000.0,6.805,360,349,11,2025-10-01,Current,85.97
LN100700,CA,SFR,Owner,Purchase,Full,739,74.7,74.7,36.5,417000.0,406575.0,558000.0,6.968,360,350,10,2025-11-01,Current,72.86
LN100701,NY,SFR,Investor,Purchase,Full,734,77.6,77.6,45.7,439000.0,409367.5,566000.0,6.757,360,333,27,2024-06-01,Current,72.33
LN100702,FL,SFR,Owner,Purchase,Full,794,96.1,96.1,30.7,524000.0,479460.0,545000.0,6.542,360,326,34,2023-11-01,Current,87.97
LN100703,PA,Condo,Owner,Purchase,Full,767,97.0,100.0,37.6,716000.0,689150.0,738000.0,7.064,360,345,15,2025-06-01,Current,93.38
LN100704,GA,2-4 Family,Owner,Purchase,Full,774,63.3,63.3,24.3,357000.0,333795.0,564000.0,7.031,360,334,26,2024-07-01,Current,59.18
LN100705,MA,SFR,Owner,Cash-Out Refi,Full,729,86.7,86.7,42.3,168000.0,159180.0,194000.0,7.361,240,219,21,2024-12-01,Current,82.05
LN100706,TX,PUD,Second Home,Purchase,Full,821,81.5,81.5,27.0,385000.0,359012.5,472000.0,6.53,360,333,27,2024-06-01,Current,76.06
LN100707,IL,Condo,Owner,Purchase,Full,813,78.8,83.8,25.9,180000.0,175950.0,228000.0,6.641,360,351,9,2025-12-01,Current,77.17
LN100708,VA,PUD,Owner,Purchase,Full,770,79.8,79.8,33.3,231000.0,210787.5,289000.0,6.998,240,205,35,2023-10-01,Current,72.94
LN100709,VA,2-4 Family,Owner,Rate/Term Refi,DSCR,774,73.7,73.7,54.4,650000.0,614250.0,882000.0,7.17,360,338,22,2024-11-01,Current,69.64
LN100710,WA,SFR,Owner,Purchase,Full,671,93.1,100.0,31.0,528000.0,528000.0,567000.0,7.365,240,240,0,2026-09-01,Current,93.12
LN100711,IL,SFR,Owner,Rate/Term Refi,Full,772,81.4,86.4,25.8,308000.0,307230.0,378000.0,7.012,360,359,1,2026-08-01,Current,81.28
LN100712,TX,SFR,Owner,Rate/Term Refi,Full,741,78.2,78.2,39.4,309000.0,282735.0,395000.0,7.054,360,326,34,2023-11-01,Current,71.58
LN100713,IL,SFR,Owner,Purchase,Full,764,89.0,89.0,37.6,394000.0,392030.0,443000.0,6.766,240,238,2,2026-07-01,Current,88.49
LN100714,VA,PUD,Owner,Purchase,DSCR,774,84.8,89.8,48.8,187000.0,180922.5,221000.0,6.6,240,227,13,2025-08-01,Current,81.87
LN100715,NC,Condo,Owner,Purchase,Full,735,79.6,79.6,25.8,508000.0,499110.0,638000.0,7.351,360,353,7,2026-02-01,Current,78.23
LN100716,NJ,SFR,Owner,Purchase,Full,684,78.0,83.0,23.2,351000.0,326430.0,450000.0,7.407,180,152,28,2024-05-01,Current,72.54
LN100717,WA,SFR,Second Home,Purchase,Full,762,95.1,100.0,33.3,934000.0,868620.0,982000.0,6.976,360,332,28,2024-05-01,Current,88.45
LN100718,CA,SFR,Owner,Purchase,Full,720,80.1,85.1,38.7,255000.0,233962.5,318000.0,7.155,360,327,33,2023-12-01,Current,73.57
LN100719,CA,Condo,Owner,Purchase,Full,735,73.0,73.0,38.6,643000.0,633355.0,881000.0,7.214,180,174,6,2026-03-01,Current,71.89
LN100720,FL,SFR,Owner,Cash-Out Refi,Full,725,63.7,63.7,44.3,303000.0,284820.0,476000.0,6.96,240,216,24,2024-09-01,Current,59.84
LN100721,VA,Condo,Owner,Rate/Term Refi,Bank Statement,735,69.9,79.9,24.0,648000.0,623700.0,927000.0,7.339,360,345,15,2025-06-01,Current,67.28
LN100722,NY,SFR,Owner,Purchase,Full,660,61.4,61.4,29.3,265000.0,249100.0,432000.0,7.238,180,156,24,2024-09-01,Current,57.66
LN100723,OH,Condo,Owner,Purchase,Full,794,75.3,75.3,34.7,570000.0,520125.0,757000.0,6.443,360,325,35,2023-10-01,Current,68.71
LN100724,NY,SFR,Owner,Purchase,Full,758,77.1,77.1,42.3,337000.0,331102.5,437000.0,6.844,240,233,7,2026-02-01,30,75.77
LN100725,NC,PUD,Owner,Purchase,Full,790,49.4,49.4,39.5,284000.0,278320.0,575000.0,6.169,180,172,8,2026-01-01,Current,48.4
LN100726,CO,2-4 Family,Owner,Cash-Out Refi,Full,823,74.3,74.3,32.5,384000.0,372480.0,517000.0,6.367,360,348,12,2025-09-01,Current,72.05
LN100727,CA,2-4 Family,Owner,Rate/Term Refi,Full,749,81.8,91.8,27.7,508000.0,501650.0,621000.0,7.279,180,175,5,2026-04-01,Current,80.78
LN100728,NY,SFR,Owner,Cash-Out Refi,Full,680,76.0,76.0,42.7,492000.0,473550.0,647000.0,7.755,360,345,15,2025-06-01,Current,73.19
LN100729,WA,Condo,Owner,Rate/Term Refi,Full,714,62.6,62.6,43.2,832000.0,813280.0,1329000.0,7.149,360,351,9,2025-12-01,Current,61.19
LN100730,PA,PUD,Owner,Rate/Term Refi,Full,702,89.3,89.3,55.0,593000.0,590035.0,664000.0,7.38,360,358,2,2026-07-01,Current,88.86
LN100731,NJ,SFR,Owner,Cash-Out Refi,Full,729,65.7,65.7,34.4,126000.0,120015.0,192000.0,6.706,360,341,19,2025-02-01,Current,62.51
LN100732,TX,SFR,Owner,Rate/Term Refi,Bank Statement,751,59.3,59.3,48.5,343000.0,324992.5,578000.0,6.486,360,339,21,2024-12-01,Current,56.23
LN100733,TX,PUD,Investor,Purchase,Full,672,61.1,71.1,26.3,168000.0,154560.0,275000.0,7.32,360,328,32,2024-01-01,Current,56.2
LN100734,NY,PUD,Owner,Rate/Term Refi,Bank Statement,761,73.9,73.9,31.5,346000.0,321780.0,468000.0,6.864,360,332,28,2024-05-01,Current,68.76
LN100735,FL,SFR,Owner,Rate/Term Refi,DSCR,691,85.8,95.8,30.5,543000.0,651600.0,633000.0,7.217,360,359,1,2026-08-01,Current,102.94
LN100736,FL,PUD,Owner,Rate/Term Refi,Full,759,88.0,88.0,32.1,226000.0,209050.0,257000.0,6.864,360,330,30,2024-03-01,Current,81.34
LN100737,WA,SFR,Owner,Purchase,Full,744,76.5,76.5,28.9,242000.0,230505.0,316000.0,7.339,180,161,19,2025-02-01,Current,72.94
LN100738,CA,PUD,Owner,Purchase,Full,736,59.7,59.7,31.5,438000.0,428145.0,734000.0,7.077,360,351,9,2025-12-01,Current,58.33
LN100739,FL,Condo,Owner,Purchase,Full,745,66.1,66.1,35.3,361000.0,361000.0,546000.0,6.854,240,240,0,2026-09-01,30,66.12
LN100740,CA,SFR,Owner,Purchase,Full,727,63.3,63.3,32.2,835000.0,764025.0,1319000.0,6.977,360,326,34,2023-11-01,Current,57.92
LN100741,CA,Condo,Owner,Purchase,DSCR,725,71.9,71.9,40.9,474000.0,432525.0,659000.0,7.337,360,325,35,2023-10-01,Current,65.63
LN100742,VA,SFR,Owner,Purchase,Full,684,52.7,57.7,35.1,521000.0,497555.0,989000.0,7.162,360,342,18,2025-03-01,Current,50.31
LN100743,CA,SFR,Investor,Purchase,Full,747,75.4,75.4,35.8,900000.0,864000.0,1194000.0,6.981,240,224,16,2025-05-01,Current,72.36
LN100744,AZ,SFR,Owner,Purchase,Full,818,81.8,81.8,47.3,328000.0,306680.0,401000.0,6.167,360,334,26,2024-07-01,Current,76.48
LN100745,GA,SFR,Owner,Purchase,Full,823,72.2,72.2,38.2,410000.0,385400.0,568000.0,6.012,360,336,24,2024-09-01,Current,67.85
LN100746,CA,2-4 Family,Owner,Purchase,Full,798,79.5,89.5,37.0,263000.0,258397.5,331000.0,6.18,360,353,7,2026-02-01,Current,78.07
LN100747,CA,PUD,Owner,Purchase,Full,775,62.8,62.8,35.6,461000.0,450627.5,734000.0,6.065,240,231,9,2025-12-01,Current,61.39
LN100748,CA,SFR,Owner,Cash-Out Refi,Full,722,56.6,66.6,36.3,653000.0,628512.5,1154000.0,6.88,240,225,15,2025-06-01,Current,54.46
LN100749,VA,Condo,Owner,Cash-Out Refi,Full,803,66.4,66.4,40.3,759000.0,726742.5,1143000.0,6.578,360,343,17,2025-04-01,30,63.58
LN100750,NY,SFR,Owner,Rate/Term Refi,Full,746,87.9,87.9,29.5,404000.0,401980.0,460000.0,6.835,360,358,2,2026-07-01,Current,87.39
LN100751,CA,SFR,Owner,Purchase,Full,745,86.4,86.4,44.7,299000.0,277322.5,346000.0,7.153,360,331,29,2024-04-01,Current,80.15
LN100752,PA,SFR,Owner,Purchase,Full,737,68.5,68.5,48.1,291000.0,286635.0,425000.0,7.023,240,234,6,2026-03-01,Current,67.44
LN100753,AZ,Condo,Owner,Cash-Out Refi,Full,751,88.5,93.5,44.8,220000.0,217800.0,249000.0,7.009,240,236,4,2026-05-01,30,87.47
LN100754,VA,SFR,Owner,Cash-Out Refi,Full,731,70.1,70.1,31.9,434000.0,400365.0,619000.0,6.597,360,329,31,2024-02-01,Current,64.68
LN100755,CA,SFR,Owner,Rate/Term Refi,Full,745,92.2,92.2,23.3,756000.0,742770.0,820000.0,7.462,240,233,7,2026-02-01,Current,90.58
LN100756,WA,SFR,Owner,Purchase,Full,707,79.8,89.8,32.3,142000.0,137385.0,178000.0,7.549,360,347,13,2025-08-01,Current,77.18
LN100757,NC,SFR,Owner,Cash-Out Refi,Full,734,68.6,68.6,37.0,155000.0,151125.0,226000.0,6.787,240,230,10,2025-11-01,Current,66.87
LN100758,NY,PUD,Owner,Cash-Out Refi,DSCR,830,83.6,88.6,42.3,771000.0,761362.5,922000.0,6.99,180,175,5,2026-04-01,Current,82.58
LN100759,NY,SFR,Owner,Purchase,Full,745,64.7,64.7,34.3,200000.0,185500.0,309000.0,6.838,180,151,29,2024-04-01,Current,60.03
LN100760,CA,Condo,Investor,Purchase,DSCR,739,62.8,62.8,33.4,477000.0,456727.5,760000.0,6.647,180,163,17,2025-04-01,Current,60.1
LN100761,CA,PUD,Owner,Purchase,Full,768,56.6,61.6,47.7,234000.0,215280.0,413000.0,6.505,360,328,32,2024-01-01,Current,52.13
LN100762,TX,SFR,Owner,Purchase,Bank Statement,775,77.1,87.1,30.5,584000.0,534360.0,757000.0,6.307,240,206,34,2023-11-01,Current,70.59
LN100763,NY,SFR,Owner,Purchase,Full,706,73.4,73.4,44.1,585000.0,546975.0,797000.0,7.06,240,214,26,2024-07-01,Current,68.63
LN100764,CA,Condo,Owner,Rate/Term Refi,Full,740,73.1,73.1,42.9,444000.0,414030.0,607000.0,6.541,180,153,27,2024-06-01,Current,68.21
LN100765,CA,SFR,Owner,Rate/Term Refi,Full,783,69.1,69.1,25.3,596000.0,584080.0,863000.0,6.925,360,352,8,2026-01-01,Current,67.68
LN100766,WA,Condo,Owner,Purchase,Full,758,91.3,91.3,37.9,421000.0,409422.5,461000.0,7.094,360,349,11,2025-10-01,Current,88.81
LN100767,PA,2-4 Family,Owner,Purchase,Full,753,68.9,73.9,31.4,530000.0,515425.0,769000.0,6.473,240,229,11,2025-10-01,Current,67.03
LN100768,TX,SFR,Owner,Rate/Term Refi,DSCR,807,65.3,70.3,28.3,934000.0,852275.0,1430000.0,6.604,360,325,35,2023-10-01,Current,59.6
LN100769,IL,PUD,Owner,Purchase,Full,722,89.0,89.0,21.3,674000.0,630190.0,757000.0,6.778,360,334,26,2024-07-01,Current,83.25
LN100770,NY,SFR,Owner,Purchase,Full,751,91.1,91.1,23.5,306000.0,297585.0,336000.0,7.093,240,229,11,2025-10-01,Current,88.57
LN100771,GA,SFR,Owner,Purchase,Full,728,78.1,88.1,39.0,287000.0,275520.0,367000.0,7.182,240,224,16,2025-05-01,Current,75.07
LN100772,IL,SFR,Owner,Purchase,Full,805,53.1,53.1,32.7,370000.0,339475.0,697000.0,6.367,180,147,33,2023-12-01,Current,48.71
LN100773,IL,PUD,Owner,Purchase,Full,674,66.8,66.8,37.9,372000.0,360840.0,557000.0,6.992,180,168,12,2025-09-01,Current,64.78
LN100774,CA,SFR,Owner,Cash-Out Refi,Full,723,81.4,86.4,27.4,426000.0,400440.0,523000.0,7.097,360,336,24,2024-09-01,Current,76.57
LN100775,CA,SFR,Owner,Rate/Term Refi,Full,728,74.2,84.2,33.3,314000.0,286525.0,423000.0,6.977,180,145,35,2023-10-01,Current,67.74
LN100776,NY,SFR,Owner,Purchase,Full,773,92.6,100.0,33.6,553000.0,505995.0,597000.0,6.952,240,206,34,2023-11-01,Current,84.76
LN100777,CA,SFR,Owner,Purchase,DSCR,771,57.6,67.6,23.7,419000.0,409572.5,727000.0,6.97,360,351,9,2025-12-01,Current,56.34
LN100778,TX,SFR,Owner,Rate/Term Refi,Full,801,82.1,82.1,22.7,485000.0,455900.0,591000.0,7.087,360,336,24,2024-09-01,Current,77.14
LN100779,CA,PUD,Owner,Purchase,Full,688,66.5,71.5,39.2,414000.0,385020.0,623000.0,7.581,360,332,28,2024-05-01,Current,61.8
LN100780,GA,SFR,Second Home,Purchase,Full,777,89.9,94.9,36.9,544000.0,515440.0,605000.0,6.728,360,339,21,2024-12-01,Current,85.2
LN100781,TX,SFR,Owner,Cash-Out Refi,Full,737,73.1,73.1,28.5,241000.0,237385.0,330000.0,6.771,360,354,6,2026-03-01,Current,71.93
LN100782,AZ,Condo,Owner,Purchase,Full,723,86.4,96.4,35.0,840000.0,825300.0,972000.0,7.18,180,173,7,2026-02-01,Current,84.91
LN100783,WA,SFR,Owner,Purchase,Full,769,66.2,66.2,41.0,482000.0,443440.0,728000.0,6.806,360,328,32,2024-01-01,Current,60.91
LN100784,CO,SFR,Owner,Cash-Out Refi,Full,713,57.1,67.1,50.1,505000.0,479750.0,884000.0,6.428,360,340,20,2025-01-01,Current,54.27
LN100785,TX,SFR,Owner,Purchase,Full,669,60.7,60.7,28.8,544000.0,530400.0,896000.0,7.089,360,350,10,2025-11-01,Current,59.2
LN100786,CA,Condo,Owner,Purchase,Full,734,66.7,66.7,40.6,672000.0,666960.0,1007000.0,7.36,180,177,3,2026-06-01,Current,66.23
LN100787,VA,SFR,Owner,Purchase,Full,691,61.7,66.7,52.4,575000.0,527562.5,932000.0,6.81,360,327,33,2023-12-01,Current,56.61
LN100788,NY,SFR,Owner,Purchase,Full,723,88.4,93.4,36.3,460000.0,456550.0,520000.0,7.01,360,357,3,2026-06-01,Current,87.8
LN100789,NC,SFR,Owner,Rate/Term Refi,Full,762,90.1,95.1,47.3,381000.0,357187.5,423000.0,6.801,360,335,25,2024-08-01,Current,84.44
LN100790,NY,SFR,Owner,Cash-Out Refi,Full,760,77.3,77.3,15.5,197000.0,194045.0,255000.0,6.984,360,354,6,2026-03-01,Current,76.1
LN100791,CA,SFR,Owner,Purchase,Full,808,61.6,71.6,47.1,455000.0,419737.5,739000.0,6.401,360,329,31,2024-02-01,Current,56.8
LN100792,CA,SFR,Owner,Cash-Out Refi,Full,740,72.6,72.6,35.7,359000.0,342845.0,494000.0,6.854,240,222,18,2025-03-01,Current,69.4
LN100793,CA,SFR,Investor,Purchase,Full,690,65.8,65.8,21.1,359000.0,339255.0,546000.0,6.787,180,158,22,2024-11-01,Current,62.13
LN100794,CA,SFR,Owner,Purchase,Bank Statement,719,91.4,100.0,41.9,1220000.0,1210850.0,1335000.0,7.401,180,177,3,2026-06-01,Current,90.7
LN100795,NC,SFR,Owner,Purchase,Full,713,77.8,77.8,44.0,179000.0,177657.5,230000.0,7.149,360,357,3,2026-06-01,Current,77.24
LN100796,OH,SFR,Owner,Cash-Out Refi,Full,702,79.9,89.9,45.2,424000.0,422940.0,531000.0,7.069,180,179,1,2026-08-01,Current,79.65
LN100797,FL,SFR,Owner,Rate/Term Refi,Full,765,69.2,74.2,45.2,714000.0,689010.0,1032000.0,6.757,180,166,14,2025-07-01,Current,66.76
LN100798,PA,PUD,Owner,Purchase,Full,723,49.9,49.9,35.5,638000.0,617265.0,1279000.0,7.007,180,167,13,2025-08-01,Current,48.26
LN100799,CA,SFR,Owner,Purchase,Full,673,64.7,69.7,29.9,723000.0,659737.5,1117000.0,6.888,360,325,35,2023-10-01,30,59.06
LN100800,FL,PUD,Owner,Purchase,Full,774,60.6,60.6,32.2,234000.0,222885.0,386000.0,6.223,240,221,19,2025-02-01,Current,57.74
LN100801,WA,SFR,Owner,Cash-Out Refi,Full,744,78.4,78.4,35.5,269000.0,266310.0,343000.0,6.713,360,356,4,2026-05-01,Current,77.64
LN100802,AZ,SFR,Owner,Purchase,Bank Statement,762,75.2,75.2,38.9,547000.0,536060.0,727000.0,6.61,360,352,8,2026-01-01,Current,73.74
LN100803,CA,2-4 Family,Owner,Purchase,Full,752,64.4,64.4,32.0,363000.0,345757.5,564000.0,6.018,360,341,19,2025-02-01,Current,61.3
LN100804,MA,SFR,Owner,Purchase,Full,772,69.3,69.3,36.1,895000.0,836825.0,1291000.0,6.558,180,154,26,2024-07-01,Current,64.82
LN100805,PA,SFR,Owner,Purchase,Full,749,92.8,92.8,42.6,459000.0,438345.0,495000.0,7.361,360,342,18,2025-03-01,Current,88.55
LN100806,TX,Condo,Owner,Cash-Out Refi,Full,795,62.5,62.5,38.3,453000.0,430350.0,725000.0,6.421,360,340,20,2025-01-01,Current,59.36
LN100807,TX,SFR,Owner,Purchase,Full,764,63.0,63.0,53.8,506000.0,487025.0,803000.0,6.949,180,165,15,2025-06-01,Current,60.65
LN100808,AZ,SFR,Owner,Cash-Out Refi,Full,763,71.3,71.3,52.7,367000.0,343145.0,515000.0,6.064,240,214,26,2024-07-01,Current,66.63
LN100809,FL,PUD,Owner,Cash-Out Refi,Bank Statement,764,65.6,65.6,26.8,438000.0,427050.0,668000.0,6.692,360,350,10,2025-11-01,Current,63.93
LN100810,IL,2-4 Family,Owner,Rate/Term Refi,Full,693,68.9,78.9,31.3,306000.0,306000.0,444000.0,7.526,360,360,0,2026-09-01,Current,68.92
LN100811,VA,SFR,Owner,Rate/Term Refi,Full,742,80.4,80.4,25.5,408000.0,396780.0,507000.0,7.393,180,169,11,2025-10-01,Current,78.26
LN100812,AZ,PUD,Owner,Purchase,DSCR,738,94.8,94.8,26.6,334000.0,308950.0,352000.0,7.043,240,210,30,2024-03-01,30,87.77
LN100813,CA,2-4 Family,Owner,Purchase,Bank Statement,756,52.6,52.6,40.1,466000.0,457845.0,886000.0,6.432,180,173,7,2026-02-01,Current,51.68
LN100814,TX,Condo,Second Home,Purchase,Full,696,73.8,73.8,28.0,220000.0,214500.0,298000.0,7.306,180,170,10,2025-11-01,Current,71.98
LN100815,VA,SFR,Owner,Purchase,Full,810,74.5,74.5,27.5,212000.0,207230.0,285000.0,6.228,180,171,9,2025-12-01,Current,72.71
LN100816,OH,SFR,Owner,Purchase,Full,752,73.0,78.0,33.6,511000.0,481617.5,700000.0,6.775,240,217,23,2024-10-01,Current,68.8
LN100817,TX,SFR,Second Home,Cash-Out Refi,Full,702,71.8,71.8,42.1,460000.0,458850.0,641000.0,6.736,360,359,1,2026-08-01,Current,71.58
LN100818,CA,SFR,Owner,Purchase,Full,683,69.9,79.9,33.0,269000.0,253532.5,385000.0,7.27,360,337,23,2024-10-01,Current,65.85
LN100819,GA,SFR,Owner,Purchase,Full,737,86.1,86.1,33.0,375000.0,350625.0,436000.0,7.088,360,334,26,2024-07-01,Current,80.42
LN100820,CA,SFR,Investor,Cash-Out Refi,Bank Statement,745,68.4,73.4,43.0,259000.0,247992.5,379000.0,7.27,360,343,17,2025-04-01,Current,65.43
LN100821,TX,SFR,Owner,Purchase,Full,721,72.5,72.5,39.5,1041000.0,957720.0,1436000.0,7.137,360,328,32,2024-01-01,Current,66.69
LN100822,FL,Condo,Second Home,Purchase,Full,752,74.0,74.0,39.3,206000.0,194670.0,278000.0,6.711,360,338,22,2024-11-01,Current,70.03
LN100823,CA,SFR,Owner,Cash-Out Refi,Full,724,75.3,80.3,43.2,899000.0,883267.5,1194000.0,7.034,360,353,7,2026-02-01,Current,73.98
LN100824,CO,SFR,Owner,Purchase,Full,769,71.9,81.9,27.8,287000.0,275520.0,399000.0,6.43,360,344,16,2025-05-01,Current,69.05
LN100825,VA,SFR,Owner,Rate/Term Refi,DSCR,720,86.0,91.0,37.5,503000.0,500485.0,585000.0,7.197,180,178,2,2026-07-01,Current,85.55
LN100826,FL,Condo,Owner,Cash-Out Refi,DSCR,747,73.9,83.9,30.8,370000.0,341325.0,501000.0,6.851,360,329,31,2024-02-01,Current,68.13
LN100827,CO,SFR,Owner,Purchase,Bank Statement,785,76.1,81.1,43.8,351000.0,339592.5,461000.0,6.804,240,227,13,2025-08-01,Current,73.66
LN100828,CA,SFR,Owner,Purchase,Full,830,73.4,83.4,42.2,634000.0,578525.0,864000.0,6.636,360,325,35,2023-10-01,Current,66.96
LN100829,FL,SFR,Owner,Cash-Out Refi,Bank Statement,710,62.0,62.0,27.6,601000.0,596492.5,969000.0,6.507,240,237,3,2026-06-01,Current,61.56
LN100830,CA,SFR,Owner,Purchase,Bank Statement,730,64.0,69.0,46.3,365000.0,334887.5,570000.0,6.99,360,327,33,2023-12-01,Current,58.75
LN100831,CA,SFR,Investor,Rate/Term Refi,Full,716,61.4,61.4,26.6,277000.0,266612.5,451000.0,7.151,180,165,15,2025-06-01,Current,59.12
LN100832,TX,SFR,Owner,Purchase,DSCR,778,76.3,81.3,45.0,1058000.0,973360.0,1387000.0,6.443,180,148,32,2024-01-01,Current,70.18
LN100833,FL,PUD,Owner,Purchase,DSCR,704,65.4,65.4,37.4,783000.0,765382.5,1197000.0,7.554,360,351,9,2025-12-01,Current,63.94
LN100834,CA,SFR,Owner,Purchase,Bank Statement,730,61.3,61.3,28.9,444000.0,426240.0,724000.0,6.701,360,344,16,2025-05-01,Current,58.87
LN100835,AZ,SFR,Owner,Purchase,DSCR,747,76.9,76.9,27.0,364000.0,345800.0,473000.0,7.552,360,340,20,2025-01-01,60,73.11
LN100836,AZ,2-4 Family,Owner,Purchase,Full,711,80.3,80.3,33.4,475000.0,454812.5,592000.0,7.381,180,163,17,2025-04-01,Current,76.83
LN100837,TX,SFR,Owner,Rate/Term Refi,DSCR,712,52.9,62.9,35.6,432000.0,403920.0,817000.0,7.147,360,334,26,2024-07-01,Current,49.44
LN100838,NY,SFR,Owner,Purchase,Full,730,94.3,94.3,30.2,714000.0,705075.0,757000.0,7.279,180,175,5,2026-04-01,Current,93.14
LN100839,TX,PUD,Investor,Cash-Out Refi,Bank Statement,668,74.4,84.4,40.2,270000.0,249075.0,363000.0,7.637,360,329,31,2024-02-01,Current,68.62
LN100840,CA,2-4 Family,Second Home,Purchase,Full,693,72.7,77.7,24.7,421000.0,419947.5,579000.0,6.958,360,359,1,2026-08-01,Current,72.53
LN100841,OH,PUD,Owner,Purchase,Full,732,86.8,86.8,35.7,293000.0,274687.5,338000.0,6.922,240,215,25,2024-08-01,Current,81.27
LN100842,OH,Condo,Owner,Purchase,Full,754,74.8,84.8,35.8,750000.0,729375.0,1003000.0,6.381,360,349,11,2025-10-01,Current,72.72
LN100843,NY,SFR,Owner,Purchase,DSCR,741,66.8,71.8,21.0,938000.0,869995.0,1404000.0,7.006,360,331,29,2024-04-01,Current,61.97
LN100844,NJ,SFR,Owner,Purchase,Bank Statement,681,97.0,100.0,38.2,400000.0,375000.0,412000.0,7.354,360,335,25,2024-08-01,Current,91.02
LN100845,IL,PUD,Investor,Rate/Term Refi,Full,730,61.1,66.1,25.8,531000.0,484537.5,869000.0,7.067,360,325,35,2023-10-01,Current,55.76
LN100846,OH,SFR,Investor,Purchase,Full,778,72.8,72.8,16.1,785000.0,761450.0,1078000.0,6.858,360,348,12,2025-09-01,Current,70.64
LN100847,AZ,SFR,Owner,Cash-Out Refi,Full,769,84.2,94.2,30.9,364000.0,351260.0,432000.0,6.54,360,346,14,2025-07-01,Current,81.31
LN100848,VA,SFR,Owner,Purchase,Full,745,61.2,61.2,34.0,274000.0,257560.0,448000.0,6.966,240,216,24,2024-09-01,Current,57.49
LN100849,WA,SFR,Owner,Purchase,Full,714,72.8,72.8,42.9,666000.0,657675.0,915000.0,7.157,360,355,5,2026-04-01,Current,71.88
LN100850,WA,SFR,Owner,Cash-Out Refi,Full,772,78.6,78.6,31.9,524000.0,513520.0,667000.0,6.852,360,352,8,2026-01-01,Current,76.99
LN100851,AZ,PUD,Owner,Purchase,Full,726,97.0,100.0,47.4,380000.0,374300.0,392000.0,7.377,180,174,6,2026-03-01,Current,95.48
LN100852,NJ,SFR,Owner,Cash-Out Refi,Bank Statement,704,63.3,68.3,47.1,804000.0,787920.0,1270000.0,7.05,360,352,8,2026-01-01,Current,62.04
LN100853,CA,SFR,Owner,Cash-Out Refi,Full,718,73.4,78.4,44.4,464000.0,445440.0,632000.0,7.077,360,344,16,2025-05-01,Current,70.48
LN100854,NC,SFR,Owner,Purchase,Full,803,81.9,81.9,46.2,187000.0,175780.0,228000.0,6.913,360,336,24,2024-09-01,Current,77.1
LN100855,NC,SFR,Investor,Purchase,Bank Statement,756,75.0,75.0,38.5,487000.0,457780.0,649000.0,6.613,360,336,24,2024-09-01,90+,70.54
LN100856,PA,2-4 Family,Owner,Purchase,Full,792,59.6,59.6,31.4,406000.0,401940.0,681000.0,6.191,240,236,4,2026-05-01,Current,59.02
LN100857,FL,SFR,Owner,Purchase,Full,730,78.9,78.9,40.9,972000.0,901530.0,1232000.0,6.866,360,331,29,2024-04-01,Current,73.18
LN100858,CO,PUD,Owner,Cash-Out Refi,Full,784,75.3,80.3,43.4,414000.0,406755.0,550000.0,6.956,360,353,7,2026-02-01,Current,73.96
LN100859,FL,Condo,Owner,Rate/Term Refi,Full,725,79.3,79.3,37.6,380000.0,375250.0,479000.0,7.01,240,235,5,2026-04-01,Current,78.34
LN100860,WA,SFR,Owner,Purchase,Full,742,87.6,92.6,33.8,508000.0,485140.0,580000.0,7.552,360,342,18,2025-03-01,Current,83.64
LN100861,CA,SFR,Investor,Purchase,Full,830,86.2,86.2,23.4,466000.0,445030.0,541000.0,5.758,240,222,18,2025-03-01,Current,82.26
LN100862,NJ,SFR,Owner,Cash-Out Refi,Full,777,78.9,78.9,41.1,221000.0,201662.5,280000.0,6.596,360,325,35,2023-10-01,Current,72.02
LN100863,CA,SFR,Owner,Purchase,DSCR,729,77.7,87.7,38.5,440000.0,437800.0,566000.0,6.939,360,358,2,2026-07-01,Current,77.35
LN100864,NY,SFR,Owner,Purchase,Full,745,60.8,60.8,25.5,360000.0,360000.0,592000.0,6.854,180,180,0,2026-09-01,Current,60.81
LN100865,CA,SFR,Second Home,Purchase,Full,760,72.4,77.4,36.5,785000.0,745750.0,1084000.0,7.147,240,220,20,2025-01-01,Current,68.8
LN100866,OH,SFR,Owner,Purchase,Full,794,76.6,86.6,41.5,1228000.0,1148180.0,1603000.0,6.603,360,334,26,2024-07-01,Current,71.63
LN100867,NC,SFR,Owner,Purchase,Full,729,69.2,69.2,34.9,252000.0,232470.0,364000.0,6.711,360,329,31,2024-02-01,Current,63.87
LN100868,VA,PUD,Owner,Rate/Term Refi,Full,682,75.2,75.2,41.9,270000.0,263925.0,359000.0,7.518,360,351,9,2025-12-01,Current,73.52
LN100869,NC,SFR,Owner,Cash-Out Refi,Full,737,64.1,64.1,41.7,286000.0,277420.0,446000.0,7.255,360,348,12,2025-09-01,Current,62.2
LN100870,MA,SFR,Owner,Purchase,Full,749,92.4,92.4,24.1,310000.0,286750.0,335000.0,6.438,360,330,30,2024-03-01,30,85.6
LN100871,AZ,SFR,Owner,Purchase,Full,752,97.0,97.0,33.4,306000.0,287640.0,315000.0,7.251,360,336,24,2024-09-01,Current,91.31
LN100872,CA,SFR,Owner,Purchase,Full,798,69.3,79.3,39.6,428000.0,422650.0,618000.0,6.627,180,175,5,2026-04-01,Current,68.39
LN100873,CA,2-4 Family,Owner,Purchase,Full,760,78.8,78.8,43.0,681000.0,643545.0,864000.0,6.667,360,338,22,2024-11-01,Current,74.48
LN100874,NC,Condo,Owner,Cash-Out Refi,Full,779,71.2,71.2,46.9,232000.0,225620.0,326000.0,6.567,240,229,11,2025-10-01,Current,69.21
LN100875,TX,SFR,Owner,Cash-Out Refi,Full,706,89.2,89.2,20.6,209000.0,196982.5,234000.0,7.376,240,217,23,2024-10-01,Current,84.18
LN100876,NC,SFR,Owner,Purchase,Full,781,79.2,89.2,35.2,182000.0,181545.0,230000.0,6.761,240,239,1,2026-08-01,30,78.93
LN100877,NY,Condo,Owner,Rate/Term Refi,Full,828,74.9,79.9,41.4,686000.0,675710.0,916000.0,6.367,240,234,6,2026-03-01,Current,73.77
LN100878,VA,SFR,Owner,Purchase,Full,777,71.3,71.3,45.4,758000.0,744735.0,1063000.0,6.406,360,353,7,2026-02-01,Current,70.06
LN100879,FL,SFR,Investor,Purchase,Full,758,75.5,75.5,49.1,209000.0,199595.0,277000.0,6.926,360,342,18,2025-03-01,Current,72.06
LN100880,CA,Condo,Owner,Purchase,Full,754,62.0,62.0,28.4,200000.0,192500.0,323000.0,6.577,360,345,15,2025-06-01,Current,59.6
LN100881,NJ,SFR,Owner,Rate/Term Refi,Full,816,82.1,82.1,32.8,443000.0,441892.5,540000.0,6.595,360,359,1,2026-08-01,Current,81.83
LN100882,TX,SFR,Owner,Purchase,Full,713,65.4,65.4,27.4,683000.0,664217.5,1044000.0,6.877,180,169,11,2025-10-01,Current,63.62
LN100883,FL,Condo,Owner,Rate/Term Refi,Full,744,80.4,80.4,42.2,659000.0,635935.0,820000.0,7.038,360,346,14,2025-07-01,Current,77.55
LN100884,GA,PUD,Investor,Purchase,Bank Statement,765,75.6,75.6,25.3,455000.0,427700.0,602000.0,7.001,360,336,24,2024-09-01,Current,71.05
LN100885,TX,SFR,Second Home,Cash-Out Refi,Full,776,87.1,97.1,45.1,568000.0,566580.0,652000.0,6.922,240,239,1,2026-08-01,Current,86.9
LN100886,OH,SFR,Owner,Purchase,Full,731,73.8,78.8,43.2,484000.0,482790.0,656000.0,7.165,180,179,1,2026-08-01,Current,73.6
LN100887,CA,SFR,Owner,Purchase,Full,760,86.3,86.3,39.6,325000.0,297375.0,377000.0,6.603,240,206,34,2023-11-01,Current,78.88
LN100888,GA,Condo,Owner,Purchase,Full,737,62.9,67.9,18.6,986000.0,958885.0,1568000.0,6.971,360,349,11,2025-10-01,Current,61.15
LN100889,VA,SFR,Owner,Rate/Term Refi,Full,753,81.3,81.3,30.4,417000.0,404490.0,513000.0,7.015,360,348,12,2025-09-01,Current,78.85
LN100890,AZ,SFR,Owner,Purchase,Full,743,71.3,76.3,41.7,253000.0,244145.0,355000.0,6.746,360,346,14,2025-07-01,Current,68.77
LN100891,CA,SFR,Owner,Purchase,Full,705,76.3,81.3,24.6,338000.0,331240.0,443000.0,7.139,240,232,8,2026-01-01,Current,74.77
LN100892,CA,PUD,Owner,Purchase,Full,747,74.9,79.9,33.9,209000.0,204820.0,279000.0,6.214,360,352,8,2026-01-01,Current,73.41
LN100893,GA,SFR,Owner,Purchase,Full,781,85.2,85.2,34.9,421000.0,387320.0,494000.0,6.833,180,148,32,2024-01-01,Current,78.4
LN100894,NC,SFR,Owner,Purchase,Full,711,49.8,49.8,42.8,684000.0,680580.0,1373000.0,6.777,360,358,2,2026-07-01,Current,49.57
LN100895,GA,PUD,Owner,Purchase,Full,739,77.9,77.9,38.0,236000.0,227150.0,303000.0,6.424,360,345,15,2025-06-01,Current,74.97
LN100896,PA,SFR,Owner,Purchase,Full,773,56.1,66.1,37.9,694000.0,690530.0,1237000.0,6.697,360,358,2,2026-07-01,Current,55.82
LN100897,WA,SFR,Investor,Purchase,Full,707,88.5,88.5,32.3,1072000.0,1023760.0,1211000.0,7.13,360,342,18,2025-03-01,Current,84.54
LN100898,OH,SFR,Owner,Rate/Term Refi,Full,755,50.3,60.3,35.8,495000.0,466537.5,984000.0,6.69,180,157,23,2024-10-01,Current,47.41
LN100899,PA,SFR,Investor,Purchase,Full,708,62.0,62.0,34.7,248000.0,228780.0,400000.0,6.959,240,209,31,2024-02-01,Current,57.19
LN100900,WA,PUD,Investor,Cash-Out Refi,DSCR,791,53.9,58.9,41.5,285000.0,281437.5,529000.0,6.561,360,355,5,2026-04-01,Current,53.2
LN100901,GA,PUD,Owner,Cash-Out Refi,Full,830,93.7,93.7,34.3,359000.0,342845.0,383000.0,6.626,360,342,18,2025-03-01,Current,89.52
LN100902,CA,SFR,Owner,Purchase,Full,825,58.5,58.5,43.9,235000.0,222075.0,402000.0,6.21,360,338,22,2024-11-01,Current,55.24
LN100903,PA,Condo,Owner,Purchase,Full,740,75.4,75.4,22.3,238000.0,229670.0,316000.0,7.085,360,346,14,2025-07-01,Current,72.68
LN100904,NY,Condo,Owner,Purchase,Full,776,67.6,67.6,45.2,372000.0,367350.0,550000.0,6.876,360,355,5,2026-04-01,Current,66.79
LN100905,IL,Condo,Owner,Cash-Out Refi,Full,753,52.4,52.4,34.4,385000.0,359975.0,735000.0,6.085,360,334,26,2024-07-01,Current,48.98
LN100906,CO,PUD,Owner,Purchase,Full,752,70.0,70.0,44.7,549000.0,543510.0,784000.0,6.842,180,176,4,2026-05-01,Current,69.33
LN100907,VA,2-4 Family,Owner,Purchase,Full,807,82.0,92.0,36.4,243000.0,236925.0,296000.0,6.476,360,350,10,2025-11-01,Current,80.04
LN100908,TX,SFR,Owner,Rate/Term Refi,Full,698,71.8,71.8,42.5,970000.0,892400.0,1351000.0,6.9,360,328,32,2024-01-01,Current,66.05
LN100909,NC,PUD,Second Home,Purchase,Full,788,85.3,85.3,47.6,674000.0,665575.0,790000.0,7.099,240,235,5,2026-04-01,Current,84.25
LN100910,NJ,SFR,Owner,Cash-Out Refi,Full,746,69.7,69.7,31.4,624000.0,592800.0,895000.0,7.108,360,340,20,2025-01-01,Current,66.23
LN100911,FL,SFR,Owner,Purchase,DSCR,802,74.1,74.1,36.4,312000.0,292500.0,421000.0,6.317,240,215,25,2024-08-01,Current,69.48
LN100912,NY,2-4 Family,Owner,Purchase,Bank Statement,755,69.4,79.4,34.4,914000.0,840880.0,1317000.0,6.531,360,328,32,2024-01-01,Current,63.85
LN100913,VA,SFR,Owner,Purchase,DSCR,722,78.1,78.1,37.4,358000.0,342785.0,458000.0,7.301,360,343,17,2025-04-01,Current,74.84
LN100914,FL,SFR,Owner,Purchase,Full,759,96.8,100.0,22.9,946000.0,905795.0,977000.0,6.904,240,223,17,2025-04-01,60,92.71
LN100915,GA,SFR,Second Home,Purchase,Full,776,78.3,78.3,34.4,677000.0,617762.5,865000.0,6.692,360,325,35,2023-10-01,Current,71.42
LN100916,MA,PUD,Owner,Rate/Term Refi,Bank Statement,749,76.3,81.3,33.8,279000.0,270630.0,366000.0,6.422,360,348,12,2025-09-01,Current,73.94
LN100917,FL,SFR,Owner,Purchase,Bank Statement,767,66.6,66.6,29.5,341000.0,324802.5,512000.0,6.677,180,161,19,2025-02-01,Current,63.44
LN100918,TX,SFR,Owner,Purchase,Full,728,64.9,74.9,34.2,970000.0,936050.0,1495000.0,7.212,240,226,14,2025-07-01,Current,62.61
LN100919,CA,SFR,Owner,Purchase,Full,667,91.6,91.6,23.6,656000.0,603520.0,716000.0,7.445,360,328,32,2024-01-01,Current,84.29
LN100920,CA,PUD,Owner,Purchase,Full,782,60.7,65.7,46.8,390000.0,375375.0,643000.0,6.532,180,165,15,2025-06-01,Current,58.38
LN100921,VA,SFR,Owner,Purchase,Full,775,63.0,63.0,39.3,458000.0,456855.0,727000.0,7.063,360,359,1,2026-08-01,Current,62.84
LN100922,TX,SFR,Investor,Purchase,Full,754,72.8,72.8,50.6,457000.0,447860.0,628000.0,7.07,240,232,8,2026-01-01,Current,71.32
LN100923,TX,SFR,Investor,Purchase,Full,751,68.9,68.9,28.8,295000.0,295000.0,428000.0,7.186,240,240,0,2026-09-01,Current,68.93
LN100924,AZ,SFR,Owner,Rate/Term Refi,Full,787,97.0,100.0,26.5,382000.0,372450.0,394000.0,7.052,360,350,10,2025-11-01,Current,94.53
LN100925,TX,Condo,Owner,Cash-Out Refi,Full,731,45.6,45.6,38.0,310000.0,300700.0,680000.0,7.017,360,348,12,2025-09-01,Current,44.22
LN100926,TX,SFR,Owner,Purchase,Full,721,78.3,83.3,22.6,344000.0,323360.0,439000.0,6.687,240,216,24,2024-09-01,Current,73.66
LN100927,OH,SFR,Owner,Rate/Term Refi,Full,741,82.6,87.6,37.5,516000.0,477300.0,625000.0,6.821,240,210,30,2024-03-01,Current,76.37
LN100928,PA,SFR,Owner,Purchase,Full,793,60.6,70.6,30.2,271000.0,252707.5,447000.0,6.08,180,153,27,2024-06-01,Current,56.53
LN100929,GA,SFR,Owner,Purchase,Full,695,66.3,71.3,33.1,580000.0,555350.0,875000.0,7.695,360,343,17,2025-04-01,Current,63.47
LN100930,GA,Condo,Owner,Purchase,Full,793,79.2,79.2,37.7,439000.0,402782.5,554000.0,6.726,360,327,33,2023-12-01,Current,72.7
LN100931,FL,SFR,Owner,Purchase,Full,724,93.6,93.6,36.1,589000.0,558077.5,629000.0,7.207,360,339,21,2024-12-01,Current,88.72
LN100932,FL,Condo,Owner,Purchase,Full,706,63.0,63.0,50.4,624000.0,602160.0,990000.0,6.851,180,166,14,2025-07-01,Current,60.82
LN100933,NJ,SFR,Owner,Purchase,Full,796,55.0,55.0,40.7,733000.0,709177.5,1333000.0,6.166,360,347,13,2025-08-01,Current,53.2
LN100934,IL,SFR,Owner,Rate/Term Refi,Full,744,85.7,85.7,25.5,555000.0,527250.0,648000.0,6.338,360,340,20,2025-01-01,Current,81.37
LN100935,CA,SFR,Owner,Cash-Out Refi,Full,699,92.3,97.3,43.5,575000.0,557750.0,623000.0,7.936,360,348,12,2025-09-01,Current,89.53
LN100936,TX,SFR,Second Home,Cash-Out Refi,DSCR,734,70.0,80.0,25.1,385000.0,374412.5,550000.0,6.921,180,169,11,2025-10-01,Current,68.08
LN100937,NC,2-4 Family,Owner,Purchase,Bank Statement,783,47.4,47.4,36.4,540000.0,525150.0,1139000.0,6.438,240,229,11,2025-10-01,Current,46.11
LN100938,FL,PUD,Owner,Cash-Out Refi,Bank Statement,793,91.4,100.0,25.9,278000.0,273135.0,304000.0,6.45,180,173,7,2026-02-01,Current,89.85
LN100939,GA,Condo,Owner,Rate/Term Refi,Full,732,71.6,81.6,29.2,374000.0,364650.0,522000.0,6.955,360,350,10,2025-11-01,Current,69.86
LN100940,TX,SFR,Owner,Rate/Term Refi,Full,763,87.5,87.5,46.1,586000.0,552305.0,670000.0,7.038,360,337,23,2024-10-01,Current,82.43
LN100941,CA,SFR,Owner,Rate/Term Refi,Full,775,73.5,73.5,31.3,408000.0,406980.0,555000.0,6.711,360,359,1,2026-08-01,Current,73.33
LN100942,CA,SFR,Owner,Purchase,Full,724,69.5,79.5,30.6,511000.0,472675.0,735000.0,7.152,180,150,30,2024-03-01,Current,64.31
LN100943,CA,SFR,Owner,Cash-Out Refi,Full,761,68.6,68.6,31.3,260000.0,244400.0,379000.0,6.556,360,336,24,2024-09-01,Current,64.49
LN100944,CA,SFR,Owner,Purchase,Full,747,91.7,91.7,33.2,774000.0,731430.0,844000.0,7.162,180,158,22,2024-11-01,Current,86.66
LN100945,PA,PUD,Owner,Purchase,Full,728,91.2,91.2,47.1,322000.0,313145.0,353000.0,7.414,360,349,11,2025-10-01,Current,88.71
LN100946,AZ,SFR,Second Home,Purchase,Full,729,48.3,48.3,26.4,499000.0,489020.0,1033000.0,6.895,240,232,8,2026-01-01,30,47.34
LN100947,NY,PUD,Owner,Purchase,Bank Statement,751,62.8,62.8,25.9,414000.0,379845.0,659000.0,6.864,240,207,33,2023-12-01,Current,57.64
LN100948,CA,SFR,Owner,Purchase,Full,749,95.3,100.0,40.3,636000.0,624870.0,667000.0,7.079,360,353,7,2026-02-01,Current,93.68
LN100949,GA,Condo,Owner,Rate/Term Refi,Full,727,69.6,79.6,23.1,352000.0,333520.0,506000.0,6.733,360,339,21,2024-12-01,Current,65.91
LN100950,AZ,PUD,Owner,Cash-Out Refi,Full,732,57.7,57.7,32.8,266000.0,265335.0,461000.0,6.969,360,359,1,2026-08-01,Current,57.56
LN100951,TX,SFR,Owner,Purchase,Full,790,74.1,74.1,44.6,178000.0,175775.0,240000.0,6.549,360,355,5,2026-04-01,Current,73.24
LN100952,NY,PUD,Owner,Rate/Term Refi,Full,756,72.7,72.7,35.7,364000.0,359450.0,501000.0,6.601,360,355,5,2026-04-01,Current,71.75
LN100953,NJ,PUD,Investor,Rate/Term Refi,Full,782,72.8,77.8,31.9,244000.0,237900.0,335000.0,6.873,360,350,10,2025-11-01,Current,71.01
LN100954,OH,Condo,Owner,Purchase,Full,794,68.2,73.2,30.1,532000.0,532000.0,780000.0,6.162,180,180,0,2026-09-01,Current,68.21
LN100955,OH,SFR,Owner,Rate/Term Refi,Bank Statement,770,70.3,80.3,28.4,800000.0,788000.0,1138000.0,6.589,360,354,6,2026-03-01,Current,69.24
LN100956,WA,SFR,Owner,Cash-Out Refi,Full,830,68.5,68.5,31.0,153000.0,146497.5,223000.0,6.545,360,343,17,2025-04-01,Current,65.69
LN100957,IL,SFR,Owner,Purchase,Full,717,78.0,88.0,36.8,234000.0,218205.0,300000.0,7.361,180,153,27,2024-06-01,Current,72.74
LN100958,FL,SFR,Owner,Rate/Term Refi,Full,779,64.2,64.2,45.5,480000.0,463200.0,748000.0,6.52,360,346,14,2025-07-01,Current,61.93
LN100959,CA,SFR,Owner,Purchase,Full,736,70.5,70.5,43.3,729000.0,712597.5,1034000.0,6.951,180,171,9,2025-12-01,Current,68.92
LN100960,TX,PUD,Investor,Rate/Term Refi,Bank Statement,819,72.3,72.3,31.2,480000.0,472800.0,664000.0,6.591,360,354,6,2026-03-01,Current,71.2
LN100961,NJ,SFR,Owner,Cash-Out Refi,Full,813,89.7,89.7,29.9,484000.0,459800.0,540000.0,6.648,240,220,20,2025-01-01,Current,85.15
LN100962,FL,SFR,Investor,Purchase,DSCR,674,78.5,88.5,41.2,525000.0,490875.0,669000.0,7.194,360,334,26,2024-07-01,Current,73.37
LN100963,AZ,PUD,Owner,Cash-Out Refi,Bank Statement,711,72.7,72.7,21.3,542000.0,521675.0,746000.0,7.216,360,345,15,2025-06-01,Current,69.93
LN100964,PA,SFR,Owner,Purchase,Full,773,80.4,85.4,32.2,877000.0,830957.5,1091000.0,6.853,360,339,21,2024-12-01,Current,76.16
LN100965,GA,SFR,Investor,Purchase,Full,778,78.9,78.9,33.1,551000.0,533092.5,698000.0,6.793,360,347,13,2025-08-01,Current,76.37
LN100966,TX,SFR,Owner,Purchase,Full,776,87.1,87.1,26.9,239000.0,227050.0,274000.0,7.14,360,340,20,2025-01-01,Current,82.86
LN100967,TX,PUD,Owner,Cash-Out Refi,Bank Statement,745,80.1,90.1,27.8,338000.0,311805.0,422000.0,7.054,360,329,31,2024-02-01,Current,73.89
LN100968,MA,SFR,Investor,Cash-Out Refi,Bank Statement,765,95.5,95.5,38.4,459000.0,456705.0,481000.0,6.896,360,358,2,2026-07-01,Current,94.95
LN100969,CA,Condo,Investor,Rate/Term Refi,Full,773,90.1,95.1,22.5,290000.0,276950.0,322000.0,6.95,180,162,18,2025-03-01,30,86.01
LN100970,NC,SFR,Owner,Purchase,Full,745,73.5,78.5,28.4,371000.0,355232.5,505000.0,7.396,360,343,17,2025-04-01,Current,70.34
LN100971,AZ,PUD,Owner,Cash-Out Refi,Bank Statement,787,69.0,69.0,30.5,329000.0,319952.5,477000.0,6.435,360,349,11,2025-10-01,60,67.08
LN100972,WA,SFR,Owner,Purchase,Full,662,84.6,94.6,36.2,304000.0,294880.0,359000.0,7.454,360,348,12,2025-09-01,Current,82.14
LN100973,TX,PUD,Owner,Purchase,Full,772,80.2,80.2,24.8,571000.0,562435.0,712000.0,6.616,240,234,6,2026-03-01,Current,78.99
LN100974,PA,SFR,Owner,Cash-Out Refi,Full,709,72.9,72.9,44.2,350000.0,343875.0,480000.0,7.209,180,173,7,2026-02-01,Current,71.64
LN100975,GA,SFR,Owner,Purchase,Full,784,56.3,61.3,33.1,255000.0,248625.0,453000.0,6.189,360,350,10,2025-11-01,Current,54.88
LN100976,FL,SFR,Owner,Rate/Term Refi,Full,739,52.0,52.0,33.5,302000.0,299735.0,581000.0,6.844,360,357,3,2026-06-01,Current,51.59
LN100977,CA,2-4 Family,Owner,Purchase,Bank Statement,714,78.2,83.2,32.7,425000.0,418625.0,543000.0,7.334,360,354,6,2026-03-01,Current,77.09
LN100978,FL,SFR,Owner,Rate/Term Refi,Full,762,83.3,88.3,30.2,1085000.0,990062.5,1303000.0,6.713,360,325,35,2023-10-01,Current,75.98
LN100979,CA,Condo,Owner,Purchase,Full,713,83.6,83.6,27.8,469000.0,442032.5,561000.0,6.992,360,337,23,2024-10-01,30,78.79
LN100980,CA,SFR,Owner,Purchase,Full,713,58.6,58.6,44.6,817000.0,749597.5,1394000.0,6.582,360,327,33,2023-12-01,Current,53.77
LN100981,TX,SFR,Owner,Rate/Term Refi,Full,688,86.4,86.4,37.1,522000.0,488070.0,604000.0,7.393,360,334,26,2024-07-01,Current,80.81
LN100982,CA,PUD,Owner,Rate/Term Refi,Bank Statement,747,67.6,67.6,34.7,158000.0,156815.0,234000.0,6.56,240,237,3,2026-06-01,Current,67.01
LN100983,IL,SFR,Owner,Purchase,DSCR,767,78.7,78.7,43.4,496000.0,469960.0,630000.0,6.675,240,219,21,2024-12-01,Current,74.6
LN100984,CA,SFR,Owner,Purchase,Full,787,79.0,84.0,29.9,284000.0,262700.0,359000.0,6.609,240,210,30,2024-03-01,Current,73.18
LN100985,CA,2-4 Family,Owner,Cash-Out Refi,Full,743,64.4,64.4,40.5,226000.0,211875.0,351000.0,6.66,180,155,25,2024-08-01,Current,60.36
LN100986,CA,SFR,Owner,Purchase,Full,788,66.9,66.9,35.7,257000.0,251217.5,384000.0,6.796,360,351,9,2025-12-01,Current,65.42
LN100987,VA,SFR,Owner,Rate/Term Refi,Full,749,49.1,49.1,28.5,938000.0,877030.0,1910000.0,7.042,360,334,26,2024-07-01,Current,45.92
LN100988,CA,SFR,Owner,Purchase,Full,744,63.0,63.0,41.5,204000.0,197880.0,324000.0,6.28,360,348,12,2025-09-01,Current,61.07
LN100989,OH,SFR,Owner,Cash-Out Refi,Full,770,52.4,62.4,23.7,315000.0,299250.0,601000.0,6.347,240,220,20,2025-01-01,Current,49.79
LN100990,MA,SFR,Owner,Cash-Out Refi,Full,788,79.2,79.2,40.6,705000.0,685612.5,890000.0,6.773,360,349,11,2025-10-01,Current,77.04
LN100991,IL,SFR,Investor,Rate/Term Refi,Full,735,74.7,74.7,28.5,564000.0,555540.0,755000.0,6.72,360,354,6,2026-03-01,Current,73.58
LN100992,VA,2-4 Family,Owner,Purchase,Full,739,85.0,85.0,38.7,193000.0,182385.0,227000.0,6.928,360,338,22,2024-11-01,Current,80.35
LN100993,CA,SFR,Owner,Purchase,Full,742,78.3,83.3,46.3,397000.0,374172.5,507000.0,7.03,360,337,23,2024-10-01,Current,73.8
LN100994,NC,2-4 Family,Owner,Purchase,Full,751,66.4,66.4,39.9,331000.0,329345.0,498000.0,7.152,360,358,2,2026-07-01,Current,66.13
LN100995,IL,PUD,Owner,Purchase,Full,714,78.2,78.2,30.7,382000.0,382000.0,488000.0,7.438,360,360,0,2026-09-01,Current,78.28
LN100996,AZ,PUD,Owner,Cash-Out Refi,Full,787,69.3,69.3,35.2,587000.0,544442.5,847000.0,6.544,360,331,29,2024-04-01,Current,64.28
LN100997,PA,SFR,Owner,Rate/Term Refi,DSCR,733,81.3,81.3,32.5,322000.0,308315.0,396000.0,7.094,360,343,17,2025-04-01,30,77.86
LN100998,CA,PUD,Owner,Purchase,Full,766,77.8,77.8,26.2,361000.0,340242.5,464000.0,6.737,180,157,23,2024-10-01,Current,73.33
LN100999,TX,SFR,Second Home,Purchase,Full,717,62.1,67.1,26.7,808000.0,797900.0,1301000.0,6.922,360,355,5,2026-04-01,Current,61.33
LN101000,CO,SFR,Owner,Purchase,Full,762,74.0,74.0,35.8,181000.0,176927.5,245000.0,6.521,240,231,9,2025-12-01,Current,72.22
LN101001,CA,SFR,Owner,Purchase,Full,763,74.7,79.7,39.6,353000.0,330937.5,473000.0,6.373,360,335,25,2024-08-01,Current,69.97
LN101002,MA,SFR,Owner,Purchase,Bank Statement,732,70.3,80.3,21.5,516000.0,492780.0,734000.0,6.865,360,342,18,2025-03-01,Current,67.14
LN101003,CA,SFR,Investor,Rate/Term Refi,Full,825,84.7,94.7,34.8,237000.0,222780.0,280000.0,6.788,180,156,24,2024-09-01,Current,79.56
LN101004,FL,SFR,Owner,Purchase,Full,762,94.6,94.6,39.4,314000.0,306935.0,332000.0,7.211,180,171,9,2025-12-01,Current,92.45
LN101005,NC,SFR,Owner,Rate/Term Refi,Full,816,69.6,69.6,36.2,230000.0,223675.0,330000.0,5.98,360,349,11,2025-10-01,Current,67.78
LN101006,VA,SFR,Owner,Purchase,Bank Statement,784,69.8,69.8,27.5,448000.0,433440.0,642000.0,6.592,240,227,13,2025-08-01,Current,67.51
LN101007,GA,Condo,Owner,Rate/Term Refi,Full,723,47.0,47.0,43.5,315000.0,298462.5,670000.0,6.621,180,159,21,2024-12-01,Current,44.55
LN101008,NJ,Condo,Owner,Rate/Term Refi,Full,733,72.5,82.5,25.8,596000.0,587060.0,822000.0,69.5,360,354,6,2026-03-01,Current,71.42
LN101009,FL,SFR,Owner,Cash-Out Refi,Full,765,68.8,68.8,40.5,663000.0,621562.5,964000.0,6.47,360,335,25,2024-08-01,Current,64.48
LN101010,FL,SFR,Owner,Cash-Out Refi,Full,750,48.1,58.1,47.9,426000.0,394050.0,886000.0,6.856,180,150,30,2024-03-01,Current,44.48
LN101011,IL,SFR,Owner,Rate/Term Refi,Full,750,77.5,77.5,19.3,351000.0,335205.0,453000.0,6.87,180,162,18,2025-03-01,Current,74.0
LN101012,CA,2-4 Family,Owner,Purchase,Full,737,81.1,81.1,37.4,469000.0,438515.0,578000.0,7.18,360,334,26,2024-07-01,Current,75.87
LN101013,IL,SFR,Owner,Rate/Term Refi,Full,679,65.2,75.2,37.8,428000.0,418370.0,656000.0,7.444,240,231,9,2025-12-01,Current,63.78
LN101014,WA,PUD,Owner,Rate/Term Refi,Full,739,69.5,69.5,37.1,240000.0,229200.0,345000.0,6.422,360,342,18,2025-03-01,Current,66.43
LN101015,TX,SFR,Owner,Purchase,Bank Statement,664,62.4,62.4,29.3,678000.0,671220.0,1087000.0,7.232,180,176,4,2026-05-01,Current,61.75
LN101016,CA,PUD,Owner,Cash-Out Refi,Full,762,83.2,88.2,32.9,462000.0,422730.0,555000.0,7.285,360,326,34,2023-11-01,Current,76.17
LN101017,CA,PUD,Owner,Purchase,Full,720,55.8,55.8,24.3,596000.0,549810.0,1068000.0,6.89,180,149,31,2024-02-01,Current,51.48
LN101018,FL,SFR,Owner,Purchase,Full,721,70.2,80.2,36.3,225000.0,215437.5,321000.0,7.283,360,343,17,2025-04-01,Current,67.11
LN101019,IL,Condo,Owner,Purchase,Full,740,97.0,97.0,39.5,621000.0,616342.5,640000.0,7.282,180,177,3,2026-06-01,Current,96.3
LN101020,PA,PUD,Owner,Rate/Term Refi,Full,758,74.6,74.6,30.1,1084000.0,1073160.0,1453000.0,6.72,360,356,4,2026-05-01,Current,73.86
LN101021,CA,Condo,Owner,Cash-Out Refi,Full,694,79.6,79.6,28.0,551000.0,541357.5,692000.0,7.349,360,353,7,2026-02-01,Current,78.23
LN101022,CA,Condo,Owner,Purchase,Full,682,72.2,72.2,31.6,216000.0,202500.0,299000.0,7.54,180,155,25,2024-08-01,Current,67.73
LN101023,TX,SFR,Owner,Purchase,Full,707,59.9,59.9,35.2,424000.0,394320.0,708000.0,7.326,240,212,28,2024-05-01,Current,55.69
LN101024,NY,SFR,Owner,Rate/Term Refi,Full,670,73.6,73.6,35.8,406000.0,379610.0,552000.0,7.725,360,334,26,2024-07-01,30,68.77
LN101025,WA,2-4 Family,Owner,Cash-Out Refi,DSCR,711,78.9,78.9,34.5,460000.0,458850.0,583000.0,6.893,240,239,1,2026-08-01,Current,78.7
LN101026,FL,SFR,Owner,Purchase,Full,808,61.7,61.7,35.8,375000.0,350625.0,608000.0,6.623,360,334,26,2024-07-01,Current,57.67
LN101027,MA,SFR,Owner,Rate/Term Refi,Full,708,78.1,83.1,25.0,522000.0,515475.0,668000.0,6.836,360,355,5,2026-04-01,Current,77.17
LN101028,CA,Condo,Owner,Purchase,Full,773,88.9,88.9,13.8,338000.0,325325.0,380000.0,6.865,240,225,15,2025-06-01,Current,85.61
LN101029,TX,PUD,Owner,Rate/Term Refi,Full,696,86.8,86.8,40.1,463000.0,447952.5,533000.0,7.287,360,347,13,2025-08-01,Current,84.04
LN101030,TX,PUD,Owner,Purchase,Full,759,55.0,55.0,46.4,305000.0,286700.0,555000.0,6.8,360,336,24,2024-09-01,Current,51.66
LN101031,PA,Condo,Owner,Purchase,Full,736,62.3,72.3,24.1,436000.0,430550.0,700000.0,6.933,360,355,5,2026-04-01,Current,61.51
LN101032,NY,2-4 Family,Owner,Cash-Out Refi,DSCR,746,54.6,64.6,30.0,655000.0,620612.5,1200000.0,7.029,180,159,21,2024-12-01,Current,51.72
LN101033,FL,SFR,Owner,Purchase,DSCR,770,86.9,86.9,37.6,333000.0,332167.5,383000.0,6.743,240,239,1,2026-08-01,Current,86.73
LN101034,CA,SFR,Owner,Rate/Term Refi,Full,815,81.3,81.3,42.7,564000.0,540030.0,694000.0,6.78,240,223,17,2025-04-01,Current,77.81
LN101035,FL,SFR,Owner,Purchase,Full,755,82.4,82.4,40.3,279000.0,260167.5,339000.0,7.039,360,333,27,2024-06-01,Current,76.75
LN101036,GA,SFR,Owner,Purchase,Full,753,63.5,63.5,45.3,352000.0,344080.0,554000.0,6.765,240,231,9,2025-12-01,Current,62.11
LN101037,NJ,Condo,Owner,Cash-Out Refi,Full,711,60.0,60.0,34.8,374000.0,368390.0,623000.0,6.681,360,354,6,2026-03-01,Current,59.13
LN101038,OH,2-4 Family,Owner,Rate/Term Refi,Full,770,74.9,84.9,38.5,733000.0,685355.0,979000.0,6.918,360,334,26,2024-07-01,Current,70.01
LN101039,CA,PUD,Second Home,Rate/Term Refi,Full,739,75.2,85.2,38.5,294000.0,270480.0,391000.0,7.044,240,208,32,2024-01-01,30,69.18
LN101040,CA,SFR,Owner,Purchase,Full,780,63.7,63.7,31.8,724000.0,722190.0,1137000.0,6.801,180,179,1,2026-08-01,Current,63.52
LN101041,CA,SFR,Owner,Rate/Term Refi,DSCR,746,75.7,75.7,44.7,214000.0,213465.0,283000.0,6.918,180,179,1,2026-08-01,60,75.43
LN101042,CA,2-4 Family,Owner,Purchase,DSCR,814,81.7,86.7,40.1,388000.0,363750.0,475000.0,6.516,360,335,25,2024-08-01,Current,76.58
LN101043,VA,SFR,Owner,Purchase,Full,673,76.7,76.7,42.9,630000.0,615825.0,821000.0,7.473,360,351,9,2025-12-01,Current,75.01
LN101044,TX,SFR,Owner,Cash-Out Refi,Full,737,61.5,61.5,32.2,571000.0,525320.0,928000.0,6.956,240,208,32,2024-01-01,Current,56.61
LN101045,NJ,SFR,Owner,Rate/Term Refi,DSCR,781,48.6,48.6,43.3,263000.0,249850.0,541000.0,6.619,360,340,20,2025-01-01,Current,46.18
LN101046,TX,SFR,Owner,Rate/Term Refi,Full,735,70.9,70.9,27.0,239000.0,237805.0,337000.0,7.419,360,358,2,2026-07-01,Current,70.57
LN101047,CA,SFR,Owner,Rate/Term Refi,Full,718,76.0,76.0,38.3,620000.0,615350.0,816000.0,6.945,360,357,3,2026-06-01,Current,75.41
LN101048,TX,PUD,Owner,Purchase,DSCR,738,70.9,75.9,14.7,235000.0,219725.0,331000.0,7.429,180,154,26,2024-07-01,Current,66.38
LN101049,AZ,PUD,Owner,Rate/Term Refi,Full,696,68.9,68.9,27.3,542000.0,518965.0,787000.0,6.421,360,343,17,2025-04-01,Current,65.94
LN101050,PA,PUD,Owner,Purchase,Full,753,65.7,65.7,41.0,328000.0,304220.0,499000.0,7.026,180,151,29,2024-04-01,Current,60.97
LN101051,AZ,PUD,Owner,Cash-Out Refi,DSCR,830,82.6,92.6,31.7,414000.0,396405.0,501000.0,6.289,360,343,17,2025-04-01,Current,79.12
LN101052,GA,SFR,Owner,Rate/Term Refi,Full,792,73.4,73.4,36.6,1191000.0,1116562.5,1623000.0,7.13,240,215,25,2024-08-01,Current,68.8
LN101053,IL,PUD,Owner,Purchase,Full,706,75.5,85.5,22.5,842000.0,797795.0,1115000.0,6.945,240,219,21,2024-12-01,Current,71.55
LN101054,MA,PUD,Owner,Rate/Term Refi,Full,715,62.3,62.3,47.3,609000.0,595297.5,978000.0,7.245,240,231,9,2025-12-01,Current,60.87
LN101055,VA,PUD,Investor,Cash-Out Refi,Full,733,66.6,66.6,39.9,222000.0,203685.0,333000.0,6.668,360,327,33,2023-12-01,Current,61.17
LN101056,PA,SFR,Owner,Purchase,Full,786,76.0,81.0,35.0,481000.0,461760.0,633000.0,6.409,180,164,16,2025-05-01,Current,72.95
LN101057,NJ,2-4 Family,Owner,Purchase,Full,717,61.9,71.9,38.5,426000.0,411090.0,688000.0,7.165,360,346,14,2025-07-01,Current,59.75
LN101058,CO,SFR,Owner,Purchase,Full,722,58.9,58.9,37.8,397000.0,368217.5,674000.0,7.121,360,331,29,2024-04-01,Current,54.63
LN101059,NJ,PUD,Owner,Purchase,Full,782,70.1,70.1,46.3,764000.0,702880.0,1090000.0,6.482,180,148,32,2024-01-01,Current,64.48
LN101060,MA,SFR,Owner,Rate/Term Refi,Full,781,88.4,98.4,36.9,190000.0,184775.0,215000.0,7.445,180,169,11,2025-10-01,Current,85.94
LN101061,CO,SFR,Owner,Cash-Out Refi,DSCR,734,76.3,81.3,23.7,480000.0,471600.0,629000.0,6.926,360,353,7,2026-02-01,Current,74.98
LN101062,CA,SFR,Owner,Purchase,Full,706,91.5,91.5,33.2,440000.0,438900.0,481000.0,7.716,360,359,1,2026-08-01,Current,91.25
LN101063,NY,SFR,Owner,Purchase,Bank Statement,689,72.4,72.4,45.3,295000.0,278037.5,407000.0,6.984,360,337,23,2024-10-01,Current,68.31
LN101064,PA,2-4 Family,Owner,Purchase,Full,721,70.3,70.3,39.7,912000.0,866400.0,1297000.0,6.784,360,340,20,2025-01-01,Current,66.8
LN101065,CO,SFR,Owner,Rate/Term Refi,Full,663,57.3,57.3,31.9,234000.0,225225.0,408000.0,7.265,180,165,15,2025-06-01,Current,55.2
LN101066,FL,SFR,Owner,Rate/Term Refi,Full,776,67.1,67.1,40.0,421000.0,403107.5,627000.0,6.41,360,343,17,2025-04-01,Current,64.29
LN101067,VA,Condo,Owner,Purchase,Full,724,91.2,91.2,36.1,431000.0,401907.5,473000.0,7.329,180,153,27,2024-06-01,Current,84.97
LN101068,FL,SFR,Owner,Rate/Term Refi,Full,766,77.9,82.9,40.0,153000.0,148410.0,196000.0,6.295,180,168,12,2025-09-01,Current,75.72
LN101069,FL,Condo,Owner,Cash-Out Refi,Full,819,82.8,82.8,22.8,217000.0,207235.0,262000.0,6.606,240,222,18,2025-03-01,Current,79.1
LN101070,IL,PUD,Owner,Purchase,Full,793,82.5,92.5,28.2,267000.0,248310.0,324000.0,6.574,360,332,28,2024-05-01,Current,76.64
LN101071,CO,Condo,Owner,Purchase,Full,704,73.9,83.9,40.4,595000.0,550375.0,805000.0,6.923,360,330,30,2024-03-01,Current,68.37
LN101072,WA,PUD,Owner,Rate/Term Refi,Full,781,71.5,71.5,33.5,639000.0,597465.0,894000.0,6.729,360,334,26,2024-07-01,Current,66.83
LN101073,FL,SFR,Owner,Purchase,Full,792,75.4,75.4,38.0,544000.0,537200.0,721000.0,6.594,360,355,5,2026-04-01,Current,74.51
LN101074,WA,2-4 Family,Owner,Purchase,Full,720,82.1,92.1,50.5,463000.0,451425.0,564000.0,7.036,360,350,10,2025-11-01,Current,80.04
LN101075,FL,PUD,Owner,Rate/Term Refi,Full,712,79.5,79.5,32.8,153000.0,149557.5,192000.0,7.372,240,231,9,2025-12-01,30,77.89
LN101076,CO,SFR,Owner,Purchase,Full,744,79.9,79.9,37.1,458000.0,435100.0,573000.0,7.056,360,340,20,2025-01-01,Current,75.93
LN101077,WA,SFR,Owner,Rate/Term Refi,DSCR,687,75.8,75.8,30.8,329000.0,313372.5,434000.0,7.378,360,341,19,2025-02-01,Current,72.21
LN101078,CA,PUD,Owner,Purchase,Full,804,64.8,64.8,30.3,708000.0,658440.0,1093000.0,6.803,240,212,28,2024-05-01,Current,60.24
LN101079,AZ,SFR,Owner,Purchase,Full,657,70.9,75.9,34.6,766000.0,723870.0,1080000.0,7.396,360,338,22,2024-11-01,Current,67.03
LN101080,OH,Condo,Owner,Purchase,Full,706,62.7,62.7,23.8,1150000.0,1086750.0,1834000.0,7.247,360,338,22,2024-11-01,Current,59.26
LN101081,AZ,SFR,Second Home,Purchase,Full,738,86.1,86.1,18.7,573000.0,554377.5,666000.0,6.976,180,167,13,2025-08-01,Current,83.24
LN101082,CA,SFR,Owner,Purchase,DSCR,739,48.8,48.8,45.9,602000.0,577920.0,1234000.0,6.853,180,164,16,2025-05-01,Current,46.83
LN101083,WA,PUD,Second Home,Rate/Term Refi,Full,754,71.4,71.4,34.4,259000.0,240870.0,363000.0,6.969,240,212,28,2024-05-01,Current,66.36
LN101084,CA,SFR,Owner,Purchase,Full,758,97.0,100.0,44.0,430000.0,430000.0,443000.0,6.933,180,180,0,2026-09-01,Current,97.07
LN101085,FL,SFR,Second Home,Rate/Term Refi,Full,740,69.9,69.9,36.2,236000.0,228330.0,338000.0,6.529,240,227,13,2025-08-01,Current,67.55
LN101086,CA,SFR,Owner,Purchase,Full,791,60.4,60.4,36.4,624000.0,585000.0,1033000.0,6.186,240,215,25,2024-08-01,Current,56.63
LN101087,MA,SFR,Owner,Purchase,Full,667,73.8,83.8,40.4,241000.0,221117.5,327000.0,7.149,360,327,33,2023-12-01,Current,67.62
LN101088,GA,SFR,Owner,Cash-Out Refi,DSCR,748,89.5,89.5,40.8,376000.0,375060.0,420000.0,7.193,240,239,1,2026-08-01,Current,89.3
LN101089,WA,Condo,Owner,Purchase,Bank Statement,721,72.1,72.1,25.8,285000.0,261487.5,395000.0,7.009,360,327,33,2023-12-01,Current,66.2
LN101090,TX,Condo,Owner,Cash-Out Refi,Bank Statement,753,81.4,81.4,44.6,335000.0,323275.0,412000.0,6.869,360,346,14,2025-07-01,Current,78.46
LN101091,CA,SFR,Second Home,Purchase,Full,756,75.2,75.2,27.6,511000.0,509722.5,680000.0,6.982,360,359,1,2026-08-01,30,74.96
LN101092,CO,SFR,Owner,Rate/Term Refi,Bank Statement,713,69.5,74.5,36.8,321000.0,318592.5,462000.0,7.246,360,357,3,2026-06-01,Current,68.96
LN101093,TX,PUD,Owner,Cash-Out Refi,Full,724,97.0,100.0,55.0,458000.0,431665.0,472000.0,7.621,180,157,23,2024-10-01,Current,91.45
LN101094,MA,SFR,Owner,Purchase,Full,778,74.9,74.9,35.8,262000.0,248245.0,350000.0,6.58,180,159,21,2024-12-01,Current,70.93
LN101095,VA,2-4 Family,Owner,Rate/Term Refi,DSCR,761,67.6,67.6,48.2,784000.0,725200.0,1160000.0,6.894,180,150,30,2024-03-01,Current,62.52
LN101096,CA,SFR,Investor,Purchase,Full,722,68.1,68.1,32.5,309000.0,281962.5,454000.0,7.172,360,325,35,2023-10-01,Current,62.11
LN101097,PA,SFR,Owner,Rate/Term Refi,Full,826,78.6,78.6,40.0,658000.0,656355.0,837000.0,6.241,360,359,1,2026-08-01,Current,78.42
LN101098,PA,SFR,Owner,Purchase,Full,830,78.9,78.9,35.6,1099000.0,1033060.0,1393000.0,6.487,360,336,24,2024-09-01,Current,74.16
LN101099,CA,PUD,Second Home,Purchase,Full,692,83.3,93.3,38.5,136000.0,127160.0,163000.0,7.1,180,154,26,2024-07-01,Current,78.01
LN101100,IL,SFR,Owner,Cash-Out Refi,Bank Statement,759,75.7,75.7,28.5,264000.0,250800.0,349000.0,6.794,360,340,20,2025-01-01,Current,71.86
LN101101,TX,SFR,Owner,Rate/Term Refi,DSCR,830,56.8,61.8,28.0,377000.0,358150.0,664000.0,6.34,240,220,20,2025-01-01,Current,53.94
LN101102,AZ,Condo,Owner,Purchase,Full,778,80.4,80.4,37.8,707000.0,671650.0,879000.0,6.36,240,220,20,2025-01-01,Current,76.41
LN101103,NJ,Condo,Owner,Purchase,Full,756,70.3,70.3,23.0,332000.0,317060.0,472000.0,6.597,360,342,18,2025-03-01,Current,67.17
LN101104,TX,PUD,Owner,Purchase,Full,740,70.6,70.6,28.6,492000.0,490770.0,697000.0,6.713,180,179,1,2026-08-01,Current,70.41
LN101105,CA,SFR,Owner,Rate/Term Refi,Full,727,56.2,66.2,40.2,297000.0,290317.5,528000.0,6.87,180,171,9,2025-12-01,Current,54.98
LN101106,FL,SFR,Owner,Purchase,Full,740,67.1,67.1,30.4,535000.0,497550.0,797000.0,6.695,360,332,28,2024-05-01,Current,62.43
LN101107,CA,PUD,Investor,Purchase,Full,727,65.3,65.3,28.3,238000.0,222530.0,364000.0,7.031,360,334,26,2024-07-01,Current,61.13
LN101108,CO,PUD,Owner,Purchase,DSCR,776,73.6,73.6,26.6,607000.0,570580.0,825000.0,6.514,360,336,24,2024-09-01,Current,69.16
LN101109,TX,Condo,Owner,Purchase,Bank Statement,733,56.6,56.6,36.4,106000.0,104145.0,187000.0,6.687,180,173,7,2026-02-01,Current,55.69
LN101110,WA,SFR,Owner,Rate/Term Refi,Bank Statement,731,74.6,84.6,32.4,174000.0,172260.0,233000.0,7.158,360,356,4,2026-05-01,Current,73.93
LN101111,CA,SFR,Owner,Cash-Out Refi,DSCR,702,75.5,85.5,36.4,951000.0,936735.0,1260000.0,7.27,360,354,6,2026-03-01,Current,74.34
LN101112,TX,Condo,Owner,Cash-Out Refi,Full,746,60.6,60.6,33.7,448000.0,430080.0,739000.0,6.815,360,344,16,2025-05-01,30,58.2
LN101113,GA,2-4 Family,Owner,Purchase,Full,714,66.5,76.5,49.7,275000.0,266750.0,414000.0,7.019,240,228,12,2025-09-01,Current,64.43
LN101114,NJ,SFR,Owner,Purchase,Full,741,63.7,63.7,31.8,1133000.0,1059355.0,1779000.0,7.088,360,334,26,2024-07-01,30,59.55
LN101115,WA,Condo,Owner,Purchase,Full,788,84.9,89.9,19.9,669000.0,610462.5,788000.0,7.11,360,325,35,2023-10-01,Current,77.47
LN101116,WA,Condo,Second Home,Purchase,Full,762,43.7,43.7,36.1,693000.0,634095.0,1586000.0,6.42,360,326,34,2023-11-01,Current,39.98
LN101117,CA,SFR,Owner,Purchase,DSCR,767,69.9,69.9,35.2,341000.0,329065.0,488000.0,6.564,180,166,14,2025-07-01,Current,67.43
LN101118,WA,PUD,Investor,Cash-Out Refi,Full,762,54.1,64.1,36.4,550000.0,519750.0,1017000.0,6.358,360,338,22,2024-11-01,Current,51.11
LN101119,WA,SFR,Owner,Purchase,Full,750,68.8,68.8,22.7,522000.0,515475.0,759000.0,7.267,360,355,5,2026-04-01,Current,67.92
LN101120,TX,SFR,Owner,Rate/Term Refi,Full,743,84.2,84.2,44.1,194000.0,184785.0,230000.0,6.809,360,341,19,2025-02-01,Current,80.34
LN101121,NC,PUD,Investor,Purchase,Full,736,66.4,66.4,35.0,543000.0,523995.0,818000.0,6.567,360,346,14,2025-07-01,Current,64.06
LN101122,CA,SFR,Owner,Purchase,DSCR,777,75.7,75.7,34.9,380000.0,374300.0,502000.0,6.809,240,234,6,2026-03-01,Current,74.56
LN101123,IL,Condo,Owner,Purchase,DSCR,707,63.9,63.9,22.9,745000.0,694712.5,1166000.0,7.306,240,213,27,2024-06-01,Current,59.58
LN101124,CA,SFR,Owner,Rate/Term Refi,Full,799,97.0,100.0,38.9,752000.0,752000.0,775000.0,6.516,180,180,0,2026-09-01,Current,97.03
LN101125,NJ,SFR,Owner,Purchase,Full,0,85.0,90.0,34.7,308000.0,291060.0,362000.0,6.973,360,338,22,2024-11-01,Current,80.4
LN101126,FL,SFR,Investor,Cash-Out Refi,Bank Statement,720,87.5,87.5,45.8,313000.0,292655.0,358000.0,6.846,360,334,26,2024-07-01,Current,81.75
LN101127,OH,Condo,Owner,Purchase,Full,729,58.1,58.1,32.0,451000.0,422812.5,776000.0,6.682,240,215,25,2024-08-01,Current,54.49
LN101128,NY,SFR,Investor,Rate/Term Refi,Bank Statement,722,60.8,65.8,25.6,558000.0,523125.0,918000.0,7.328,180,155,25,2024-08-01,Current,56.99
LN101129,GA,SFR,Owner,Purchase,Full,754,87.0,97.0,36.2,342000.0,317205.0,393000.0,7.035,240,211,29,2024-04-01,Current,80.71
LN101130,IL,2-4 Family,Owner,Rate/Term Refi,Bank Statement,721,71.7,76.7,28.1,392000.0,386120.0,547000.0,6.974,180,174,6,2026-03-01,Current,70.59
LN101131,CA,SFR,Owner,Purchase,Bank Statement,791,70.9,75.9,38.5,547000.0,533325.0,772000.0,6.628,360,350,10,2025-11-01,Current,69.08
LN101132,TX,SFR,Owner,Cash-Out Refi,Full,718,78.0,78.0,26.8,502000.0,471880.0,644000.0,7.19,240,216,24,2024-09-01,Current,73.27
LN101133,WA,PUD,Owner,Rate/Term Refi,Full,662,58.9,58.9,34.2,705000.0,683850.0,1197000.0,7.239,360,348,12,2025-09-01,Current,57.13
LN101134,GA,2-4 Family,Investor,Purchase,Full,720,83.3,83.3,33.5,461000.0,431035.0,553000.0,6.865,180,154,26,2024-07-01,Current,77.94
LN101135,CA,2-4 Family,Investor,Rate/Term Refi,Full,672,74.2,84.2,35.0,275000.0,254375.0,371000.0,7.064,360,330,30,2024-03-01,Current,68.56
LN101136,IL,2-4 Family,Investor,Purchase,Full,746,79.8,79.8,31.2,184000.0,170660.0,231000.0,7.469,360,331,29,2024-04-01,Current,73.88
LN101137,GA,SFR,Owner,Rate/Term Refi,Full,788,66.0,66.0,28.9,600000.0,580500.0,909000.0,6.39,180,167,13,2025-08-01,Current,63.86
LN101138,CA,SFR,Investor,Purchase,Bank Statement,773,80.2,80.2,34.8,354000.0,337185.0,441000.0,7.109,180,161,19,2025-02-01,Current,76.46
LN101139,FL,SFR,Owner,Cash-Out Refi,Full,697,65.5,70.5,30.7,352000.0,336160.0,537000.0,6.942,180,162,18,2025-03-01,Current,62.6
LN101140,TX,PUD,Owner,Cash-Out Refi,Full,719,85.5,85.5,36.4,362000.0,343900.0,423000.0,7.512,180,160,20,2025-01-01,Current,81.3
LN101141,NC,Condo,Owner,Purchase,Full,816,87.6,87.6,33.1,200000.0,185500.0,228000.0,6.801,360,331,29,2024-04-01,Current,81.36
LN101142,TX,SFR,Owner,Purchase,Bank Statement,760,84.9,84.9,17.7,345000.0,315675.0,406000.0,6.884,360,326,34,2023-11-01,Current,77.75
LN101143,MA,SFR,Owner,Purchase,Full,748,80.2,80.2,34.7,125000.0,118125.0,156000.0,7.461,240,218,22,2024-11-01,Current,75.72
LN101144,NJ,Condo,Investor,Rate/Term Refi,Bank Statement,788,81.6,91.6,46.0,343000.0,332710.0,420000.0,6.503,360,348,12,2025-09-01,Current,79.22
LN101145,IL,SFR,Owner,Purchase,Full,830,41.5,46.5,37.6,273000.0,251160.0,658000.0,6.024,360,328,32,2024-01-01,Current,38.17
LN101146,PA,PUD,Owner,Cash-Out Refi,Full,797,84.0,94.0,39.9,961000.0,958597.5,1144000.0,6.492,360,359,1,2026-08-01,30,83.79
LN101147,TX,SFR,Owner,Purchase,Full,753,70.7,70.7,38.8,507000.0,507000.0,717000.0,6.644,360,360,0,2026-09-01,Current,70.71
LN101148,CA,2-4 Family,Owner,Purchase,Full,761,75.1,75.1,31.6,374000.0,359040.0,498000.0,6.742,360,344,16,2025-05-01,Current,72.1
LN101149,CO,SFR,Owner,Purchase,Full,771,70.6,80.6,24.9,445000.0,420525.0,630000.0,6.49,180,158,22,2024-11-01,Current,66.75
LN101150,NJ,PUD,Investor,Cash-Out Refi,Bank Statement,725,57.3,57.3,41.5,577000.0,548150.0,1007000.0,6.79,240,220,20,2025-01-01,Current,54.43
LN101151,OH,2-4 Family,Owner,Rate/Term Refi,Full,708,67.5,77.5,43.4,291000.0,277905.0,431000.0,7.467,360,342,18,2025-03-01,Current,64.48
LN101152,CA,PUD,Owner,Cash-Out Refi,DSCR,750,81.9,86.9,39.6,371000.0,350595.0,453000.0,6.535,360,338,22,2024-11-01,60,77.39
LN101153,CA,Condo,Investor,Cash-Out Refi,Full,712,91.0,100.0,38.5,350000.0,337750.0,385000.0,6.974,180,166,14,2025-07-01,Current,87.73
LN101154,WA,SFR,Owner,Purchase,Full,746,66.5,66.5,38.3,1296000.0,1205280.0,1949000.0,6.6,360,332,28,2024-05-01,Current,61.84
LN101155,FL,SFR,Owner,Purchase,Full,752,63.2,63.2,35.0,427000.0,416325.0,676000.0,6.652,360,350,10,2025-11-01,Current,61.59
LN101156,TX,SFR,Owner,Purchase,DSCR,830,91.4,91.4,37.3,167000.0,166582.5,183000.0,6.833,360,359,1,2026-08-01,Current,91.03
LN101157,CO,SFR,Investor,Purchase,Full,716,63.4,63.4,35.3,596000.0,576630.0,940000.0,7.165,360,347,13,2025-08-01,Current,61.34
LN101158,IL,PUD,Owner,Cash-Out Refi,Full,743,97.0,100.0,37.7,1359000.0,1250280.0,1401000.0,7.278,360,328,32,2024-01-01,Current,89.24
LN101159,AZ,SFR,Second Home,Cash-Out Refi,Bank Statement,742,74.6,74.6,27.9,265000.0,245787.5,355000.0,6.992,360,331,29,2024-04-01,Current,69.24
LN101160,MA,SFR,Second Home,Rate/Term Refi,Full,765,63.4,63.4,30.3,2053000.0,1919555.0,3238000.0,7.287,360,334,26,2024-07-01,Current,59.28
LN101161,VA,SFR,Owner,Purchase,Full,788,85.8,85.8,39.6,401000.0,383957.5,467000.0,6.498,240,223,17,2025-04-01,Current,82.22
LN101162,CA,Condo,Owner,Cash-Out Refi,Full,729,94.3,94.3,32.6,654000.0,649095.0,694000.0,6.931,240,237,3,2026-06-01,Current,93.53
LN101163,CA,Condo,Owner,Cash-Out Refi,Full,717,56.8,56.8,16.5,318000.0,312435.0,560000.0,6.907,240,233,7,2026-02-01,Current,55.79
LN101164,AZ,SFR,Owner,Purchase,Bank Statement,686,92.7,92.7,36.2,364000.0,345800.0,393000.0,7.51,240,220,20,2025-01-01,Current,87.99
LN101165,CA,SFR,Owner,Purchase,Full,713,70.6,75.6,17.6,233000.0,219020.0,330000.0,7.017,240,216,24,2024-09-01,Current,66.37
LN101166,CA,SFR,Owner,Rate/Term Refi,Full,768,91.8,91.8,50.0,253000.0,243512.5,276000.0,6.749,240,225,15,2025-06-01,60,88.23
LN101167,MA,SFR,Owner,Purchase,Bank Statement,750,69.4,79.4,40.8,153000.0,141907.5,220000.0,6.517,360,331,29,2024-04-01,Current,64.5
LN101168,FL,SFR,Owner,Purchase,Bank Statement,709,55.1,60.1,40.4,699000.0,664050.0,1269000.0,6.876,360,340,20,2025-01-01,Current,52.33
LN101169,NC,Condo,Owner,Rate/Term Refi,Full,734,80.0,80.0,30.1,242000.0,233530.0,302000.0,6.868,180,166,14,2025-07-01,Current,77.33
LN101170,AZ,SFR,Owner,Rate/Term Refi,Full,749,85.1,85.1,26.5,489000.0,477997.5,575000.0,6.885,360,351,9,2025-12-01,Current,83.13
LN101171,CA,SFR,Owner,Purchase,Full,767,97.0,100.0,33.6,480000.0,475200.0,495000.0,6.747,360,356,4,2026-05-01,Current,96.0
LN101172,NC,SFR,Owner,Purchase,Full,725,94.7,99.7,35.4,305000.0,299662.5,322000.0,7.577,360,353,7,2026-02-01,Current,93.06
LN101173,NC,SFR,Second Home,Cash-Out Refi,Full,738,82.3,82.3,29.3,421000.0,393635.0,512000.0,7.155,360,334,26,2024-07-01,Current,76.88
LN101174,CA,SFR,Owner,Purchase,Full,679,71.1,71.1,36.5,394000.0,361495.0,554000.0,7.745,180,147,33,2023-12-01,Current,65.25
LN101175,OH,SFR,Owner,Purchase,Bank Statement,704,67.8,77.8,40.5,328000.0,308320.0,484000.0,6.974,240,216,24,2024-09-01,Current,63.7
LN101176,CA,Condo,Second Home,Rate/Term Refi,Full,809,70.5,75.5,39.9,421000.0,405212.5,597000.0,6.513,360,345,15,2025-06-01,Current,67.87
LN101177,NY,Condo,Owner,Cash-Out Refi,DSCR,665,64.0,74.0,27.3,422000.0,396680.0,659000.0,7.236,360,336,24,2024-09-01,Current,60.19
LN101178,NY,SFR,Owner,Purchase,Full,735,70.7,70.7,18.6,257000.0,248647.5,364000.0,6.95,240,227,13,2025-08-01,Current,68.31
LN101179,NY,SFR,Owner,Purchase,DSCR,756,43.5,48.5,35.3,226000.0,226000.0,520000.0,6.483,360,360,0,2026-09-01,Current,43.46
LN101180,PA,SFR,Owner,Purchase,DSCR,734,76.1,81.1,30.2,278000.0,275220.0,365000.0,6.964,360,356,4,2026-05-01,Current,75.4
LN101181,CA,SFR,Owner,Purchase,Bank Statement,717,73.7,83.7,38.7,435000.0,430650.0,590000.0,6.593,360,356,4,2026-05-01,Current,72.99
LN101182,GA,PUD,Owner,Cash-Out Refi,Full,746,97.0,97.0,47.9,781000.0,747807.5,805000.0,7.074,360,343,17,2025-04-01,Current,92.9
LN101183,VA,SFR,Owner,Purchase,DSCR,748,83.1,88.1,47.9,813000.0,743895.0,978000.0,7.162,180,146,34,2023-11-01,Current,76.06
LN101184,CA,SFR,Owner,Cash-Out Refi,Bank Statement,745,68.2,68.2,37.5,476000.0,460530.0,698000.0,6.376,180,167,13,2025-08-01,Current,65.98
LN101185,CA,Condo,Owner,Cash-Out Refi,Full,677,80.8,85.8,43.8,638000.0,607695.0,790000.0,7.307,240,221,19,2025-02-01,Current,76.92
LN101186,TX,Condo,Owner,Purchase,Full,742,59.3,59.3,47.9,436000.0,418560.0,735000.0,6.931,360,344,16,2025-05-01,Current,56.95
LN101187,CA,Condo,Owner,Rate/Term Refi,Full,716,66.8,66.8,35.6,687000.0,671542.5,1028000.0,7.334,360,351,9,2025-12-01,Current,65.33
LN101188,CA,SFR,Owner,Rate/Term Refi,Full,727,51.6,61.6,37.4,437000.0,399855.0,847000.0,6.781,240,206,34,2023-11-01,Current,47.21
LN101189,NJ,SFR,Owner,Purchase,Full,757,91.2,91.2,41.8,494000.0,492765.0,542000.0,7.131,180,179,1,2026-08-01,Current,90.92
LN101190,CA,SFR,Owner,Purchase,Full,772,81.1,81.1,35.0,360000.0,358200.0,444000.0,7.262,180,178,2,2026-07-01,Current,80.68
LN101191,TX,2-4 Family,Owner,Rate/Term Refi,Full,782,59.9,59.9,31.5,410000.0,392575.0,684000.0,6.877,240,223,17,2025-04-01,Current,57.39
LN101192,CA,SFR,Owner,Rate/Term Refi,Full,729,73.3,83.3,29.5,992000.0,925040.0,1353000.0,6.895,360,333,27,2024-06-01,30,68.37
LN101193,CA,Condo,Owner,Purchase,Full,783,85.4,95.4,35.4,236000.0,229510.0,276000.0,6.654,240,229,11,2025-10-01,Current,83.16
LN101194,IL,Condo,Owner,Purchase,DSCR,793,79.9,79.9,30.5,412000.0,394490.0,516000.0,6.942,180,163,17,2025-04-01,Current,76.45
LN101195,MA,PUD,Owner,Purchase,Full,791,78.6,78.6,41.4,312000.0,308100.0,397000.0,6.743,240,235,5,2026-04-01,Current,77.61
LN101196,VA,Condo,Owner,Purchase,Full,801,63.7,73.7,32.8,642000.0,619530.0,1008000.0,6.344,360,346,14,2025-07-01,Current,61.46
LN101197,CA,SFR,Owner,Purchase,Full,742,66.4,71.4,46.5,955000.0,902475.0,1438000.0,6.802,180,158,22,2024-11-01,Current,62.76
LN101198,NJ,Condo,Owner,Rate/Term Refi,DSCR,741,75.1,75.1,44.6,356000.0,331080.0,474000.0,7.031,180,152,28,2024-05-01,Current,69.85
LN101199,VA,SFR,Owner,Purchase,Full,779,85.0,85.0,25.8,113000.0,111305.0,133000.0,6.774,240,234,6,2026-03-01,Current,83.69
LN101200,TX,2-4 Family,Owner,Rate/Term Refi,Full,696,64.1,64.1,43.6,547000.0,538795.0,853000.0,7.05,180,174,6,2026-03-01,Current,63.16
LN101201,CA,SFR,Owner,Purchase,Full,756,60.5,65.5,32.3,547000.0,500505.0,904000.0,6.658,360,326,34,2023-11-01,Current,55.37
LN101202,FL,Condo,Owner,Rate/Term Refi,Full,728,87.7,87.7,45.8,188000.0,176250.0,214000.0,6.786,180,155,25,2024-08-01,Current,82.36
LN101203,GA,SFR,Owner,Purchase,Full,734,62.8,72.8,39.3,367000.0,359660.0,584000.0,7.303,360,352,8,2026-01-01,Current,61.59
LN101204,PA,SFR,Investor,Purchase,Full,682,86.9,91.9,35.0,398000.0,370140.0,458000.0,7.728,180,152,28,2024-05-01,Current,80.82
LN101205,IL,SFR,Owner,Purchase,Full,714,76.9,81.9,40.5,140000.0,128800.0,182000.0,7.509,360,328,32,2024-01-01,Current,70.77
LN101206,FL,SFR,Owner,Purchase,Full,747,84.6,84.6,31.1,562000.0,560595.0,664000.0,6.978,360,359,1,2026-08-01,Current,84.43
LN101207,FL,SFR,Owner,Rate/Term Refi,Full,782,94.9,94.9,37.9,504000.0,488880.0,531000.0,6.936,360,348,12,2025-09-01,Current,92.07
LN101208,NY,SFR,Owner,Purchase,DSCR,786,82.3,82.3,38.3,459000.0,447525.0,558000.0,6.898,360,350,10,2025-11-01,30,80.2
LN101209,TX,SFR,Owner,Rate/Term Refi,Full,745,83.3,88.3,34.3,251000.0,244725.0,301000.0,7.214,360,350,10,2025-11-01,Current,81.3
LN101210,CO,PUD,Owner,Cash-Out Refi,Full,741,63.0,63.0,38.3,295000.0,283200.0,468000.0,6.378,360,344,16,2025-05-01,60,60.51
LN101211,WA,SFR,Owner,Purchase,Bank Statement,716,65.7,65.7,27.8,306000.0,285345.0,466000.0,7.097,180,153,27,2024-06-01,Current,61.23
LN101212,FL,SFR,Owner,Purchase,Bank Statement,763,81.7,81.7,39.7,513000.0,484785.0,628000.0,6.639,180,158,22,2024-11-01,Current,77.2
LN101213,CO,SFR,Owner,Purchase,Full,739,92.4,100.0,26.2,259000.0,247345.0,280000.0,7.12,360,342,18,2025-03-01,Current,88.34
LN101214,GA,SFR,Owner,Purchase,Full,771,90.7,100.0,40.2,811000.0,774505.0,894000.0,6.764,240,222,18,2025-03-01,Current,86.63
LN101215,CA,PUD,Owner,Cash-Out Refi,Bank Statement,815,97.0,97.0,39.0,489000.0,482887.5,504000.0,7.151,240,235,5,2026-04-01,Current,95.81
LN101216,FL,SFR,Owner,Cash-Out Refi,Full,747,77.7,77.7,40.8,149000.0,147137.5,192000.0,7.076,180,175,5,2026-04-01,Current,76.63
LN101217,AZ,Condo,Owner,Rate/Term Refi,Full,691,76.4,76.4,31.2,899000.0,831575.0,1177000.0,7.259,180,150,30,2024-03-01,Current,70.65
LN101218,NC,Condo,Investor,Purchase,Full,715,86.1,86.1,55.0,441000.0,418950.0,512000.0,7.565,360,340,20,2025-01-01,Current,81.83
LN101219,CA,SFR,Owner,Cash-Out Refi,DSCR,693,74.2,84.2,33.7,317000.0,301942.5,427000.0,7.214,360,341,19,2025-02-01,Current,70.71
LN101220,CA,SFR,Owner,Purchase,Full,703,73.3,78.3,36.6,430000.0,408500.0,587000.0,6.983,360,340,20,2025-01-01,Current,69.59
LN101221,GA,SFR,Owner,Purchase,Full,798,61.4,71.4,29.7,175000.0,166250.0,285000.0,6.428,360,340,20,2025-01-01,Current,58.33
LN101222,NC,SFR,Owner,Cash-Out Refi,Full,757,85.9,85.9,46.4,448000.0,434560.0,522000.0,6.874,180,168,12,2025-09-01,Current,83.25
LN101223,CA,SFR,Owner,Rate/Term Refi,Full,690,61.1,71.1,31.9,130000.0,125775.0,213000.0,7.131,240,227,13,2025-08-01,Current,59.05
LN101224,FL,PUD,Owner,Cash-Out Refi,DSCR,773,80.1,80.1,43.0,254000.0,233680.0,317000.0,7.019,180,148,32,2024-01-01,Current,73.72
LN101225,CO,SFR,Owner,Rate/Term Refi,Full,796,57.0,57.0,28.3,771000.0,715102.5,1353000.0,6.413,360,331,29,2024-04-01,Current,52.85
LN101226,IL,SFR,Owner,Purchase,Full,734,87.2,87.2,37.9,738000.0,684495.0,846000.0,7.1,360,331,29,2024-04-01,Current,80.91
LN101227,GA,SFR,Owner,Rate/Term Refi,Full,722,61.7,66.7,32.7,349000.0,329805.0,566000.0,7.184,240,218,22,2024-11-01,Current,58.27
LN101228,CA,PUD,Owner,Purchase,Full,735,84.1,89.1,42.6,261000.0,238162.5,310000.0,7.15,360,325,35,2023-10-01,Current,76.83
LN101229,FL,SFR,Owner,Purchase,Full,759,54.9,64.9,33.3,633000.0,629835.0,1153000.0,6.878,360,358,2,2026-07-01,30,54.63
LN101230,TX,Condo,Owner,Rate/Term Refi,Full,772,68.7,73.7,29.0,400000.0,387000.0,582000.0,6.736,360,347,13,2025-08-01,Current,66.49
LN101231,NJ,SFR,Owner,Cash-Out Refi,Full,793,88.1,93.1,39.0,452000.0,416970.0,513000.0,6.448,240,209,31,2024-02-01,Current,81.28
LN101232,FL,Condo,Owner,Rate/Term Refi,Full,794,64.3,64.3,26.5,548000.0,534300.0,852000.0,6.249,180,170,10,2025-11-01,30,62.71
LN101233,NC,PUD,Owner,Cash-Out Refi,Full,793,74.8,74.8,28.3,247000.0,234650.0,330000.0,6.226,360,340,20,2025-01-01,Current,71.11
LN101234,NY,SFR,Owner,Purchase,Full,800,68.3,78.3,41.4,593000.0,541112.5,868000.0,6.813,360,325,35,2023-10-01,Current,62.34
LN101235,CA,SFR,Owner,Purchase,Bank Statement,773,46.3,46.3,21.3,152000.0,148580.0,328000.0,6.576,240,231,9,2025-12-01,Current,45.3
LN101236,AZ,2-4 Family,Investor,Rate/Term Refi,Full,690,77.7,77.7,41.3,811000.0,748147.5,1044000.0,7.167,240,209,31,2024-02-01,Current,71.66
LN101237,CA,SFR,Owner,Purchase,Full,743,79.2,79.2,32.5,196000.0,195510.0,247000.0,6.736,360,359,1,2026-08-01,Current,79.15
LN101238,CA,PUD,Owner,Purchase,Full,760,60.7,70.7,28.6,305000.0,281362.5,502000.0,6.784,360,329,31,2024-02-01,Current,56.05
LN101239,VA,Condo,Owner,Purchase,Full,733,80.9,80.9,37.4,299000.0,298252.5,370000.0,7.026,360,359,1,2026-08-01,Current,80.61
LN101240,MA,SFR,Owner,Purchase,Bank Statement,783,64.5,64.5,40.4,575000.0,544812.5,891000.0,6.674,240,219,21,2024-12-01,Current,61.15
LN101241,FL,SFR,Owner,Purchase,Full,734,62.0,62.0,31.2,579000.0,573210.0,934000.0,6.655,360,356,4,2026-05-01,Current,61.37
LN101242,FL,SFR,Owner,Rate/Term Refi,Full,713,74.1,84.1,34.3,483000.0,483000.0,652000.0,6.836,360,360,0,2026-09-01,Current,74.08
LN101243,WA,SFR,Investor,Purchase,Full,803,65.8,65.8,41.7,527000.0,515142.5,801000.0,6.877,180,171,9,2025-12-01,Current,64.31
LN101244,AZ,2-4 Family,Owner,Purchase,DSCR,773,97.0,100.0,41.3,509000.0,472097.5,525000.0,6.744,360,331,29,2024-04-01,Current,89.92
LN101245,WA,2-4 Family,Investor,Purchase,Full,756,55.3,60.3,35.2,395000.0,376237.5,714000.0,6.659,360,341,19,2025-02-01,Current,52.69
LN101246,TX,SFR,Owner,Cash-Out Refi,DSCR,783,82.9,87.9,29.8,167000.0,152387.5,201000.0,7.11,360,325,35,2023-10-01,Current,75.81
LN101247,GA,SFR,Owner,Purchase,DSCR,788,85.9,95.9,28.5,139000.0,136220.0,162000.0,6.324,180,172,8,2026-01-01,Current,84.09
LN101248,TX,SFR,Owner,Purchase,Full,761,50.2,60.2,31.1,139000.0,138652.5,277000.0,6.757,360,359,1,2026-08-01,Current,50.06
LN101249,VA,SFR,Investor,Purchase,Full,655,53.2,53.2,40.8,399000.0,371070.0,750000.0,7.267,360,332,28,2024-05-01,Current,49.48
LN101250,OH,PUD,Owner,Purchase,Full,722,80.7,80.7,40.0,367000.0,337640.0,455000.0,7.087,240,208,32,2024-01-01,Current,74.21
LN101251,TX,SFR,Owner,Purchase,Full,731,68.2,68.2,38.0,382000.0,364810.0,560000.0,7.011,240,222,18,2025-03-01,Current,65.14
LN101252,WA,SFR,Owner,Cash-Out Refi,DSCR,711,78.6,78.6,46.2,453000.0,419025.0,576000.0,6.874,360,330,30,2024-03-01,Current,72.75
LN101253,CO,SFR,Owner,Cash-Out Refi,Full,756,87.7,97.7,33.4,365000.0,351312.5,416000.0,6.438,180,165,15,2025-06-01,Current,84.45
LN101254,TX,SFR,Owner,Purchase,Full,793,69.5,69.5,32.8,255000.0,240975.0,367000.0,7.053,180,158,22,2024-11-01,Current,65.66
LN101255,OH,PUD,Investor,Cash-Out Refi,Full,730,61.2,71.2,32.8,201000.0,193462.5,328000.0,6.809,240,225,15,2025-06-01,Current,58.98
LN101256,NY,SFR,Owner,Purchase,DSCR,705,41.2,46.2,50.1,167000.0,153222.5,405000.0,7.051,360,327,33,2023-12-01,Current,37.83
LN101257,IL,PUD,Owner,Rate/Term Refi,Bank Statement,825,76.5,86.5,20.1,721000.0,706580.0,942000.0,6.737,360,352,8,2026-01-01,Current,75.01
LN101258,FL,SFR,Owner,Purchase,Full,731,62.9,67.9,37.9,624000.0,622440.0,992000.0,6.962,360,359,1,2026-08-01,Current,62.75
LN101259,FL,2-4 Family,Investor,Purchase,Full,701,77.8,77.8,39.1,216000.0,205740.0,278000.0,7.333,360,341,19,2025-02-01,Current,74.01
LN101260,CA,SFR,Owner,Rate/Term Refi,Bank Statement,757,76.8,81.8,36.2,358000.0,357105.0,466000.0,7.05,360,359,1,2026-08-01,Current,76.63
LN101261,OH,PUD,Owner,Purchase,Full,764,57.4,57.4,53.4,501000.0,490980.0,873000.0,7.029,240,232,8,2026-01-01,Current,56.24
LN101262,VA,PUD,Owner,Purchase,Full,721,94.7,94.7,44.6,860000.0,797650.0,908000.0,7.391,360,331,29,2024-04-01,Current,87.85
LN101263,GA,PUD,Owner,Rate/Term Refi,Bank Statement,778,87.0,92.0,41.6,307000.0,298557.5,353000.0,7.162,240,229,11,2025-10-01,Current,84.58
LN101264,PA,Condo,Owner,Purchase,Full,729,84.2,84.2,29.0,442000.0,418795.0,525000.0,7.044,240,219,21,2024-12-01,Current,79.77
LN101265,VA,SFR,Owner,Purchase,Full,713,59.8,59.8,39.5,701000.0,669455.0,1172000.0,6.863,240,222,18,2025-03-01,Current,57.12
LN101266,AZ,PUD,Owner,Rate/Term Refi,Full,755,69.1,79.1,33.0,180000.0,179550.0,260000.0,6.83,360,359,1,2026-08-01,Current,69.06
LN101267,CA,2-4 Family,Owner,Cash-Out Refi,Full,777,67.4,67.4,36.1,288000.0,272160.0,427000.0,6.759,360,338,22,2024-11-01,Current,63.74
LN101268,OH,PUD,Owner,Rate/Term Refi,Full,724,69.0,69.0,37.3,399000.0,394012.5,578000.0,7.127,360,355,5,2026-04-01,Current,68.17
LN101269,GA,PUD,Owner,Purchase,Full,761,60.5,70.5,32.1,290000.0,282025.0,479000.0,7.169,360,349,11,2025-10-01,Current,58.88
LN101270,IL,SFR,Owner,Cash-Out Refi,Full,744,79.2,84.2,40.6,1097000.0,1088772.5,1385000.0,7.184,360,357,3,2026-06-01,Current,78.61
LN101271,IL,SFR,Owner,Purchase,Full,830,76.8,76.8,48.1,611000.0,572812.5,796000.0,6.452,360,335,25,2024-08-01,Current,71.96
LN101272,AZ,2-4 Family,Owner,Purchase,Full,721,78.4,78.4,43.6,446000.0,418125.0,569000.0,7.598,360,335,25,2024-08-01,Current,73.48
LN101273,NC,SFR,Owner,Purchase,Full,801,67.9,67.9,37.4,259000.0,251230.0,381000.0,6.603,240,228,12,2025-09-01,Current,65.94
LN101274,IL,PUD,Owner,Purchase,Full,746,89.5,89.5,21.2,611000.0,560592.5,683000.0,7.156,180,147,33,2023-12-01,Current,82.08
LN101275,FL,SFR,Owner,Cash-Out Refi,Full,743,76.3,76.3,44.0,547000.0,503240.0,717000.0,7.075,180,148,32,2024-01-01,Current,70.19
LN101276,CA,2-4 Family,Owner,Purchase,Full,775,41.1,41.1,43.9,319000.0,293480.0,776000.0,6.327,360,328,32,2024-01-01,Current,37.82
LN101277,FL,SFR,Owner,Cash-Out Refi,Full,782,66.3,71.3,34.4,331000.0,326862.5,499000.0,6.35,360,355,5,2026-04-01,Current,65.5
LN101278,CA,SFR,Owner,Rate/Term Refi,Full,796,73.3,78.3,32.2,204000.0,187170.0,278000.0,6.638,360,327,33,2023-12-01,Current,67.33
LN101279,FL,SFR,Owner,Cash-Out Refi,Full,760,85.6,85.6,40.8,392000.0,372400.0,458000.0,6.868,360,340,20,2025-01-01,Current,81.31
LN101280,VA,PUD,Owner,Rate/Term Refi,Full,725,70.4,70.4,29.8,610000.0,568825.0,866000.0,6.789,360,333,27,2024-06-01,Current,65.68
LN101281,GA,SFR,Second Home,Purchase,DSCR,728,71.0,76.0,41.9,650000.0,630500.0,915000.0,7.02,180,168,12,2025-09-01,Current,68.91
LN101282,IL,SFR,Owner,Rate/Term Refi,Full,767,66.0,71.0,27.7,533000.0,490360.0,808000.0,6.657,360,328,32,2024-01-01,Current,60.69
LN101283,CO,SFR,Owner,Purchase,Full,770,82.0,82.0,28.9,598000.0,574080.0,729000.0,6.702,360,344,16,2025-05-01,Current,78.75
LN101284,FL,PUD,Owner,Purchase,Full,801,68.6,68.6,36.0,308000.0,291830.0,449000.0,6.089,360,339,21,2024-12-01,Current,65.0
LN101285,WA,SFR,Investor,Rate/Term Refi,Full,764,66.8,66.8,24.9,325000.0,321750.0,487000.0,6.691,360,356,4,2026-05-01,Current,66.07
LN101286,VA,SFR,Owner,Purchase,DSCR,788,65.1,65.1,35.9,715000.0,691762.5,1098000.0,7.006,360,347,13,2025-08-01,Current,63.0
LN101287,OH,2-4 Family,Owner,Purchase,Full,806,80.7,80.7,39.9,502000.0,486940.0,622000.0,6.839,360,348,12,2025-09-01,Current,78.29
LN101288,TX,Condo,Owner,Purchase,Full,754,67.6,67.6,26.0,279000.0,267142.5,413000.0,7.068,360,343,17,2025-04-01,Current,64.68
LN101289,GA,SFR,Owner,Rate/Term Refi,Full,692,53.9,53.9,42.9,513000.0,505305.0,952000.0,7.03,240,234,6,2026-03-01,Current,53.08
LN101290,FL,SFR,Owner,Purchase,Full,703,81.5,81.5,31.7,599000.0,564557.5,735000.0,7.507,360,337,23,2024-10-01,Current,76.81
LN101291,NY,SFR,Owner,Purchase,Full,693,65.6,75.6,40.0,565000.0,531100.0,861000.0,6.98,360,336,24,2024-09-01,Current,61.68
LN101292,FL,PUD,Owner,Rate/Term Refi,Full,808,78.3,78.3,37.5,427000.0,407785.0,545000.0,6.471,240,222,18,2025-03-01,Current,74.82
LN101293,CA,PUD,Second Home,Cash-Out Refi,Full,716,78.5,78.5,32.5,318000.0,296535.0,405000.0,7.266,240,213,27,2024-06-01,Current,73.22
LN101294,TX,SFR,Owner,Purchase,Full,795,88.4,88.4,32.0,489000.0,448657.5,553000.0,6.41,360,327,33,2023-12-01,Current,81.13
LN101295,VA,PUD,Owner,Cash-Out Refi,DSCR,770,86.5,91.5,23.1,899000.0,836070.0,1039000.0,6.908,360,332,28,2024-05-01,Current,80.47
LN101296,WA,SFR,Owner,Cash-Out Refi,Full,813,67.1,67.1,30.7,434000.0,426405.0,647000.0,6.516,180,173,7,2026-02-01,Current,65.9
LN101297,CA,SFR,Investor,Purchase,Full,786,72.0,82.0,30.1,296000.0,272320.0,411000.0,7.07,180,148,32,2024-01-01,Current,66.26
LN101298,PA,SFR,Investor,Cash-Out Refi,Full,744,58.5,68.5,48.3,475000.0,444125.0,812000.0,6.597,180,154,26,2024-07-01,Current,54.7
LN101299,GA,2-4 Family,Owner,Purchase,Full,740,94.1,94.1,43.6,227000.0,219622.5,241000.0,7.254,360,347,13,2025-08-01,Current,91.13
LN101300,GA,SFR,Owner,Rate/Term Refi,Full,751,79.3,84.3,25.6,451000.0,421685.0,569000.0,6.775,180,154,26,2024-07-01,Current,74.11
LN101301,IL,PUD,Owner,Cash-Out Refi,Full,755,90.7,90.7,41.9,352000.0,331760.0,388000.0,6.891,360,337,23,2024-10-01,Current,85.51
LN101302,WA,Condo,Owner,Purchase,Full,728,70.2,70.2,37.6,635000.0,631825.0,905000.0,6.316,360,358,2,2026-07-01,Current,69.81
LN101303,CA,SFR,Owner,Purchase,Full,747,49.4,49.4,33.1,425000.0,388875.0,860000.0,6.429,360,326,34,2023-11-01,Current,45.22
LN101304,CA,Condo,Investor,Purchase,Bank Statement,809,92.4,100.0,39.4,663000.0,608302.5,718000.0,7.003,360,327,33,2023-12-01,Current,84.72
LN101305,CO,SFR,Owner,Rate/Term Refi,DSCR,683,75.1,75.1,41.9,1192000.0,1141340.0,1587000.0,7.43,360,343,17,2025-04-01,Current,71.92
LN101306,CO,SFR,Owner,Cash-Out Refi,Full,758,75.6,80.6,31.7,366000.0,337635.0,484000.0,6.896,360,329,31,2024-02-01,Current,69.76
LN101307,FL,SFR,Owner,Cash-Out Refi,Full,714,74.7,84.7,33.9,274000.0,261670.0,367000.0,7.721,180,162,18,2025-03-01,Current,71.3
LN101308,NJ,SFR,Owner,Rate/Term Refi,Bank Statement,755,81.7,81.7,37.2,502000.0,488195.0,614000.0,7.07,360,349,11,2025-10-01,Current,79.51
LN101309,TX,SFR,Owner,Purchase,Full,780,80.4,80.4,28.6,389000.0,366632.5,484000.0,6.467,240,217,23,2024-10-01,Current,75.75
LN101310,CA,SFR,Owner,Rate/Term Refi,Full,746,54.9,54.9,37.3,433000.0,424340.0,789000.0,6.672,180,172,8,2026-01-01,Current,53.78
LN101311,CA,SFR,Owner,Purchase,Bank Statement,777,87.0,92.0,35.3,305000.0,304237.5,351000.0,6.843,240,239,1,2026-08-01,Current,86.68
LN101312,OH,SFR,Investor,Purchase,Full,688,67.7,67.7,30.9,525000.0,525000.0,775000.0,7.595,240,240,0,2026-09-01,Current,67.74
LN101313,IL,SFR,Owner,Rate/Term Refi,Full,790,68.4,68.4,29.6,418000.0,386650.0,611000.0,6.371,240,210,30,2024-03-01,Current,63.28
LN101314,WA,SFR,Owner,Purchase,Bank Statement,725,94.7,99.7,38.2,147000.0,137077.5,155000.0,7.351,180,153,27,2024-06-01,Current,88.44
LN101315,AZ,PUD,Owner,Purchase,Bank Statement,772,85.0,85.0,42.5,362000.0,349330.0,426000.0,7.109,360,346,14,2025-07-01,Current,82.0
LN101316,CA,SFR,Investor,Purchase,Bank Statement,755,69.9,74.9,38.4,473000.0,461175.0,677000.0,6.618,360,350,10,2025-11-01,Current,68.12
LN101317,VA,Condo,Owner,Purchase,DSCR,650,51.7,51.7,29.6,703000.0,655547.5,1360000.0,7.288,240,213,27,2024-06-01,Current,48.2
LN101318,PA,Condo,Owner,Purchase,Full,719,75.9,80.9,41.6,309000.0,292005.0,407000.0,6.597,240,218,22,2024-11-01,Current,71.75
LN101319,TX,Condo,Investor,Purchase,Full,756,80.5,90.5,37.2,278000.0,275220.0,345000.0,6.943,360,356,4,2026-05-01,Current,79.77
LN101320,TX,Condo,Owner,Purchase,Bank Statement,807,73.0,73.0,40.4,693000.0,684337.5,949000.0,5.993,240,235,5,2026-04-01,Current,72.11
LN101321,VA,2-4 Family,Owner,Purchase,Full,759,59.0,59.0,44.7,304000.0,291080.0,515000.0,6.59,240,223,17,2025-04-01,Current,56.52
LN101322,IL,SFR,Owner,Cash-Out Refi,DSCR,758,64.5,69.5,29.2,425000.0,423937.5,659000.0,7.171,180,179,1,2026-08-01,Current,64.33
LN101323,CA,SFR,Owner,Purchase,Full,694,58.9,63.9,34.9,505000.0,479750.0,857000.0,7.175,240,220,20,2025-01-01,Current,55.98
LN101324,PA,SFR,Owner,Purchase,Full,802,76.6,76.6,31.5,571000.0,521037.5,745000.0,6.616,180,145,35,2023-10-01,Current,69.94
LN101325,NJ,SFR,Owner,Purchase,Full,817,83.8,83.8,29.4,406000.0,378595.0,484000.0,6.623,360,333,27,2024-06-01,Current,78.22
LN101326,FL,SFR,Owner,Purchase,Full,749,86.3,86.3,51.0,240000.0,235200.0,278000.0,7.551,360,352,8,2026-01-01,Current,84.6
LN101327,AZ,2-4 Family,Owner,Rate/Term Refi,Full,740,65.2,65.2,43.0,649000.0,614927.5,995000.0,6.998,360,339,21,2024-12-01,Current,61.8
LN101328,NC,PUD,Owner,Purchase,Full,686,76.8,76.8,22.8,330000.0,318450.0,430000.0,7.559,360,346,14,2025-07-01,Current,74.06
LN101329,FL,Condo,Owner,Purchase,Full,782,80.6,90.6,39.2,317000.0,299565.0,393000.0,6.655,360,338,22,2024-11-01,Current,76.23
LN101330,WA,Condo,Owner,Purchase,Full,830,67.9,67.9,31.8,1034000.0,979715.0,1523000.0,6.241,360,339,21,2024-12-01,Current,64.33
LN101331,FL,Condo,Owner,Cash-Out Refi,Full,775,72.2,77.2,44.6,610000.0,559675.0,845000.0,6.463,180,147,33,2023-12-01,Current,66.23
LN101332,NJ,SFR,Owner,Purchase,Full,796,97.0,97.0,36.6,246000.0,227550.0,254000.0,6.8,360,330,30,2024-03-01,Current,89.59
LN101333,TX,SFR,Owner,Rate/Term Refi,Full,769,76.5,81.5,34.7,323000.0,315732.5,422000.0,6.628,240,231,9,2025-12-01,30,74.82
LN101334,NY,SFR,Owner,Purchase,Full,711,84.6,84.6,37.0,360000.0,329400.0,426000.0,7.473,360,326,34,2023-11-01,Current,77.32
LN101335,CA,2-4 Family,Owner,Cash-Out Refi,Full,799,68.8,68.8,38.9,285000.0,273600.0,414000.0,6.702,360,344,16,2025-05-01,Current,66.09
LN101336,WA,SFR,Owner,Purchase,Full,701,74.5,74.5,36.2,165000.0,161287.5,221000.0,7.159,360,351,9,2025-12-01,Current,72.98
LN101337,CA,SFR,Owner,Purchase,Full,740,53.4,53.4,34.3,588000.0,542430.0,1101000.0,6.609,180,149,31,2024-02-01,Current,49.27
LN101338,FL,SFR,Second Home,Rate/Term Refi,Full,759,73.7,73.7,35.0,581000.0,563570.0,788000.0,6.117,360,348,12,2025-09-01,Current,71.52
LN101339,NC,PUD,Investor,Rate/Term Refi,Full,782,88.3,98.3,39.8,453000.0,434880.0,513000.0,6.694,360,344,16,2025-05-01,Current,84.77
LN101340,IL,Condo,Owner,Rate/Term Refi,Full,764,97.0,100.0,27.5,335000.0,306525.0,345000.0,7.111,360,326,34,2023-11-01,Current,88.85
LN101341,FL,SFR,Owner,Purchase,Full,763,88.4,88.4,36.0,446000.0,422585.0,505000.0,7.119,360,339,21,2024-12-01,Current,83.68
LN101342,NY,PUD,Second Home,Cash-Out Refi,Full,719,82.2,82.2,35.1,544000.0,529040.0,662000.0,6.395,180,169,11,2025-10-01,Current,79.92
LN101343,CA,2-4 Family,Owner,Rate/Term Refi,Full,699,74.6,74.6,32.4,248000.0,236840.0,332000.0,6.608,180,162,18,2025-03-01,Current,71.34
LN101344,TX,SFR,Owner,Cash-Out Refi,Full,750,66.8,66.8,41.5,346000.0,332160.0,518000.0,6.856,360,344,16,2025-05-01,Current,64.12
LN101345,MA,SFR,Owner,Cash-Out Refi,Full,721,72.1,77.1,26.3,311000.0,283787.5,431000.0,6.789,180,145,35,2023-10-01,Current,65.84
LN101346,CA,SFR,Owner,Purchase,Full,698,81.4,81.4,33.3,559000.0,546422.5,687000.0,7.222,240,231,9,2025-12-01,Current,79.54
LN101347,GA,SFR,Owner,Purchase,Full,700,64.6,64.6,29.6,456000.0,428640.0,706000.0,6.978,360,336,24,2024-09-01,Current,60.71
LN101348,NC,SFR,Owner,Cash-Out Refi,Bank Statement,729,85.2,95.2,40.1,220000.0,206250.0,258000.0,7.272,360,335,25,2024-08-01,Current,79.94
LN101349,AZ,SFR,Owner,Purchase,DSCR,678,62.2,67.2,32.5,303000.0,282547.5,487000.0,6.744,360,333,27,2024-06-01,Current,58.02
LN101350,GA,SFR,Owner,Rate/Term Refi,Full,697,52.6,52.6,36.4,921000.0,891067.5,1751000.0,6.852,360,347,13,2025-08-01,Current,50.89
LN101351,CA,SFR,Owner,Purchase,Full,686,61.9,66.9,38.9,257000.0,256357.5,415000.0,7.385,360,359,1,2026-08-01,Current,61.77
LN101352,FL,2-4 Family,Owner,Purchase,Full,755,54.0,59.0,24.1,433000.0,417845.0,802000.0,6.71,360,346,14,2025-07-01,Current,52.1
LN101353,FL,SFR,Owner,Cash-Out Refi,Full,764,57.5,57.5,39.4,301000.0,290465.0,523000.0,6.435,240,226,14,2025-07-01,Current,55.54
LN101354,TX,Condo,Owner,Cash-Out Refi,Full,824,87.6,92.6,30.4,723000.0,676005.0,825000.0,6.693,360,334,26,2024-07-01,Current,81.94
LN101355,TX,PUD,Owner,Purchase,Bank Statement,691,71.6,71.6,34.1,392000.0,366520.0,547000.0,7.29,240,214,26,2024-07-01,Current,67.01
LN101356,TX,Condo,Owner,Purchase,Full,722,76.6,76.6,35.2,329000.0,318307.5,430000.0,6.864,180,167,13,2025-08-01,Current,74.02
LN101357,OH,2-4 Family,Owner,Purchase,Full,783,87.9,87.9,42.0,233000.0,229505.0,265000.0,7.001,180,174,6,2026-03-01,Current,86.61
LN101358,FL,Condo,Owner,Purchase,Full,740,89.1,89.1,41.5,360000.0,339300.0,404000.0,7.267,240,217,23,2024-10-01,Current,83.99
LN101359,GA,SFR,Owner,Purchase,Bank Statement,736,67.9,67.9,49.2,594000.0,552420.0,875000.0,6.88,360,332,28,2024-05-01,Current,63.13
LN101360,NC,PUD,Owner,Cash-Out Refi,DSCR,813,89.9,89.9,37.3,552000.0,536820.0,614000.0,6.903,360,349,11,2025-10-01,Current,87.43
LN101361,NC,SFR,Owner,Purchase,Full,735,78.6,78.6,32.4,218000.0,200015.0,277000.0,6.736,240,207,33,2023-12-01,Current,72.21
LN101362,NY,2-4 Family,Owner,Purchase,Bank Statement,704,74.0,74.0,32.2,835000.0,816212.5,1128000.0,7.354,360,351,9,2025-12-01,Current,72.36
LN101363,IL,Condo,Owner,Purchase,Full,698,79.3,79.3,40.9,360000.0,335700.0,454000.0,7.207,360,333,27,2024-06-01,Current,73.94
LN101364,CA,SFR,Owner,Purchase,Full,761,56.9,66.9,48.0,247000.0,235267.5,434000.0,6.421,240,221,19,2025-02-01,Current,54.21
LN101365,VA,PUD,Owner,Cash-Out Refi,Full,760,64.6,64.6,38.5,428000.0,400180.0,663000.0,6.588,360,334,26,2024-07-01,Current,60.36
LN101366,FL,PUD,Owner,Rate/Term Refi,Bank Statement,696,72.7,72.7,31.7,302000.0,299735.0,415000.0,7.489,360,357,3,2026-06-01,30,72.23
LN101367,NC,SFR,Owner,Rate/Term Refi,Bank Statement,711,81.3,81.3,38.0,308000.0,301070.0,379000.0,7.059,360,351,9,2025-12-01,Current,79.44
LN101368,VA,SFR,Second Home,Purchase,Full,768,69.5,79.5,37.9,300000.0,299250.0,432000.0,6.651,240,239,1,2026-08-01,Current,69.27
LN101369,WA,SFR,Owner,Rate/Term Refi,DSCR,770,72.5,72.5,36.2,386000.0,382140.0,532000.0,6.593,360,356,4,2026-05-01,Current,71.83
LN101370,FL,PUD,Owner,Rate/Term Refi,DSCR,724,85.6,85.6,30.4,319000.0,295872.5,373000.0,6.966,360,331,29,2024-04-01,Current,79.32
LN101371,VA,Condo,Owner,Purchase,Bank Statement,772,90.9,95.9,17.0,182000.0,166985.0,200000.0,7.164,240,207,33,2023-12-01,Current,83.49
LN101372,CA,SFR,Investor,Rate/Term Refi,Full,770,83.2,88.2,32.0,514000.0,479305.0,618000.0,7.408,360,333,27,2024-06-01,Current,77.56
LN101373,NC,SFR,Owner,Cash-Out Refi,Full,680,89.2,89.2,43.9,316000.0,304150.0,354000.0,7.792,360,345,15,2025-06-01,Current,85.92
LN101374,TX,SFR,Owner,Purchase,Full,736,69.1,79.1,37.6,703000.0,667850.0,1017000.0,7.05,180,160,20,2025-01-01,Current,65.67
LN101375,CO,SFR,Owner,Cash-Out Refi,Full,764,70.3,62.3,19.5,517000.0,475640.0,735000.0,6.955,180,148,32,2024-01-01,Current,64.71
LN101376,CA,2-4 Family,Owner,Purchase,Full,726,77.8,77.8,36.0,537000.0,496725.0,690000.0,6.986,360,330,30,2024-03-01,Current,71.99
LN101377,VA,2-4 Family,Owner,Purchase,DSCR,667,70.4,75.4,22.2,438000.0,411720.0,622000.0,7.229,240,216,24,2024-09-01,Current,66.19
LN101378,NY,PUD,Owner,Purchase,Full,737,67.9,67.9,50.9,736000.0,697360.0,1084000.0,6.616,180,159,21,2024-12-01,Current,64.33
LN101379,CA,SFR,Owner,Purchase,Full,777,93.8,98.8,37.4,346000.0,317455.0,369000.0,7.281,180,147,33,2023-12-01,Current,86.03
LN101380,GA,Condo,Owner,Purchase,Full,808,71.6,81.6,27.0,253000.0,240350.0,353000.0,6.434,360,340,20,2025-01-01,Current,68.09
LN101381,FL,SFR,Owner,Purchase,Bank Statement,665,62.4,67.4,42.0,473000.0,473000.0,758000.0,7.107,180,180,0,2026-09-01,Current,62.4
LN101382,CA,SFR,Owner,Purchase,Full,830,79.8,89.8,30.2,113000.0,107632.5,142000.0,6.31,240,221,19,2025-02-01,Current,75.8
LN101383,NJ,SFR,Owner,Purchase,Full,705,96.0,100.0,40.2,339000.0,315270.0,353000.0,7.427,180,152,28,2024-05-01,Current,89.31
LN101384,CA,2-4 Family,Owner,Purchase,Full,784,75.0,75.0,36.2,445000.0,410512.5,593000.0,6.56,180,149,31,2024-02-01,Current,69.23
LN101385,CA,SFR,Second Home,Purchase,Full,795,88.8,88.8,27.2,331000.0,309485.0,373000.0,6.772,360,334,26,2024-07-01,Current,82.97
LN101386,CA,2-4 Family,Owner,Cash-Out Refi,Full,785,68.7,68.7,41.0,722000.0,660630.0,1051000.0,6.668,180,146,34,2023-11-01,Current,62.86
LN101387,FL,SFR,Owner,Rate/Term Refi,Full,754,68.1,78.1,26.0,557000.0,529150.0,818000.0,7.137,360,340,20,2025-01-01,Current,64.69
LN101388,PA,2-4 Family,Owner,Cash-Out Refi,Full,704,65.7,75.7,46.0,424000.0,399620.0,645000.0,6.776,240,217,23,2024-10-01,Current,61.96
LN101389,CA,SFR,Owner,Purchase,Full,772,72.3,72.3,36.5,334000.0,329825.0,462000.0,6.814,360,355,5,2026-04-01,Current,71.39
LN101390,PA,SFR,Second Home,Purchase,Full,721,96.0,100.0,28.3,669000.0,637222.5,697000.0,7.112,360,341,19,2025-02-01,Current,91.42
LN101391,TX,SFR,Owner,Cash-Out Refi,Full,652,60.1,60.1,22.5,293000.0,287872.5,488000.0,7.233,180,173,7,2026-02-01,Current,58.99
LN101392,FL,SFR,Owner,Rate/Term Refi,Full,830,93.6,93.6,48.1,331000.0,326035.0,354000.0,7.006,180,174,6,2026-03-01,Current,92.1
LN101393,GA,SFR,Owner,Purchase,Full,775,61.9,66.9,46.8,569000.0,522057.5,919000.0,6.773,360,327,33,2023-12-01,Current,56.81
LN101394,VA,SFR,Owner,Rate/Term Refi,Full,817,71.2,71.2,26.6,530000.0,510125.0,744000.0,6.364,360,345,15,2025-06-01,Current,68.57
LN101395,CA,SFR,Owner,Purchase,Full,713,84.0,89.0,48.3,1036000.0,999740.0,1233000.0,7.333,240,226,14,2025-07-01,Current,81.08
LN101396,CO,SFR,Owner,Rate/Term Refi,DSCR,804,81.6,81.6,37.2,363000.0,356647.5,445000.0,6.637,240,233,7,2026-02-01,Current,80.15
LN101397,NY,2-4 Family,Owner,Purchase,Full,808,77.4,77.4,34.3,168000.0,156660.0,217000.0,6.85,360,333,27,2024-06-01,Current,72.19
LN101398,CA,SFR,Investor,Purchase,Bank Statement,807,54.2,54.2,35.4,546000.0,500955.0,1007000.0,6.23,360,327,33,2023-12-01,Current,49.75
LN101399,PA,SFR,Investor,Purchase,Full,747,78.3,78.3,34.0,721000.0,657912.5,921000.0,7.072,180,145,35,2023-10-01,Current,71.43
LN101400,FL,SFR,Owner,Purchase,Full,702,61.7,61.7,46.7,372000.0,356190.0,603000.0,7.004,180,163,17,2025-04-01,Current,59.07
LN101401,CO,SFR,Owner,Purchase,Bank Statement,741,97.0,100.0,37.1,829000.0,812420.0,855000.0,7.177,360,352,8,2026-01-01,Current,95.02
LN101402,NC,SFR,Investor,Purchase,Full,664,71.4,81.4,22.2,919000.0,845480.0,1287000.0,7.342,360,328,32,2024-01-01,Current,65.69
LN101403,TX,Condo,Owner,Cash-Out Refi,Bank Statement,683,76.3,81.3,51.6,295000.0,293525.0,387000.0,7.162,360,358,2,2026-07-01,Current,75.85
LN101404,TX,SFR,Owner,Purchase,Full,751,60.2,60.2,42.6,321000.0,295320.0,533000.0,6.772,360,328,32,2024-01-01,Current,55.41
LN101405,FL,PUD,Owner,Purchase,Full,710,68.3,68.3,27.9,224000.0,223440.0,328000.0,7.315,240,239,1,2026-08-01,Current,68.12
LN101406,VA,Condo,Second Home,Rate/Term Refi,Full,742,58.5,58.5,33.3,517000.0,484687.5,884000.0,6.633,180,155,25,2024-08-01,Current,54.83
LN101407,NJ,Condo,Owner,Rate/Term Refi,Bank Statement,744,85.8,85.8,29.2,561000.0,539962.5,654000.0,6.949,240,225,15,2025-06-01,Current,82.56
LN101408,AZ,SFR,Owner,Purchase,Bank Statement,821,70.9,70.9,36.3,532000.0,525350.0,750000.0,6.524,240,235,5,2026-04-01,Current,70.05
LN101409,FL,PUD,Second Home,Purchase,Full,797,80.8,80.8,38.9,226000.0,209615.0,280000.0,6.49,360,331,29,2024-04-01,Current,74.86
LN101410,TX,SFR,Owner,Purchase,Full,746,65.8,75.8,37.8,282000.0,279885.0,429000.0,7.047,180,177,3,2026-06-01,Current,65.24
LN101411,FL,PUD,Owner,Purchase,Bank Statement,794,68.0,78.0,31.5,206000.0,191580.0,303000.0,6.741,240,212,28,2024-05-01,Current,63.23
LN101412,FL,PUD,Owner,Purchase,Full,718,89.5,89.5,30.0,190000.0,173850.0,212000.0,6.671,360,326,34,2023-11-01,30,82.0
LN101413,NY,PUD,Second Home,Cash-Out Refi,Full,735,62.3,62.3,42.3,215000.0,203712.5,345000.0,6.702,240,219,21,2024-12-01,Current,59.05
LN101414,FL,SFR,Owner,Purchase,DSCR,783,52.4,52.4,35.2,192000.0,185760.0,366000.0,6.21,180,167,13,2025-08-01,Current,50.75
LN101415,FL,SFR,Owner,Purchase,Full,701,78.9,83.9,52.8,369000.0,369000.0,468000.0,7.437,360,360,0,2026-09-01,Current,78.85
LN101416,NC,Condo,Owner,Cash-Out Refi,Full,737,60.3,65.3,30.0,488000.0,485560.0,809000.0,7.063,180,178,2,2026-07-01,Current,60.02
LN101417,VA,PUD,Owner,Purchase,Full,698,68.7,68.7,41.9,536000.0,525280.0,780000.0,6.854,240,232,8,2026-01-01,30,67.34
LN101418,VA,SFR,Owner,Rate/Term Refi,Bank Statement,752,84.9,84.9,36.4,397000.0,395015.0,468000.0,6.818,360,358,2,2026-07-01,Current,84.4
LN101419,CA,PUD,Owner,Purchase,Full,810,64.2,64.2,30.3,294000.0,290325.0,458000.0,6.412,360,355,5,2026-04-01,Current,63.39
LN101420,WA,SFR,Owner,Rate/Term Refi,Full,719,84.5,84.5,46.2,399000.0,393015.0,472000.0,7.09,360,354,6,2026-03-01,Current,83.27
LN101421,CA,SFR,Owner,Purchase,Full,757,65.8,70.8,36.9,522000.0,515475.0,793000.0,6.944,180,175,5,2026-04-01,Current,65.0
LN101422,VA,SFR,Owner,Purchase,Full,714,91.9,91.9,29.3,349000.0,346382.5,380000.0,7.527,360,357,3,2026-06-01,Current,91.15
LN101423,IL,SFR,Owner,Purchase,Bank Statement,704,89.9,94.9,33.6,411000.0,406890.0,457000.0,7.471,240,236,4,2026-05-01,Current,89.04
LN101424,CA,PUD,Owner,Cash-Out Refi,Full,701,68.3,68.3,43.6,348000.0,334080.0,510000.0,7.397,360,372,-12,2025-05-01,Current,65.51
LN101425,NJ,SFR,Owner,Purchase,Full,803,71.4,81.4,26.8,314000.0,313215.0,440000.0,6.777,360,359,1,2026-08-01,Current,71.19
LN101426,CO,SFR,Investor,Rate/Term Refi,Bank Statement,830,64.0,64.0,46.3,407000.0,403947.5,636000.0,6.293,240,237,3,2026-06-01,Current,63.51
LN101427,CA,SFR,Owner,Purchase,Full,766,76.4,76.4,41.1,239000.0,228245.0,313000.0,6.711,180,162,18,2025-03-01,Current,72.92
LN101428,VA,2-4 Family,Owner,Cash-Out Refi,Full,721,87.8,92.8,33.9,653000.0,612187.5,744000.0,7.02,240,215,25,2024-08-01,Current,82.28
LN101429,CA,SFR,Owner,Cash-Out Refi,Full,775,56.6,56.6,46.1,194000.0,188180.0,343000.0,6.769,360,348,12,2025-09-01,Current,54.86
LN101430,MA,SFR,Owner,Purchase,Full,735,85.0,85.0,49.1,496000.0,488560.0,584000.0,7.31,240,234,6,2026-03-01,Current,83.66
LN101431,PA,SFR,Owner,Rate/Term Refi,Full,778,58.1,58.1,40.5,213000.0,206610.0,367000.0,6.814,360,348,12,2025-09-01,Current,56.3
LN101432,NY,SFR,Owner,Cash-Out Refi,Full,759,63.7,63.7,37.3,807000.0,794895.0,1267000.0,6.653,240,234,6,2026-03-01,Current,62.74
LN101433,WA,SFR,Second Home,Purchase,Full,759,52.5,52.5,49.8,599000.0,585522.5,1141000.0,6.525,360,351,9,2025-12-01,Current,51.32
LN101434,FL,SFR,Owner,Purchase,Bank Statement,771,97.0,100.0,47.2,275000.0,270875.0,284000.0,7.06,360,354,6,2026-03-01,Current,95.38
LN101435,NY,SFR,Owner,Rate/Term Refi,Full,726,74.7,74.7,29.1,325000.0,302250.0,435000.0,7.351,360,332,28,2024-05-01,Current,69.48
LN101436,NJ,SFR,Owner,Purchase,Full,733,76.9,76.9,34.5,237000.0,234037.5,308000.0,7.11,360,355,5,2026-04-01,Current,75.99
LN101437,GA,PUD,Owner,Purchase,Full,683,65.9,75.9,34.4,390000.0,380250.0,592000.0,7.267,180,170,10,2025-11-01,Current,64.23
LN101438,FL,2-4 Family,Investor,Purchase,Full,731,86.8,96.8,32.9,485000.0,449837.5,559000.0,6.929,360,331,29,2024-04-01,Current,80.47
LN101439,NJ,SFR,Second Home,Purchase,Full,694,48.8,48.8,24.8,1309000.0,1292637.5,2682000.0,7.084,360,355,5,2026-04-01,Current,48.2
LN101440,TX,Condo,Owner,Purchase,DSCR,743,74.3,74.3,42.8,213000.0,210870.0,287000.0,7.069,360,356,4,2026-05-01,Current,73.47
LN101441,GA,PUD,Owner,Purchase,Full,712,97.0,100.0,36.6,712000.0,694200.0,734000.0,7.115,360,350,10,2025-11-01,Current,94.58
LN101442,TX,PUD,Owner,Purchase,Full,752,69.4,69.4,36.7,306000.0,286110.0,441000.0,7.266,360,334,26,2024-07-01,Current,64.88
LN101443,NJ,PUD,Owner,Purchase,Full,765,74.2,79.2,46.6,455000.0,445900.0,613000.0,6.577,360,352,8,2026-01-01,Current,72.74
LN101444,TX,SFR,Owner,Cash-Out Refi,Full,694,82.1,82.1,31.8,602000.0,564375.0,733000.0,7.537,180,155,25,2024-08-01,Current,77.0
LN101445,IL,Condo,Investor,Purchase,Full,717,64.3,64.3,35.6,515000.0,499550.0,801000.0,6.942,360,348,12,2025-09-01,Current,62.37
LN101446,CA,SFR,Owner,Cash-Out Refi,Full,712,74.3,74.3,38.1,487000.0,467520.0,655000.0,7.162,360,344,16,2025-05-01,Current,71.38
LN101447,CA,2-4 Family,Owner,Rate/Term Refi,Full,776,85.5,85.5,32.8,365000.0,353137.5,427000.0,6.656,360,347,13,2025-08-01,Current,82.7
LN101448,FL,Condo,Owner,Purchase,DSCR,813,76.3,76.3,35.2,399000.0,394012.5,523000.0,6.397,240,235,5,2026-04-01,Current,75.34
LN101449,CA,SFR,Owner,Rate/Term Refi,Full,780,78.5,78.5,41.7,430000.0,421400.0,548000.0,6.929,360,352,8,2026-01-01,Current,76.9
LN101450,CA,SFR,Owner,Rate/Term Refi,Full,735,69.8,79.8,35.9,697000.0,651695.0,999000.0,6.891,180,154,26,2024-07-01,Current,65.23
LN101451,FL,SFR,Owner,Purchase,DSCR,804,77.8,77.8,46.0,203000.0,191835.0,261000.0,6.521,180,158,22,2024-11-01,Current,73.5
LN101452,GA,Condo,Owner,Purchase,Full,690,74.7,74.7,30.4,319000.0,313417.5,427000.0,7.477,180,173,7,2026-02-01,Current,73.4
LN101453,FL,SFR,Owner,Purchase,Full,805,91.5,91.5,37.5,225000.0,222187.5,246000.0,6.912,180,175,5,2026-04-01,30,90.32
LN101454,CA,SFR,Owner,Purchase,DSCR,723,82.7,87.7,25.3,256000.0,234240.0,310000.0,7.181,360,326,34,2023-11-01,Current,75.56
LN101455,FL,SFR,Owner,Rate/Term Refi,Full,642,71.1,76.1,35.1,277000.0,254840.0,390000.0,7.568,360,328,32,2024-01-01,Current,65.34
LN101456,FL,SFR,Owner,Purchase,Full,830,44.6,54.6,30.7,666000.0,657675.0,1493000.0,6.541,360,355,5,2026-04-01,Current,44.05
LN101457,TX,SFR,Owner,Rate/Term Refi,Full,808,82.6,87.6,46.2,1080000.0,996300.0,1308000.0,6.588,180,149,31,2024-02-01,Current,76.17
LN101458,FL,SFR,Owner,Rate/Term Refi,Full,709,83.1,88.1,41.6,750000.0,727500.0,903000.0,7.324,240,228,12,2025-09-01,Current,80.56
LN101459,NY,Condo,Owner,Rate/Term Refi,Full,754,63.0,63.0,39.8,231000.0,221182.5,367000.0,6.862,180,163,17,2025-04-01,Current,60.27
LN101460,IL,PUD,Owner,Rate/Term Refi,Full,740,50.0,50.0,49.9,414000.0,408825.0,828000.0,6.367,240,235,5,2026-04-01,Current,49.38
LN101461,WA,Condo,Investor,Purchase,Full,752,60.3,60.3,46.9,237000.0,221595.0,393000.0,6.267,360,334,26,2024-07-01,Current,56.39
LN101462,OH,SFR,Second Home,Cash-Out Refi,Full,692,85.1,95.1,41.4,492000.0,457560.0,578000.0,7.382,360,332,28,2024-05-01,Current,79.16
LN101463,OH,PUD,Second Home,Purchase,Full,722,61.2,71.2,30.8,721000.0,708382.5,1178000.0,7.145,360,353,7,2026-02-01,Current,60.13
LN101464,CO,SFR,Owner,Purchase,Full,766,68.5,68.5,25.1,525000.0,493500.0,766000.0,6.79,360,336,24,2024-09-01,Current,64.43
LN101465,FL,Condo,Owner,Purchase,DSCR,756,76.6,76.6,35.8,599000.0,584025.0,782000.0,6.75,360,350,10,2025-11-01,Current,74.68
LN101466,CA,SFR,Owner,Purchase,Full,794,88.7,88.7,33.3,374000.0,348755.0,422000.0,6.613,360,333,27,2024-06-01,Current,82.64
LN101467,NY,SFR,Owner,Purchase,DSCR,751,73.8,73.8,31.1,161000.0,148120.0,218000.0,7.084,180,148,32,2024-01-01,Current,67.94
LN101468,TX,SFR,Owner,Rate/Term Refi,Full,830,72.8,72.8,33.8,160000.0,151200.0,220000.0,6.326,360,338,22,2024-11-01,Current,68.73
LN101469,AZ,2-4 Family,Owner,Cash-Out Refi,Full,721,67.4,72.4,23.5,382000.0,365765.0,567000.0,6.603,360,343,17,2025-04-01,Current,64.51
LN101470,CA,SFR,Investor,Rate/Term Refi,Full,758,93.6,93.6,47.2,522000.0,490680.0,558000.0,7.207,360,336,24,2024-09-01,Current,87.94
LN101471,WA,SFR,Owner,Rate/Term Refi,Full,675,86.8,91.8,27.4,720000.0,673200.0,829000.0,7.528,360,334,26,2024-07-01,Current,81.21
LN101472,TX,SFR,Owner,Purchase,Bank Statement,700,72.9,82.9,30.9,341000.0,335032.5,468000.0,7.274,360,353,7,2026-02-01,30,71.59
LN101473,CA,SFR,Owner,Purchase,DSCR,798,57.2,67.2,40.3,414000.0,383985.0,724000.0,6.692,360,331,29,2024-04-01,Current,53.04
LN101474,CA,Condo,Owner,Rate/Term Refi,Full,712,64.5,64.5,23.7,451000.0,446490.0,699000.0,7.351,240,236,4,2026-05-01,Current,63.88
LN101475,NY,SFR,Owner,Cash-Out Refi,Full,768,81.0,81.0,42.9,654000.0,613125.0,807000.0,6.991,360,335,25,2024-08-01,Current,75.98
LN101476,CA,SFR,Owner,Purchase,Full,746,65.3,70.3,43.1,388000.0,377330.0,594000.0,6.786,180,169,11,2025-10-01,Current,63.52
LN101477,CA,Condo,Owner,Purchase,Full,708,84.7,89.7,33.6,241000.0,231360.0,285000.0,6.73,180,164,16,2025-05-01,Current,81.18
LN101478,TX,PUD,Owner,Purchase,Full,735,78.3,88.3,27.9,660000.0,623700.0,843000.0,7.097,360,338,22,2024-11-01,Current,73.99
LN101479,CA,2-4 Family,Owner,Purchase,Full,728,77.5,77.5,32.4,484000.0,468270.0,625000.0,7.022,360,347,13,2025-08-01,Current,74.92
LN101480,CA,SFR,Owner,Cash-Out Refi,Bank Statement,729,81.8,86.8,22.0,478000.0,438565.0,584000.0,7.42,180,147,33,2023-12-01,Current,75.1
LN101481,CA,PUD,Owner,Cash-Out Refi,DSCR,777,80.0,80.0,46.5,222000.0,220890.0,278000.0,7.104,360,358,2,2026-07-01,Current,79.46
LN101482,NC,SFR,Owner,Cash-Out Refi,Full,773,63.7,63.7,36.4,399000.0,367080.0,626000.0,6.768,360,328,32,2024-01-01,Current,58.64
LN101483,FL,PUD,Owner,Cash-Out Refi,Full,726,70.1,70.1,30.4,181000.0,166972.5,258000.0,7.334,360,329,31,2024-02-01,Current,64.72
LN101484,CO,SFR,Owner,Cash-Out Refi,Full,714,97.0,97.0,29.1,158000.0,156815.0,163000.0,7.319,180,177,3,2026-06-01,Current,96.21
LN101485,CO,Condo,Owner,Purchase,Full,759,59.5,59.5,40.3,359000.0,337460.0,603000.0,6.682,360,336,24,2024-09-01,Current,55.96
LN101486,WA,SFR,Second Home,Purchase,Full,744,68.3,78.3,47.4,327000.0,300022.5,479000.0,6.662,360,327,33,2023-12-01,Current,62.64
LN101487,WA,PUD,Owner,Rate/Term Refi,Full,787,86.8,86.8,26.4,520000.0,517400.0,599000.0,6.721,180,178,2,2026-07-01,Current,86.38
LN101488,NJ,SFR,Owner,Cash-Out Refi,Full,830,72.1,72.1,31.7,779000.0,730312.5,1080000.0,6.444,240,215,25,2024-08-01,Current,67.62
LN101489,CA,SFR,Owner,Purchase,Full,780,64.3,64.3,22.7,394000.0,364450.0,613000.0,6.875,360,330,30,2024-03-01,Current,59.45
LN101490,TX,SFR,Owner,Cash-Out Refi,Full,747,58.1,58.1,41.1,915000.0,839512.5,1575000.0,6.57,240,207,33,2023-12-01,Current,53.3
LN101491,CA,SFR,Owner,Purchase,Full,741,80.4,85.4,37.2,305000.0,297375.0,379000.0,7.207,240,230,10,2025-11-01,Current,78.46
LN101492,NY,PUD,Owner,Purchase,Full,715,86.2,91.2,53.1,569000.0,522057.5,660000.0,7.799,360,327,33,2023-12-01,Current,79.1
LN101493,VA,PUD,Owner,Cash-Out Refi,Full,714,90.8,95.8,35.1,223000.0,206275.0,246000.0,6.944,240,210,30,2024-03-01,Current,83.85
LN101494,IL,SFR,Second Home,Purchase,Full,710,74.6,74.6,32.7,424000.0,420820.0,568000.0,7.074,360,357,3,2026-06-01,Current,74.09
LN101495,VA,SFR,Owner,Purchase,Full,733,86.5,86.5,30.6,346000.0,341675.0,400000.0,7.124,360,355,5,2026-04-01,Current,85.42
LN101496,AZ,PUD,Owner,Cash-Out Refi,Full,732,61.6,66.6,42.5,363000.0,337590.0,589000.0,7.123,240,212,28,2024-05-01,Current,57.32
LN101497,CA,Condo,Owner,Purchase,Bank Statement,776,76.0,76.0,23.7,525000.0,525000.0,691000.0,7.245,360,360,0,2026-09-01,Current,75.98
LN101498,CA,Condo,Owner,Cash-Out Refi,Bank Statement,733,65.9,70.9,41.7,167000.0,161990.0,253000.0,7.216,360,348,12,2025-09-01,Current,64.03
LN101499,CO,PUD,Owner,Cash-Out Refi,DSCR,740,76.1,81.1,37.9,422000.0,390350.0,555000.0,6.963,360,330,30,2024-03-01,Current,70.33
LN101500,OH,SFR,Owner,Purchase,Full,702,83.0,83.0,32.2,275000.0,270875.0,331000.0,7.06,360,354,6,2026-03-01,Current,81.84
LN101501,CA,Condo,Owner,Purchase,Full,810,86.8,86.8,29.2,422000.0,388240.0,486000.0,6.645,360,328,32,2024-01-01,Current,79.88
LN101502,MA,SFR,Owner,Rate/Term Refi,Full,767,62.1,62.1,44.0,480000.0,445200.0,773000.0,6.661,360,331,29,2024-04-01,Current,57.59
LN101503,CO,SFR,Owner,Purchase,Full,816,89.2,89.2,50.1,337000.0,322677.5,378000.0,6.707,360,343,17,2025-04-01,Current,85.36
LN101504,CA,SFR,Owner,Cash-Out Refi,Bank Statement,778,68.3,73.3,32.6,337000.0,320992.5,493000.0,6.446,360,341,19,2025-02-01,Current,65.11
LN101505,TX,PUD,Owner,Cash-Out Refi,Full,805,61.7,71.7,40.0,235000.0,216200.0,381000.0,6.814,360,328,32,2024-01-01,Current,56.75
LN101506,NJ,2-4 Family,Owner,Purchase,Full,739,72.0,72.0,49.2,516000.0,509550.0,717000.0,6.759,240,235,5,2026-04-01,Current,71.07
LN101507,VA,SFR,Owner,Cash-Out Refi,Full,775,56.4,56.4,31.3,293000.0,290802.5,520000.0,6.733,240,237,3,2026-06-01,Current,55.92
LN101508,CO,SFR,Owner,Purchase,Full,830,74.1,74.1,34.1,491000.0,481180.0,663000.0,6.465,360,352,8,2026-01-01,Current,72.58
LN101509,OH,SFR,Owner,Purchase,Full,702,77.5,77.5,26.7,207000.0,204412.5,267000.0,6.944,360,355,5,2026-04-01,Current,76.56
LN101510,GA,SFR,Investor,Purchase,Full,793,71.6,76.6,34.9,753000.0,715350.0,1052000.0,6.625,360,340,20,2025-01-01,Current,68.0
LN101511,MA,SFR,Owner,Cash-Out Refi,Full,813,80.4,85.4,35.4,250000.0,228750.0,311000.0,6.582,180,146,34,2023-11-01,Current,73.55
LN101512,FL,SFR,Investor,Rate/Term Refi,Bank Statement,764,70.2,70.2,32.8,683000.0,645435.0,973000.0,6.723,360,338,22,2024-11-01,Current,66.33
LN101513,NY,SFR,Owner,Rate/Term Refi,Full,777,74.0,74.0,30.4,325000.0,298187.5,439000.0,6.928,180,147,33,2023-12-01,Current,67.92
LN101514,TX,SFR,Owner,Rate/Term Refi,Full,797,56.7,66.7,24.0,515000.0,496975.0,908000.0,6.319,180,166,14,2025-07-01,Current,54.73
LN101515,CA,2-4 Family,Owner,Purchase,Full,723,74.5,74.5,25.8,375000.0,351562.5,503000.0,7.685,180,155,25,2024-08-01,Current,69.89
LN101516,TX,2-4 Family,Owner,Cash-Out Refi,Full,764,63.8,68.8,28.6,548000.0,505530.0,859000.0,6.983,180,149,31,2024-02-01,Current,58.85
LN101517,CA,Condo,Owner,Purchase,Bank Statement,714,68.6,73.6,40.9,401000.0,388970.0,585000.0,6.827,240,228,12,2025-09-01,Current,66.49
LN101518,OH,SFR,Owner,Purchase,Full,722,72.9,72.9,32.1,719000.0,672265.0,986000.0,6.434,240,214,26,2024-07-01,60,68.18
LN101519,AZ,PUD,Owner,Purchase,Full,724,76.3,81.3,29.5,546000.0,511875.0,716000.0,7.379,180,155,25,2024-08-01,Current,71.49
LN101520,OH,Condo,Owner,Purchase,Full,742,54.2,64.2,41.0,548000.0,538410.0,1011000.0,6.803,360,353,7,2026-02-01,Current,53.26
LN101521,CA,PUD,Owner,Purchase,Full,754,55.2,65.2,40.3,865000.0,865000.0,1567000.0,6.699,180,180,0,2026-09-01,Current,55.2
LN101522,AZ,2-4 Family,Owner,Rate/Term Refi,Full,766,70.4,75.4,30.3,290000.0,289275.0,412000.0,6.518,360,359,1,2026-08-01,Current,70.21
LN101523,NY,PUD,Owner,Purchase,Full,693,79.7,79.7,31.2,730000.0,708100.0,916000.0,6.934,240,228,12,2025-09-01,Current,77.3
LN101524,MA,SFR,Owner,Purchase,DSCR,825,78.3,78.3,41.0,414000.0,379845.0,529000.0,6.024,180,147,33,2023-12-01,Current,71.8
LN101525,CA,SFR,Owner,Purchase,Full,793,84.7,84.7,38.8,202000.0,186850.0,238000.0,7.373,240,210,30,2024-03-01,Current,78.51
LN101526,WA,SFR,Owner,Cash-Out Refi,Full,776,89.6,89.6,29.6,499000.0,455337.5,557000.0,7.286,240,205,35,2023-10-01,Current,81.75
LN101527,IL,2-4 Family,Owner,Cash-Out Refi,Full,734,80.0,80.0,37.8,364000.0,356720.0,455000.0,6.91,360,352,8,2026-01-01,Current,78.4
LN101528,CA,SFR,Owner,Purchase,Full,745,73.8,78.8,35.8,872000.0,821860.0,1182000.0,7.382,360,337,23,2024-10-01,Current,69.53
LN101529,NY,SFR,Owner,Purchase,Full,769,61.6,61.6,44.5,319000.0,315810.0,518000.0,6.195,360,356,4,2026-05-01,Current,60.97
LN101530,TX,PUD,Owner,Purchase,Full,764,62.6,62.6,29.4,409000.0,378325.0,653000.0,6.865,180,150,30,2024-03-01,Current,57.94
LN101531,TX,SFR,Owner,Rate/Term Refi,Full,683,68.4,68.4,42.7,446000.0,427045.0,652000.0,7.41,180,163,17,2025-04-01,Current,65.5
LN101532,CA,SFR,Second Home,Cash-Out Refi,Bank Statement,777,77.2,87.2,39.3,166000.0,151890.0,215000.0,6.548,360,326,34,2023-11-01,Current,70.65
LN101533,NJ,Condo,Investor,Cash-Out Refi,Full,830,76.6,76.6,28.3,506000.0,475640.0,661000.0,6.324,180,156,24,2024-09-01,30,71.96
LN101534,CA,SFR,Owner,Purchase,Full,676,74.1,79.1,44.0,253000.0,239085.0,341000.0,7.078,240,218,22,2024-11-01,Current,70.11
LN101535,MA,SFR,Owner,Purchase,Full,787,72.2,72.2,42.9,767000.0,745907.5,1062000.0,6.66,180,169,11,2025-10-01,Current,70.24
LN101536,CA,PUD,Owner,Cash-Out Refi,Full,762,81.6,81.6,25.9,864000.0,801360.0,1059000.0,7.219,360,331,29,2024-04-01,Current,75.67
LN101537,VA,SFR,Owner,Purchase,Full,744,76.5,76.5,51.1,399000.0,370072.5,522000.0,7.197,360,331,29,2024-04-01,Current,70.9
LN101538,OH,PUD,Owner,Rate/Term Refi,Full,801,77.6,82.6,27.3,193000.0,177560.0,249000.0,6.723,180,148,32,2024-01-01,Current,71.31
LN101539,NY,PUD,Owner,Purchase,Full,702,77.7,77.7,29.0,435000.0,400200.0,560000.0,7.491,180,148,32,2024-01-01,Current,71.46
LN101540,VA,Condo,Owner,Purchase,Full,754,67.4,67.4,33.5,434000.0,414470.0,644000.0,6.358,360,342,18,2025-03-01,Current,64.36
LN101541,TX,SFR,Owner,Purchase,Full,805,61.6,66.6,41.9,558000.0,548235.0,906000.0,6.936,360,353,7,2026-02-01,Current,60.51
LN101542,CA,SFR,Second Home,Cash-Out Refi,Full,740,79.9,79.9,40.4,349000.0,335040.0,437000.0,6.996,180,164,16,2025-05-01,Current,76.67
LN101543,NC,PUD,Owner,Purchase,Full,732,79.0,84.0,35.3,231000.0,223492.5,292000.0,6.722,360,347,13,2025-08-01,Current,76.54
LN101544,WA,SFR,Owner,Purchase,Full,752,71.4,81.4,46.4,375000.0,351562.5,525000.0,6.757,240,215,25,2024-08-01,Current,66.96
LN101545,VA,Condo,Investor,Purchase,Full,731,69.0,69.0,39.1,261000.0,241425.0,378000.0,6.793,240,210,30,2024-03-01,Current,63.87
LN101546,WA,Condo,Owner,Purchase,Full,808,97.0,100.0,46.7,907000.0,897930.0,935000.0,6.795,180,176,4,2026-05-01,Current,96.04
LN101547,PA,Condo,Owner,Purchase,Full,713,64.9,69.9,55.0,289000.0,275995.0,445000.0,7.098,240,222,18,2025-03-01,Current,62.02
LN101548,FL,SFR,Owner,Purchase,Full,782,71.4,81.4,37.5,296000.0,293040.0,415000.0,6.093,360,356,4,2026-05-01,Current,70.61
LN101549,FL,PUD,Owner,Purchase,Full,699,77.2,77.2,16.3,392000.0,366520.0,508000.0,7.54,360,334,26,2024-07-01,Current,72.15
LN101550,GA,PUD,Owner,Rate/Term Refi,Full,774,60.1,70.1,32.5,226000.0,216960.0,376000.0,7.035,360,344,16,2025-05-01,Current,57.7
LN101551,PA,PUD,Second Home,Purchase,Bank Statement,744,75.4,75.4,27.8,326000.0,317035.0,432000.0,6.683,360,349,11,2025-10-01,Current,73.39
LN101552,TX,SFR,Second Home,Cash-Out Refi,Full,647,95.6,100.0,36.7,376000.0,353440.0,393000.0,8.089,180,156,24,2024-09-01,Current,89.93
LN101553,TX,SFR,Investor,Cash-Out Refi,Full,748,85.2,85.2,36.7,319000.0,295872.5,374000.0,7.325,360,331,29,2024-04-01,Current,79.11
LN101554,NJ,SFR,Owner,Cash-Out Refi,Bank Statement,706,81.6,81.6,26.6,356000.0,330190.0,436000.0,7.481,360,331,29,2024-04-01,Current,75.73
LN101555,TX,SFR,Owner,Rate/Term Refi,Full,731,81.1,86.1,27.2,710000.0,656750.0,875000.0,7.479,240,210,30,2024-03-01,Current,75.06
LN101556,CA,PUD,Investor,Rate/Term Refi,Full,808,75.3,75.3,34.0,489000.0,452325.0,649000.0,6.209,360,330,30,2024-03-01,Current,69.7
LN101557,WA,SFR,Investor,Purchase,DSCR,704,85.5,95.5,34.5,216000.0,201420.0,253000.0,7.46,360,333,27,2024-06-01,Current,79.61
LN101558,TX,SFR,Owner,Purchase,Full,707,72.1,72.1,16.0,328000.0,318980.0,455000.0,6.877,360,349,11,2025-10-01,Current,70.11
LN101559,CA,PUD,Owner,Rate/Term Refi,Full,804,68.9,78.9,43.5,565000.0,521212.5,820000.0,7.102,180,149,31,2024-02-01,Current,63.56
LN101560,AZ,SFR,Owner,Rate/Term Refi,Bank Statement,753,75.2,75.2,36.2,296000.0,284160.0,394000.0,6.642,360,344,16,2025-05-01,Current,72.12
LN101561,FL,Condo,Investor,Purchase,Full,808,84.9,84.9,35.9,416000.0,401440.0,490000.0,6.346,360,346,14,2025-07-01,Current,81.93
LN101562,CA,SFR,Owner,Rate/Term Refi,DSCR,761,78.0,78.0,38.3,395000.0,387100.0,506000.0,7.142,360,352,8,2026-01-01,Current,76.5
LN101563,TX,2-4 Family,Owner,Cash-Out Refi,DSCR,714,82.1,87.1,28.1,511000.0,488005.0,622000.0,7.34,360,342,18,2025-03-01,Current,78.46
LN101564,FL,PUD,Owner,Purchase,Full,745,49.7,54.7,35.6,369000.0,353317.5,742000.0,6.683,180,163,17,2025-04-01,Current,47.62
LN101565,CA,SFR,Owner,Purchase,Bank Statement,796,88.3,88.3,44.0,375000.0,347812.5,425000.0,6.79,360,331,29,2024-04-01,Current,81.84
LN101566,CO,SFR,Owner,Purchase,Full,785,97.0,97.0,44.3,269000.0,258240.0,277000.0,7.061,360,344,16,2025-05-01,Current,93.23
LN101567,CA,Condo,Second Home,Purchase,Full,748,90.0,95.0,39.6,473000.0,442255.0,526000.0,7.49,180,154,26,2024-07-01,Current,84.08
LN101568,FL,2-4 Family,Owner,Cash-Out Refi,Full,750,70.2,70.2,33.8,261000.0,243382.5,372000.0,6.674,240,213,27,2024-06-01,Current,65.43
LN101569,TX,SFR,Owner,Cash-Out Refi,Full,744,63.8,73.8,29.7,891000.0,848677.5,1397000.0,6.683,240,221,19,2025-02-01,Current,60.75
LN101570,MA,PUD,Owner,Purchase,Full,725,77.3,77.3,46.2,397000.0,370202.5,514000.0,6.928,360,333,27,2024-06-01,Current,72.02
LN101571,CA,SFR,Owner,Purchase,Full,823,62.2,67.2,40.1,361000.0,360097.5,580000.0,6.314,180,179,1,2026-08-01,Current,62.09
LN101572,CA,PUD,Owner,Rate/Term Refi,Full,748,82.7,82.7,32.7,576000.0,560160.0,696000.0,6.991,360,349,11,2025-10-01,Current,80.48
LN101573,TX,PUD,Investor,Purchase,Full,704,67.7,67.7,19.2,385000.0,378262.5,569000.0,6.781,180,173,7,2026-02-01,Current,66.48
LN101574,OH,SFR,Owner,Cash-Out Refi,DSCR,729,85.5,85.5,29.3,417000.0,413872.5,488000.0,7.205,180,177,3,2026-06-01,Current,84.81
LN101575,NY,SFR,Owner,Cash-Out Refi,Bank Statement,776,90.3,90.3,21.0,391000.0,375360.0,433000.0,6.581,180,164,16,2025-05-01,Current,86.69
LN101576,VA,SFR,Owner,Purchase,Full,773,49.6,49.6,45.7,286000.0,260975.0,577000.0,6.429,360,325,35,2023-10-01,Current,45.23
LN101577,CA,Condo,Owner,Cash-Out Refi,Full,743,77.5,77.5,37.5,262000.0,244315.0,338000.0,6.904,360,333,27,2024-06-01,Current,72.28
LN101578,GA,SFR,Owner,Purchase,Full,722,65.6,65.6,30.2,290000.0,277675.0,442000.0,6.912,360,343,17,2025-04-01,Current,62.82
LN101579,NC,Condo,Second Home,Purchase,Full,749,57.1,62.1,33.8,675000.0,621000.0,1182000.0,7.095,360,328,32,2024-01-01,Current,52.54
LN101580,PA,Condo,Owner,Rate/Term Refi,Bank Statement,683,66.6,66.6,55.0,300000.0,294750.0,450000.0,7.625,360,353,7,2026-02-01,Current,65.5
LN101581,CA,PUD,Owner,Rate/Term Refi,Bank Statement,697,71.4,76.4,45.5,332000.0,302950.0,465000.0,7.449,180,145,35,2023-10-01,Current,65.15
LN101582,CA,SFR,Owner,Purchase,Bank Statement,779,86.4,86.4,25.5,325000.0,313625.0,376000.0,7.233,360,346,14,2025-07-01,Current,83.41
LN101583,PA,2-4 Family,Owner,Cash-Out Refi,Full,729,55.7,60.7,35.0,552000.0,534060.0,991000.0,6.76,360,347,13,2025-08-01,Current,53.89
LN101584,OH,SFR,Owner,Purchase,Full,763,86.6,86.6,26.4,998000.0,995505.0,1152000.0,7.288,360,359,1,2026-08-01,Current,86.42
LN101585,IL,2-4 Family,Owner,Rate/Term Refi,Bank Statement,796,97.0,97.0,22.5,261000.0,238815.0,269000.0,6.829,360,326,34,2023-11-01,Current,88.78
LN101586,MA,SFR,Owner,Purchase,Full,773,81.2,81.2,37.4,515000.0,490537.5,634000.0,6.879,360,341,19,2025-02-01,60,77.37
LN101587,NJ,PUD,Owner,Cash-Out Refi,Full,749,80.6,80.6,54.9,423000.0,409252.5,525000.0,7.028,360,347,13,2025-08-01,Current,77.95
LN101588,WA,Condo,Owner,Cash-Out Refi,Full,830,73.8,73.8,48.2,348000.0,331470.0,472000.0,6.073,360,341,19,2025-02-01,Current,70.23
LN101589,NY,Condo,Investor,Purchase,Full,774,59.9,59.9,36.3,505000.0,497425.0,843000.0,6.451,360,354,6,2026-03-01,Current,59.01
LN101590,CA,PUD,Owner,Purchase,Full,734,80.4,80.4,33.1,223000.0,205160.0,277000.0,7.009,360,328,32,2024-01-01,Current,74.06
LN101591,CO,2-4 Family,Owner,Purchase,Full,777,78.6,88.6,37.6,588000.0,539490.0,748000.0,6.864,360,327,33,2023-12-01,Current,72.12
LN101592,NC,SFR,Second Home,Cash-Out Refi,Bank Statement,764,82.8,82.8,44.1,443000.0,408667.5,535000.0,6.861,360,329,31,2024-02-01,Current,76.39
LN101593,WA,SFR,Owner,Purchase,Full,715,97.0,100.0,24.6,253000.0,251102.5,261000.0,7.116,360,357,3,2026-06-01,Current,96.21
LN101594,NC,SFR,Owner,Cash-Out Refi,Bank Statement,751,82.7,82.7,21.3,834000.0,788130.0,1008000.0,6.68,240,218,22,2024-11-01,Current,78.19
LN101595,NY,PUD,Owner,Purchase,Full,742,79.1,79.1,50.8,592000.0,566840.0,748000.0,6.99,360,343,17,2025-04-01,Current,75.78
LN101596,TX,SFR,Owner,Purchase,Full,671,92.7,100.0,38.2,684000.0,663480.0,738000.0,7.254,240,228,12,2025-09-01,Current,89.9
LN101597,OH,PUD,Owner,Cash-Out Refi,Bank Statement,741,57.9,57.9,48.6,205000.0,191162.5,354000.0,6.487,360,333,27,2024-06-01,Current,54.0
LN101598,CA,SFR,Owner,Purchase,Full,737,60.3,70.3,37.9,353000.0,324760.0,585000.0,6.803,360,328,32,2024-01-01,Current,55.51
LN101599,TX,SFR,Investor,Purchase,Full,731,69.5,74.5,47.6,315000.0,297675.0,453000.0,7.002,360,338,22,2024-11-01,Current,65.71
LN101600,CA,SFR,Investor,Purchase,Full,684,66.1,66.1,31.2,534000.0,505965.0,808000.0,6.998,240,219,21,2024-12-01,Current,62.62
LN101601,WA,Condo,Owner,Rate/Term Refi,Full,734,82.3,82.3,39.9,747000.0,690975.0,908000.0,6.622,240,210,30,2024-03-01,Current,76.1
LN101602,NY,SFR,Owner,Purchase,Full,746,70.2,70.2,48.2,166000.0,155625.0,236000.0,6.946,240,215,25,2024-08-01,Current,65.94
LN101603,WA,SFR,Owner,Purchase,DSCR,752,94.9,94.9,44.0,404000.0,384810.0,426000.0,7.289,360,341,19,2025-02-01,Current,90.33
LN101604,NY,SFR,Owner,Purchase,Full,704,92.2,92.2,32.4,378000.0,359100.0,410000.0,7.244,240,220,20,2025-01-01,Current,87.59
LN101605,AZ,PUD,Owner,Purchase,Full,773,83.2,83.2,43.0,634000.0,608640.0,762000.0,6.748,360,344,16,2025-05-01,Current,79.87
LN101606,CA,SFR,Owner,Purchase,Full,701,69.4,69.4,30.8,393000.0,364507.5,566000.0,6.556,360,331,29,2024-04-01,Current,64.4
LN101607,FL,PUD,Owner,Rate/Term Refi,Full,739,81.4,86.4,24.8,223000.0,216310.0,274000.0,7.254,360,348,12,2025-09-01,Current,78.95
LN101608,IL,SFR,Owner,Rate/Term Refi,Full,799,83.7,83.7,40.1,366000.0,340380.0,437000.0,6.417,180,152,28,2024-05-01,Current,77.89
LN101609,WA,Condo,Owner,Purchase,Full,721,61.2,61.2,47.0,248000.0,234360.0,405000.0,7.114,180,158,22,2024-11-01,Current,57.87
LN101610,NY,SFR,Owner,Purchase,DSCR,728,78.2,78.2,42.7,280000.0,260400.0,358000.0,6.915,360,332,28,2024-05-01,Current,72.74
LN101611,CA,PUD,Owner,Rate/Term Refi,Full,790,82.5,82.5,26.1,408000.0,387600.0,495000.0,6.698,360,340,20,2025-01-01,Current,78.3
LN101612,CO,SFR,Second Home,Cash-Out Refi,Full,733,76.6,76.6,42.9,321000.0,296122.5,419000.0,6.969,240,209,31,2024-02-01,Current,70.67
LN101613,IL,SFR,Owner,Purchase,Full,736,92.9,97.9,41.4,455000.0,434525.0,490000.0,6.712,240,222,18,2025-03-01,Current,88.68
LN101614,OH,SFR,Owner,Cash-Out Refi,DSCR,757,88.6,93.6,32.4,199000.0,185070.0,225000.0,7.679,360,332,28,2024-05-01,Current,82.25
LN101615,FL,PUD,Owner,Rate/Term Refi,Full,789,64.1,64.1,16.3,1165000.0,1095100.0,1817000.0,6.164,360,336,24,2024-09-01,Current,60.27
LN101616,CO,SFR,Investor,Purchase,Bank Statement,662,75.5,75.5,44.0,715000.0,668525.0,947000.0,7.459,360,334,26,2024-07-01,Current,70.59
LN101617,CA,PUD,Owner,Cash-Out Refi,Full,716,64.0,69.0,43.0,557000.0,531935.0,870000.0,6.789,360,342,18,2025-03-01,Current,61.14
LN101618,CO,SFR,Owner,Purchase,Full,709,81.0,91.0,39.9,221000.0,214922.5,273000.0,7.145,180,169,11,2025-10-01,Current,78.73
LN101619,CA,SFR,Owner,Cash-Out Refi,Full,706,63.6,63.6,22.3,148000.0,139120.0,233000.0,7.392,180,156,24,2024-09-01,Current,59.71
LN101620,AZ,SFR,Owner,Cash-Out Refi,Bank Statement,715,85.1,85.1,24.2,269000.0,264965.0,316000.0,6.743,180,174,6,2026-03-01,Current,83.85
LN101621,AZ,PUD,Owner,Purchase,Full,715,78.7,78.7,44.0,360000.0,344700.0,457000.0,7.109,240,223,17,2025-04-01,Current,75.43
LN101622,NC,Condo,Owner,Purchase,Full,760,85.7,95.7,42.4,1118000.0,1031355.0,1305000.0,7.068,360,329,31,2024-02-01,Current,79.03
LN101623,IL,SFR,Investor,Cash-Out Refi,Full,713,72.3,72.3,39.9,730000.0,680725.0,1010000.0,7.123,240,213,27,2024-06-01,Current,67.4
LN101624,NY,SFR,Owner,Purchase,Full,753,56.5,56.5,34.0,314000.0,291235.0,556000.0,6.794,240,211,29,2024-04-01,Current,52.38
LN101625,CA,SFR,Owner,Purchase,DSCR,764,95.2,95.2,39.1,698000.0,685785.0,733000.0,6.829,360,353,7,2026-02-01,Current,93.56
LN101626,TX,PUD,Second Home,Rate/Term Refi,Full,720,71.9,71.9,31.7,703000.0,681910.0,978000.0,6.637,180,168,12,2025-09-01,Current,69.72
LN101627,GA,PUD,Owner,Cash-Out Refi,Full,753,90.5,100.0,33.5,403000.0,390910.0,445000.0,6.707,180,168,12,2025-09-01,Current,87.84
LN101628,OH,SFR,Owner,Rate/Term Refi,Full,812,79.2,79.2,29.1,701000.0,681722.5,885000.0,6.466,180,169,11,2025-10-01,30,77.03
LN101629,FL,SFR,Owner,Rate/Term Refi,DSCR,761,82.1,87.1,38.0,466000.0,454350.0,568000.0,7.089,360,350,10,2025-11-01,Current,79.99
LN101630,IL,SFR,Owner,Cash-Out Refi,Full,723,96.0,96.0,32.7,296000.0,292300.0,308000.0,7.29,360,355,5,2026-04-01,Current,94.9
LN101631,TX,SFR,Second Home,Rate/Term Refi,Full,745,78.1,78.1,43.6,233000.0,214942.5,298000.0,7.36,360,329,31,2024-02-01,Current,72.13
LN101632,TX,PUD,Owner,Purchase,Full,712,90.8,90.8,41.7,378000.0,369495.0,416000.0,7.309,360,351,9,2025-12-01,Current,88.82
LN101633,GA,PUD,Owner,Cash-Out Refi,Full,759,56.2,56.2,29.5,634000.0,602300.0,1128000.0,6.704,180,160,20,2025-01-01,Current,53.4
LN101634,NJ,SFR,Owner,Purchase,Full,782,84.5,84.5,50.6,215000.0,202100.0,254000.0,6.851,240,216,24,2024-09-01,Current,79.57
LN101635,AZ,PUD,Owner,Rate/Term Refi,Full,716,71.1,71.1,27.1,191000.0,175242.5,269000.0,6.63,360,327,33,2023-12-01,Current,65.15
LN101636,VA,SFR,Owner,Purchase,Full,740,72.4,77.4,39.6,516000.0,481170.0,713000.0,7.076,180,153,27,2024-06-01,Current,67.49
LN101637,CA,SFR,Owner,Rate/Term Refi,Full,791,74.1,84.1,44.6,115000.0,109250.0,155000.0,6.365,180,160,20,2025-01-01,Current,70.48
LN101638,MA,Condo,Owner,Cash-Out Refi,Bank Statement,729,78.2,78.2,46.2,926000.0,854235.0,1184000.0,6.961,360,329,31,2024-02-01,Current,72.15
LN101639,CA,SFR,Owner,Purchase,Bank Statement,755,93.9,100.0,18.4,327000.0,300022.5,348000.0,7.643,360,327,33,2023-12-01,Current,86.21
LN101640,CA,SFR,Owner,Cash-Out Refi,Full,708,51.8,51.8,44.0,561000.0,525937.5,1083000.0,6.609,360,335,25,2024-08-01,Current,48.56
LN101641,CA,2-4 Family,Owner,Cash-Out Refi,Full,716,74.5,74.5,45.7,942000.0,880770.0,1264000.0,7.127,180,154,26,2024-07-01,Current,69.68
LN101642,TX,2-4 Family,Investor,Rate/Term Refi,DSCR,728,65.4,75.4,47.5,205000.0,188087.5,313000.0,7.007,360,327,33,2023-12-01,Current,60.09
LN101643,IL,SFR,Owner,Purchase,Full,830,88.0,88.0,18.3,247000.0,227240.0,281000.0,6.58,360,328,32,2024-01-01,Current,80.87
LN101644,CA,SFR,Owner,Purchase,Full,732,68.9,78.9,30.6,1123000.0,1027545.0,1630000.0,6.946,360,326,34,2023-11-01,Current,63.04
LN101645,MA,SFR,Owner,Purchase,Full,728,79.5,79.5,35.2,351000.0,342225.0,442000.0,6.935,360,350,10,2025-11-01,Current,77.43
LN101646,NY,SFR,Owner,Purchase,Full,727,69.2,79.2,32.4,377000.0,364747.5,545000.0,7.476,360,347,13,2025-08-01,Current,66.93
LN101647,PA,SFR,Owner,Purchase,Full,742,82.0,82.0,46.7,444000.0,405150.0,541000.0,6.514,240,205,35,2023-10-01,Current,74.89
LN101648,NC,SFR,Owner,Purchase,Full,773,86.2,91.2,30.6,651000.0,631470.0,755000.0,6.615,360,348,12,2025-09-01,Current,83.64
LN101649,TX,SFR,Owner,Purchase,Bank Statement,755,69.2,69.2,45.8,737000.0,718575.0,1065000.0,7.181,180,170,10,2025-11-01,Current,67.47
LN101650,CA,2-4 Family,Owner,Purchase,Full,826,74.6,74.6,40.5,421000.0,396792.5,564000.0,6.575,180,157,23,2024-10-01,Current,70.35
LN101651,NJ,SFR,Owner,Rate/Term Refi,DSCR,756,57.0,57.0,24.4,343000.0,320705.0,602000.0,6.491,240,214,26,2024-07-01,Current,53.27
LN101652,WA,PUD,Owner,Purchase,Full,803,77.7,77.7,28.1,394000.0,382180.0,507000.0,6.382,240,228,12,2025-09-01,Current,75.38
LN101653,CA,SFR,Owner,Rate/Term Refi,Full,759,84.3,84.3,32.3,460000.0,434700.0,546000.0,6.875,240,218,22,2024-11-01,Current,79.62
LN101654,TX,SFR,Owner,Purchase,Full,771,67.3,67.3,36.8,731000.0,721862.5,1086000.0,7.355,360,355,5,2026-04-01,Current,66.47
LN101655,CA,2-4 Family,Owner,Cash-Out Refi,Full,693,87.4,92.4,43.9,426000.0,413220.0,487000.0,7.487,180,168,12,2025-09-01,Current,84.85
LN101656,WA,SFR,Investor,Purchase,Full,743,49.1,54.1,34.5,925000.0,857937.5,1884000.0,6.423,180,151,29,2024-04-01,Current,45.54
LN101657,MA,SFR,Owner,Purchase,Full,745,51.8,56.8,43.3,270000.0,267975.0,521000.0,6.756,240,237,3,2026-06-01,Current,51.43
LN101658,FL,PUD,Owner,Rate/Term Refi,Full,739,57.3,57.3,23.4,511000.0,490560.0,892000.0,6.63,180,164,16,2025-05-01,Current,55.0
LN101659,CA,Condo,Owner,Cash-Out Refi,Full,666,68.2,73.2,11.6,898000.0,895755.0,1317000.0,7.709,180,179,1,2026-08-01,Current,68.01
LN101660,OH,SFR,Investor,Rate/Term Refi,Full,781,74.2,84.2,33.3,724000.0,714950.0,976000.0,6.777,240,235,5,2026-04-01,Current,73.25
LN101661,NJ,SFR,Owner,Purchase,Bank Statement,733,73.1,78.1,39.7,466000.0,466000.0,637000.0,7.296,360,360,0,2026-09-01,Current,73.16
LN101662,CA,SFR,Owner,Purchase,Full,731,73.2,78.2,33.1,267000.0,256320.0,365000.0,7.034,240,224,16,2025-05-01,Current,70.22
LN101663,TX,PUD,Owner,Purchase,Full,738,82.7,82.7,27.9,288000.0,274320.0,348000.0,7.557,180,161,19,2025-02-01,Current,78.83
LN101664,FL,SFR,Second Home,Purchase,Full,739,68.3,68.3,39.4,372000.0,351540.0,545000.0,7.0,360,338,22,2024-11-01,Current,64.5
LN101665,PA,Condo,Owner,Purchase,Full,763,58.8,58.8,51.5,462000.0,438900.0,786000.0,6.728,180,160,20,2025-01-01,Current,55.84
LN101666,CA,2-4 Family,Owner,Purchase,Full,700,59.1,59.1,35.2,357000.0,332902.5,604000.0,6.784,360,333,27,2024-06-01,Current,55.12
LN101667,PA,PUD,Owner,Rate/Term Refi,Full,713,97.0,97.0,30.2,205000.0,203462.5,211000.0,7.235,240,237,3,2026-06-01,Current,96.43
LN101668,AZ,PUD,Owner,Rate/Term Refi,Full,759,45.8,55.8,29.2,285000.0,282150.0,622000.0,6.65,360,356,4,2026-05-01,Current,45.36
LN101669,FL,SFR,Owner,Purchase,Full,754,71.9,71.9,51.7,508000.0,506730.0,707000.0,6.719,360,359,1,2026-08-01,Current,71.67
LN101670,FL,SFR,Owner,Purchase,Bank Statement,734,91.5,91.5,35.7,588000.0,542430.0,643000.0,7.781,180,149,31,2024-02-01,30,84.36
LN101671,CO,Condo,Owner,Cash-Out Refi,Full,726,79.8,79.8,40.9,210000.0,210000.0,263000.0,7.087,360,360,0,2026-09-01,Current,79.85
LN101672,TX,SFR,Owner,Purchase,Full,716,64.0,64.0,45.8,339000.0,337305.0,530000.0,6.802,360,358,2,2026-07-01,Current,63.64
LN101673,TX,Condo,Owner,Purchase,Bank Statement,746,74.0,74.0,44.6,185000.0,175750.0,250000.0,7.159,360,340,20,2025-01-01,Current,70.3
LN101674,GA,SFR,Owner,Cash-Out Refi,Full,793,84.4,94.4,28.6,309000.0,308227.5,366000.0,6.602,360,359,1,2026-08-01,Current,84.22
LN101675,TX,SFR,Investor,Purchase,DSCR,708,88.5,88.5,43.6,2043000.0,1905097.5,2308000.0,7.387,180,153,27,2024-06-01,Current,82.54
LN101676,NJ,SFR,Investor,Cash-Out Refi,Full,806,63.2,63.2,42.8,412000.0,387280.0,652000.0,6.421,360,336,24,2024-09-01,Current,59.4
LN101677,FL,PUD,Owner,Rate/Term Refi,Full,780,83.1,83.1,39.9,341000.0,409200.0,410000.0,6.619,360,328,32,2024-01-01,Current,99.8
LN101678,CO,SFR,Owner,Purchase,Bank Statement,731,77.0,87.0,44.1,305000.0,286700.0,396000.0,7.379,180,156,24,2024-09-01,Current,72.4
LN101679,CA,2-4 Family,Owner,Purchase,Full,778,87.3,97.3,31.5,229000.0,219840.0,262000.0,6.876,360,344,16,2025-05-01,Current,83.91
LN101680,IL,SFR,Owner,Purchase,Full,692,90.7,90.7,35.4,170000.0,158100.0,187000.0,7.675,360,332,28,2024-05-01,Current,84.55
LN101681,NY,SFR,Owner,Cash-Out Refi,Bank Statement,682,69.9,79.9,31.8,393000.0,367455.0,562000.0,7.17,360,334,26,2024-07-01,Current,65.38
LN101682,GA,PUD,Owner,Cash-Out Refi,Full,699,56.6,56.6,42.1,353000.0,350352.5,624000.0,6.663,360,357,3,2026-06-01,Current,56.15
LN101683,WA,SFR,Owner,Purchase,Full,732,78.8,83.8,30.8,790000.0,774200.0,1003000.0,6.733,180,172,8,2026-01-01,Current,77.19
LN101684,AZ,SFR,Second Home,Purchase,Full,736,95.3,100.0,39.1,189000.0,179550.0,198000.0,7.055,360,340,20,2025-01-01,Current,90.68
LN101685,CA,2-4 Family,Owner,Purchase,Full,728,82.2,82.2,27.2,489000.0,487777.5,595000.0,7.056,240,239,1,2026-08-01,Current,81.98
LN101686,VA,SFR,Owner,Cash-Out Refi,Full,752,76.8,86.8,35.0,742000.0,691915.0,966000.0,6.918,240,213,27,2024-06-01,Current,71.63
LN101687,NJ,PUD,Owner,Purchase,Full,667,97.0,97.0,33.1,163000.0,154850.0,168000.0,7.744,180,160,20,2025-01-01,Current,92.17
LN101688,IL,SFR,Owner,Purchase,Full,767,61.5,61.5,35.1,542000.0,505415.0,881000.0,6.35,240,213,27,2024-06-01,Current,57.37
LN101689,AZ,PUD,Owner,Purchase,Bank Statement,694,84.8,94.8,37.1,191000.0,185747.5,225000.0,7.389,360,349,11,2025-10-01,Current,82.55
LN101690,TX,PUD,Owner,Cash-Out Refi,Full,723,67.2,67.2,34.5,509000.0,501365.0,757000.0,6.677,360,354,6,2026-03-01,Current,66.23
LN101691,TX,SFR,Second Home,Purchase,Full,732,74.6,74.6,34.2,789000.0,761385.0,1058000.0,6.831,180,166,14,2025-07-01,Current,71.96
LN101692,WA,SFR,Owner,Purchase,Full,704,75.1,75.1,19.4,400000.0,381000.0,533000.0,7.816,360,341,19,2025-02-01,Current,71.48
LN101693,NY,SFR,Owner,Cash-Out Refi,Full,696,92.2,97.2,44.8,457000.0,452430.0,496000.0,7.712,360,356,4,2026-05-01,Current,91.22
LN101694,CA,Condo,Owner,Rate/Term Refi,Full,710,62.8,67.8,31.0,291000.0,278632.5,463000.0,6.925,360,343,17,2025-04-01,Current,60.18
LN101695,VA,SFR,Owner,Cash-Out Refi,Bank Statement,748,67.6,72.6,34.0,457000.0,429580.0,676000.0,7.284,360,336,24,2024-09-01,Current,63.55
LN101696,NC,SFR,Owner,Purchase,Bank Statement,770,54.9,59.9,29.4,674000.0,636930.0,1228000.0,6.932,360,338,22,2024-11-01,Current,51.87
LN101697,CA,SFR,Investor,Purchase,Full,769,79.8,89.8,44.0,368000.0,339480.0,461000.0,7.054,360,329,31,2024-02-01,Current,73.64
LN101698,OH,SFR,Owner,Purchase,DSCR,710,68.5,78.5,28.8,375000.0,369375.0,547000.0,7.44,360,354,6,2026-03-01,Current,67.53
LN101699,WA,SFR,Owner,Rate/Term Refi,Full,718,79.1,84.1,40.0,479000.0,447865.0,606000.0,7.069,180,154,26,2024-07-01,Current,73.91
LN101700,NY,SFR,Owner,Purchase,Bank Statement,713,61.1,61.1,45.4,585000.0,541125.0,957000.0,6.95,360,330,30,2024-03-01,Current,56.54
LN101701,VA,SFR,Owner,Rate/Term Refi,DSCR,765,69.7,69.7,49.2,189000.0,187110.0,271000.0,6.54,360,356,4,2026-05-01,Current,69.04
LN101702,CA,SFR,Owner,Cash-Out Refi,DSCR,671,86.5,91.5,45.5,412000.0,403760.0,476000.0,7.633,360,352,8,2026-01-01,Current,84.82
LN101703,CA,SFR,Owner,Purchase,Full,795,71.9,71.9,41.0,292000.0,285430.0,406000.0,6.284,240,231,9,2025-12-01,Current,70.3
LN101704,PA,Condo,Owner,Cash-Out Refi,Full,730,81.5,86.5,26.4,503000.0,470305.0,617000.0,6.957,180,154,26,2024-07-01,Current,76.22
LN101705,CA,Condo,Owner,Purchase,Bank Statement,718,80.3,90.3,46.3,645000.0,633712.5,803000.0,7.258,360,353,7,2026-02-01,Current,78.92
LN101706,NY,SFR,Investor,Rate/Term Refi,Full,761,69.8,79.8,45.5,462000.0,436590.0,662000.0,6.654,360,338,22,2024-11-01,Current,65.95
LN101707,PA,Condo,Owner,Rate/Term Refi,Full,787,55.3,55.3,42.7,726000.0,662475.0,1313000.0,6.566,180,145,35,2023-10-01,Current,50.46
LN101708,TX,SFR,Owner,Cash-Out Refi,Full,761,85.8,85.8,42.4,254000.0,236220.0,296000.0,7.396,240,212,28,2024-05-01,Current,79.8
LN101709,MA,SFR,Owner,Cash-Out Refi,Full,788,76.0,76.0,36.6,332000.0,320380.0,437000.0,6.434,360,346,14,2025-07-01,30,73.31
LN101710,CA,SFR,Owner,Purchase,Full,753,85.8,85.8,31.9,254000.0,250190.0,296000.0,7.339,360,354,6,2026-03-01,Current,84.52
LN101711,VA,Condo,Owner,Purchase,Full,795,49.8,49.8,44.7,411000.0,405862.5,825000.0,6.205,360,355,5,2026-04-01,Current,49.2
LN101712,CA,SFR,Owner,Purchase,Full,795,54.1,64.1,46.2,418000.0,381425.0,773000.0,6.185,180,145,35,2023-10-01,Current,49.34
LN101713,IL,PUD,Owner,Purchase,Full,744,48.3,48.3,27.7,366000.0,339465.0,758000.0,6.723,360,331,29,2024-04-01,Current,44.78
LN101714,OH,SFR,Owner,Purchase,Bank Statement,803,63.5,63.5,43.3,229000.0,214115.0,361000.0,6.722,240,214,26,2024-07-01,Current,59.31
LN101715,GA,PUD,Owner,Cash-Out Refi,Full,754,86.5,86.5,38.0,387000.0,380227.5,447000.0,6.811,360,353,7,2026-02-01,Current,85.06
LN101716,CO,SFR,Owner,Rate/Term Refi,Full,751,80.8,80.8,43.1,327000.0,300840.0,405000.0,6.768,360,328,32,2024-01-01,Current,74.28
LN101717,NY,PUD,Owner,Purchase,Full,713,73.6,78.6,38.3,529000.0,526355.0,719000.0,6.996,360,358,2,2026-07-01,Current,73.21
LN101718,GA,SFR,Owner,Purchase,Full,737,75.6,75.6,44.9,354000.0,341610.0,468000.0,6.802,360,346,14,2025-07-01,Current,72.99
LN101719,NC,SFR,Owner,Purchase,Full,778,83.1,83.1,44.3,684000.0,661770.0,823000.0,6.858,180,167,13,2025-08-01,Current,80.41
LN101720,CA,SFR,Owner,Cash-Out Refi,Full,698,70.4,80.4,43.2,445000.0,424975.0,632000.0,6.986,360,342,18,2025-03-01,Current,67.24
LN101721,NC,SFR,Owner,Cash-Out Refi,Full,773,78.8,83.8,25.1,170000.0,169575.0,216000.0,6.734,240,239,1,2026-08-01,Current,78.51
LN101722,NJ,SFR,Owner,Purchase,Full,761,75.7,75.7,42.7,370000.0,351500.0,489000.0,6.928,360,340,20,2025-01-01,Current,71.88
LN101723,CO,SFR,Owner,Cash-Out Refi,Full,759,47.8,47.8,36.5,207000.0,198720.0,433000.0,6.468,360,344,16,2025-05-01,Current,45.89
LN101724,TX,SFR,Owner,Purchase,Full,664,69.4,74.4,27.1,625000.0,595312.5,901000.0,7.647,360,341,19,2025-02-01,Current,66.07
LN101725,FL,PUD,Owner,Rate/Term Refi,Full,744,90.3,90.3,41.7,775000.0,745937.5,858000.0,6.918,360,345,15,2025-06-01,Current,86.94
LN101726,CA,2-4 Family,Owner,Purchase,Full,773,69.2,69.2,25.2,396000.0,361350.0,572000.0,6.509,360,325,35,2023-10-01,Current,63.17
LN101727,FL,SFR,Second Home,Cash-Out Refi,Bank Statement,719,72.3,77.3,43.2,491000.0,477497.5,679000.0,7.567,240,229,11,2025-10-01,90+,70.32
LN101728,FL,SFR,Owner,Purchase,Full,751,66.7,76.7,49.6,206000.0,187975.0,309000.0,7.185,360,325,35,2023-10-01,Current,60.83
LN101729,GA,SFR,Owner,Purchase,Full,658,68.2,68.2,32.1,142000.0,134900.0,208000.0,7.4,180,160,20,2025-01-01,Current,64.86
LN101730,NC,SFR,Owner,Rate/Term Refi,Full,774,87.5,92.5,43.5,310000.0,285200.0,354000.0,7.087,360,328,32,2024-01-01,90+,80.56
LN101731,CA,SFR,Owner,Purchase,Full,723,70.8,70.8,39.7,356000.0,331080.0,503000.0,7.103,240,212,28,2024-05-01,Current,65.82
LN101732,GA,PUD,Owner,Rate/Term Refi,Full,781,61.7,66.7,41.3,200000.0,199000.0,324000.0,6.451,360,358,2,2026-07-01,Current,61.42
LN101733,CO,SFR,Owner,Rate/Term Refi,Full,678,36.7,36.7,25.4,418000.0,405460.0,1139000.0,7.116,360,348,12,2025-09-01,Current,35.6
LN101734,FL,SFR,Owner,Cash-Out Refi,Full,774,67.1,67.1,41.0,463000.0,456055.0,690000.0,6.751,360,354,6,2026-03-01,90+,66.09
LN101735,WA,PUD,Owner,Cash-Out Refi,Full,739,50.4,55.4,37.2,539000.0,526872.5,1069000.0,7.038,180,171,9,2025-12-01,Current,49.29
LN101736,CA,Condo,Owner,Purchase,Full,779,52.1,62.1,42.0,818000.0,785280.0,1570000.0,6.034,360,344,16,2025-05-01,Current,50.02
LN101737,CA,SFR,Owner,Purchase,Full,713,83.5,88.5,36.2,582000.0,549990.0,697000.0,7.407,180,158,22,2024-11-01,Current,78.91
LN101738,TX,SFR,Owner,Purchase,Full,724,82.5,82.5,44.9,338000.0,309270.0,410000.0,7.171,240,206,34,2023-11-01,Current,75.43
LN101739,GA,Condo,Second Home,Purchase,Full,830,51.0,51.0,38.4,420000.0,404250.0,824000.0,6.006,180,165,15,2025-06-01,Current,49.06
LN101740,CA,2-4 Family,Owner,Cash-Out Refi,DSCR,716,84.2,84.2,41.6,528000.0,492360.0,627000.0,7.087,360,333,27,2024-06-01,Current,78.53
LN101741,TX,PUD,Owner,Cash-Out Refi,Full,721,79.5,84.5,47.1,248000.0,242420.0,312000.0,7.016,360,351,9,2025-12-01,Current,77.7
LN101742,IL,Condo,Investor,Cash-Out Refi,Full,737,64.6,64.6,37.6,738000.0,702945.0,1142000.0,6.541,360,341,19,2025-02-01,Current,61.55
LN101743,FL,SFR,Owner,Purchase,Full,709,82.8,82.8,44.1,607000.0,555405.0,733000.0,7.079,360,326,34,2023-11-01,Current,75.77
LN101744,CA,SFR,Owner,Purchase,Full,793,54.5,54.5,38.0,361000.0,359195.0,662000.0,6.631,240,238,2,2026-07-01,Current,54.26
LN101745,IL,SFR,Owner,Cash-Out Refi,Bank Statement,814,59.5,59.5,40.3,299000.0,293767.5,503000.0,5.98,360,353,7,2026-02-01,Current,58.4
LN101746,PA,SFR,Owner,Purchase,Full,721,56.7,66.7,32.0,2311000.0,2137675.0,4076000.0,6.795,240,210,30,2024-03-01,Current,52.45
LN101747,IL,PUD,Second Home,Rate/Term Refi,Full,682,60.7,70.7,42.4,590000.0,569350.0,972000.0,6.572,360,346,14,2025-07-01,Current,58.58
LN101748,VA,SFR,Owner,Cash-Out Refi,DSCR,793,84.5,84.5,45.9,618000.0,584010.0,731000.0,6.591,360,338,22,2024-11-01,Current,79.89
LN101749,NJ,Condo,Owner,Purchase,Full,790,58.0,58.0,35.6,918000.0,895050.0,1583000.0,6.586,360,350,10,2025-11-01,Current,56.54
LN101750,CA,PUD,Owner,Rate/Term Refi,Full,779,60.2,70.2,42.5,630000.0,612675.0,1047000.0,6.563,180,169,11,2025-10-01,Current,58.52
LN101751,NY,SFR,Owner,Purchase,Bank Statement,792,62.6,67.6,39.6,442000.0,409955.0,706000.0,6.533,360,331,29,2024-04-01,Current,58.07
LN101752,NY,Condo,Second Home,Purchase,Full,715,76.3,81.3,27.5,554000.0,547075.0,726000.0,6.841,360,355,5,2026-04-01,Current,75.35
LN101753,NJ,PUD,Investor,Cash-Out Refi,Full,742,69.9,69.9,39.0,263000.0,247877.5,376000.0,7.037,240,217,23,2024-10-01,Current,65.92
LN101754,CO,Condo,Owner,Purchase,Full,695,84.3,84.3,46.7,558000.0,548235.0,662000.0,7.095,360,353,7,2026-02-01,Current,82.81
LN101755,AZ,SFR,Owner,Cash-Out Refi,Full,694,65.5,65.5,32.4,197000.0,181240.0,301000.0,7.366,360,328,32,2024-01-01,30,60.21
LN101756,MA,SFR,Owner,Rate/Term Refi,Full,785,58.5,68.5,22.2,488000.0,485560.0,834000.0,6.576,360,358,2,2026-07-01,Current,58.22
LN101757,CA,PUD,Owner,Purchase,Full,722,68.0,73.0,37.9,519000.0,507322.5,763000.0,6.9,360,351,9,2025-12-01,Current,66.49
LN101758,CA,Condo,Owner,Purchase,Full,830,74.4,74.4,31.2,196000.0,191590.0,263000.0,6.783,360,351,9,2025-12-01,Current,72.85
LN101759,NY,SFR,Owner,Purchase,Full,751,62.8,62.8,51.2,971000.0,900602.5,1546000.0,6.671,240,211,29,2024-04-01,Current,58.25
LN101760,AZ,PUD,Owner,Rate/Term Refi,Full,724,77.3,87.3,35.9,236000.0,221840.0,305000.0,7.333,360,336,24,2024-09-01,Current,72.73
LN101761,CO,SFR,Owner,Cash-Out Refi,Full,778,95.7,95.7,36.2,650000.0,611000.0,679000.0,6.963,360,336,24,2024-09-01,30,89.99
LN101762,VA,SFR,Owner,Purchase,Full,816,66.9,66.9,31.3,315000.0,303187.5,471000.0,6.421,180,165,15,2025-06-01,Current,64.37
LN101763,CA,SFR,Owner,Purchase,Bank Statement,766,74.4,74.4,38.2,464000.0,459360.0,624000.0,7.046,360,356,4,2026-05-01,Current,73.62
LN101764,CA,SFR,Owner,Cash-Out Refi,Full,702,90.1,90.1,31.8,297000.0,291802.5,330000.0,7.447,240,233,7,2026-02-01,Current,88.42
LN101765,FL,Condo,Owner,Purchase,Full,762,66.1,66.1,29.2,1267000.0,1238492.5,1917000.0,6.735,360,351,9,2025-12-01,Current,64.61
LN101766,CO,Condo,Owner,Purchase,Full,800,63.7,63.7,35.8,647000.0,593622.5,1016000.0,6.455,180,147,33,2023-12-01,Current,58.43
LN101767,TX,SFR,Investor,Rate/Term Refi,Full,729,60.7,65.7,29.9,926000.0,856550.0,1526000.0,6.934,180,150,30,2024-03-01,Current,56.13
LN101768,NC,SFR,Investor,Purchase,DSCR,719,78.6,78.6,46.7,577000.0,540937.5,734000.0,7.142,360,335,25,2024-08-01,Current,73.7
LN101769,IL,SFR,Investor,Cash-Out Refi,Full,787,80.0,85.0,27.1,555000.0,534187.5,694000.0,6.645,240,225,15,2025-06-01,Current,76.97
LN101770,TX,SFR,Owner,Rate/Term Refi,Full,753,72.0,72.0,35.7,432000.0,417960.0,600000.0,6.591,240,227,13,2025-08-01,Current,69.66
LN101771,WA,SFR,Second Home,Purchase,Bank Statement,706,74.3,74.3,30.9,361000.0,356487.5,486000.0,6.507,360,355,5,2026-04-01,Current,73.35
LN101772,NY,SFR,Owner,Rate/Term Refi,Full,734,89.1,94.1,25.4,533000.0,526337.5,598000.0,7.107,360,355,5,2026-04-01,Current,88.02
LN101773,NJ,SFR,Owner,Rate/Term Refi,Full,719,84.2,84.2,49.3,434000.0,429660.0,515000.0,7.115,360,356,4,2026-05-01,30,83.43
LN101774,GA,SFR,Owner,Purchase,Full,759,57.0,67.0,19.8,376000.0,352500.0,660000.0,6.968,360,335,25,2024-08-01,Current,53.41
LN101775,TX,PUD,Owner,Purchase,Full,752,73.6,73.6,47.7,214000.0,208650.0,291000.0,6.984,360,350,10,2025-11-01,Current,71.7
LN101776,CA,SFR,Owner,Purchase,Full,792,75.0,75.0,25.2,350000.0,344750.0,467000.0,6.931,360,354,6,2026-03-01,Current,73.82
LN101777,NJ,SFR,Owner,Purchase,Full,775,82.4,87.4,37.0,533000.0,502352.5,647000.0,7.256,360,337,23,2024-10-01,Current,77.64
LN101778,NJ,PUD,Owner,Rate/Term Refi,Full,689,71.0,71.0,54.1,325000.0,318500.0,458000.0,7.197,360,352,8,2026-01-01,Current,69.54
LN101779,VA,SFR,Owner,Purchase,Full,763,66.0,66.0,19.6,474000.0,469260.0,718000.0,6.52,360,356,4,2026-05-01,Current,65.36
LN101780,FL,SFR,Owner,Purchase,Full,782,68.2,73.2,25.5,378000.0,347760.0,554000.0,6.843,360,328,32,2024-01-01,Current,62.77
LN101781,CA,Condo,Owner,Rate/Term Refi,Full,765,52.4,52.4,46.6,251000.0,247862.5,479000.0,6.433,360,355,5,2026-04-01,Current,51.75
LN101782,IL,SFR,Owner,Purchase,Full,787,73.4,73.4,37.6,266000.0,266000.0,362000.0,6.597,180,180,0,2026-09-01,Current,73.48
LN101783,OH,SFR,Owner,Purchase,Full,727,66.5,66.5,32.0,287000.0,265475.0,432000.0,7.311,360,330,30,2024-03-01,Current,61.45
LN101784,WA,SFR,Owner,Rate/Term Refi,Full,712,79.3,79.3,36.0,354000.0,330105.0,446000.0,7.307,180,153,27,2024-06-01,Current,74.01
LN101785,CO,SFR,Owner,Purchase,Full,783,61.3,71.3,28.7,358000.0,349945.0,584000.0,6.838,360,351,9,2025-12-01,Current,59.92
LN101786,CA,SFR,Owner,Purchase,Full,708,68.4,73.4,37.2,677000.0,622840.0,990000.0,6.747,240,208,32,2024-01-01,Current,62.91
LN101787,FL,SFR,Owner,Purchase,DSCR,666,61.9,61.9,48.0,245000.0,230300.0,396000.0,7.28,360,336,24,2024-09-01,Current,58.16
LN101788,CA,Condo,Owner,Purchase,Full,787,60.8,60.8,33.3,158000.0,146150.0,260000.0,6.814,360,330,30,2024-03-01,Current,56.21
LN101789,CA,Condo,Owner,Purchase,Full,720,82.0,92.0,37.4,555000.0,514762.5,677000.0,6.828,360,331,29,2024-04-01,Current,76.04
LN101790,CA,Condo,Investor,Rate/Term Refi,Full,736,68.0,68.0,45.7,328000.0,310780.0,482000.0,6.962,360,339,21,2024-12-01,Current,64.48
LN101791,TX,SFR,Owner,Rate/Term Refi,Full,695,78.9,78.9,51.9,383000.0,358105.0,485000.0,7.369,360,334,26,2024-07-01,Current,73.84
LN101792,IL,SFR,Owner,Purchase,Bank Statement,698,60.2,60.2,31.7,1312000.0,1216880.0,2179000.0,6.486,360,331,29,2024-04-01,Current,55.85
LN101793,AZ,SFR,Owner,Cash-Out Refi,Bank Statement,0,74.7,74.7,38.6,795000.0,751275.0,1064000.0,7.571,360,338,22,2024-11-01,Current,70.61
LN101794,IL,SFR,Owner,Purchase,Full,734,53.3,58.3,31.9,531000.0,516397.5,996000.0,6.599,360,349,11,2025-10-01,Current,51.85
LN101795,FL,SFR,Owner,Purchase,Full,762,67.8,72.8,31.2,627000.0,601920.0,925000.0,6.72,360,344,16,2025-05-01,Current,65.07
LN101796,CA,SFR,Owner,Purchase,Full,661,67.5,67.5,33.1,428000.0,398040.0,634000.0,7.777,360,332,28,2024-05-01,Current,62.78
LN101797,NY,SFR,Owner,Purchase,Full,777,80.5,90.5,31.3,630000.0,590625.0,783000.0,6.344,180,155,25,2024-08-01,Current,75.43
LN101798,MA,SFR,Owner,Rate/Term Refi,Bank Statement,703,75.7,75.7,22.7,306000.0,306000.0,404000.0,7.304,360,360,0,2026-09-01,Current,75.74
LN101799,MA,SFR,Owner,Rate/Term Refi,Full,707,71.4,71.4,20.7,292000.0,282510.0,409000.0,7.009,360,347,13,2025-08-01,Current,69.07
LN101800,MA,SFR,Owner,Rate/Term Refi,Full,774,83.6,83.6,30.6,327000.0,315555.0,391000.0,6.852,240,226,14,2025-07-01,Current,80.7
LN101801,MA,PUD,Owner,Rate/Term Refi,Full,745,75.8,85.8,37.3,840000.0,783300.0,1108000.0,6.732,240,213,27,2024-06-01,Current,70.69
LN101802,WA,SFR,Owner,Cash-Out Refi,Full,690,80.0,80.0,45.8,831000.0,783217.5,1039000.0,7.65,360,337,23,2024-10-01,Current,75.38
LN101803,IL,SFR,Owner,Purchase,Full,818,82.7,82.7,32.1,307000.0,287812.5,371000.0,6.288,360,335,25,2024-08-01,90+,77.58
LN101804,TX,PUD,Owner,Cash-Out Refi,Full,715,72.7,72.7,35.0,693000.0,637560.0,953000.0,7.176,360,328,32,2024-01-01,Current,66.9
LN101805,NC,Condo,Owner,Rate/Term Refi,Full,757,70.0,80.0,41.5,377000.0,373230.0,539000.0,6.942,180,176,4,2026-05-01,Current,69.24
LN101806,WA,SFR,Owner,Purchase,DSCR,756,77.4,87.4,42.1,666000.0,626040.0,860000.0,6.864,360,336,24,2024-09-01,Current,72.8
LN101807,FL,SFR,Owner,Purchase,Full,802,68.5,78.5,35.4,350000.0,350000.0,511000.0,6.453,360,360,0,2026-09-01,Current,68.49
LN101808,CA,PUD,Owner,Rate/Term Refi,Full,731,78.1,83.1,35.9,631000.0,624690.0,808000.0,6.977,360,356,4,2026-05-01,Current,77.31
LN101809,CA,Condo,Owner,Purchase,Full,786,86.8,86.8,51.0,386000.0,363805.0,445000.0,7.057,360,337,23,2024-10-01,30,81.75
LN101810,CO,SFR,Owner,Cash-Out Refi,Full,720,83.7,83.7,33.7,356000.0,341760.0,425000.0,7.279,180,164,16,2025-05-01,Current,80.41
LN101811,IL,SFR,Owner,Cash-Out Refi,Full,791,68.9,78.9,32.4,402000.0,384915.0,583000.0,6.571,180,163,17,2025-04-01,Current,66.02
LN101812,GA,SFR,Owner,Rate/Term Refi,Full,719,58.1,58.1,23.5,437000.0,398762.5,752000.0,6.643,180,145,35,2023-10-01,Current,53.03
LN101813,CA,SFR,Investor,Purchase,Full,734,72.8,72.8,39.7,311000.0,294672.5,427000.0,7.013,360,339,21,2024-12-01,Current,69.01
LN101814,CO,Condo,Owner,Rate/Term Refi,Full,820,71.9,71.9,34.2,216000.0,201420.0,300000.0,6.581,360,333,27,2024-06-01,Current,67.14
LN101815,VA,PUD,Owner,Cash-Out Refi,Full,760,86.7,86.7,51.2,888000.0,836940.0,1024000.0,6.948,360,337,23,2024-10-01,Current,81.73
LN101816,CA,PUD,Owner,Rate/Term Refi,Full,752,68.9,68.9,33.7,339000.0,323745.0,492000.0,7.185,180,162,18,2025-03-01,Current,65.8
LN101817,PA,SFR,Investor,Purchase,Full,830,70.9,70.9,42.6,176000.0,168960.0,248000.0,5.9,360,344,16,2025-05-01,Current,68.13
LN101818,CA,PUD,Owner,Cash-Out Refi,Full,762,82.3,82.3,43.6,143000.0,139067.5,174000.0,7.523,360,349,11,2025-10-01,Current,79.92
LN101819,NC,PUD,Owner,Purchase,Full,717,67.7,67.7,49.2,111000.0,109890.0,164000.0,6.978,240,236,4,2026-05-01,Current,67.01
LN101820,IL,SFR,Owner,Cash-Out Refi,Full,776,71.5,81.5,26.0,306000.0,303705.0,428000.0,6.423,240,237,3,2026-06-01,Current,70.96
LN101821,TX,PUD,Owner,Rate/Term Refi,Full,703,94.0,94.0,48.5,762000.0,723900.0,811000.0,6.935,180,160,20,2025-01-01,Current,89.26
LN101822,FL,2-4 Family,Owner,Cash-Out Refi,Full,791,91.3,91.3,36.4,191000.0,184792.5,209000.0,7.033,180,167,13,2025-08-01,Current,88.42
LN101823,CA,SFR,Owner,Purchase,Full,794,81.0,86.0,35.5,351000.0,342225.0,433000.0,6.838,360,350,10,2025-11-01,Current,79.04
LN101824,NC,SFR,Owner,Purchase,Full,726,76.7,81.7,33.9,174000.0,160080.0,227000.0,7.006,360,328,32,2024-01-01,Current,70.52
LN101825,CA,SFR,Owner,Cash-Out Refi,Full,724,61.8,61.8,33.2,677000.0,646535.0,1095000.0,6.911,360,342,18,2025-03-01,Current,59.04
LN101826,OH,PUD,Owner,Rate/Term Refi,Full,755,80.1,80.1,33.6,482000.0,468745.0,602000.0,6.962,240,229,11,2025-10-01,Current,77.86
LN101827,PA,Condo,Owner,Purchase,Full,749,74.1,74.1,18.0,472000.0,470820.0,637000.0,6.79,360,359,1,2026-08-01,Current,73.91
LN101828,NJ,2-4 Family,Investor,Purchase,Bank Statement,711,76.1,76.1,40.3,760000.0,712500.0,999000.0,7.432,360,335,25,2024-08-01,Current,71.32
LN101829,CA,PUD,Owner,Purchase,Full,770,67.2,67.2,36.8,871000.0,796965.0,1296000.0,6.858,360,326,34,2023-11-01,Current,61.49
LN101830,AZ,SFR,Owner,Cash-Out Refi,Full,670,73.3,78.3,28.8,656000.0,641240.0,895000.0,7.332,360,351,9,2025-12-01,Current,71.65
LN101831,NJ,SFR,Owner,Purchase,Bank Statement,732,71.2,71.2,35.8,312000.0,307320.0,438000.0,6.559,360,354,6,2026-03-01,Current,70.16
LN101832,FL,SFR,Owner,Cash-Out Refi,Full,733,77.2,82.2,54.3,221000.0,218237.5,286000.0,7.366,360,355,5,2026-04-01,Current,76.31
LN101833,FL,SFR,Second Home,Purchase,Full,738,90.5,95.5,39.3,251000.0,229037.5,277000.0,7.007,240,205,35,2023-10-01,Current,82.69
LN101834,GA,SFR,Owner,Cash-Out Refi,Full,760,77.8,77.8,33.2,181000.0,171497.5,233000.0,6.608,180,159,21,2024-12-01,Current,73.6
LN101835,CA,SFR,Owner,Purchase,Full,701,53.6,53.6,49.7,939000.0,873270.0,1752000.0,7.302,180,152,28,2024-05-01,Current,49.84
LN101836,FL,PUD,Owner,Rate/Term Refi,Bank Statement,770,61.8,71.8,30.1,373000.0,360877.5,604000.0,6.772,240,227,13,2025-08-01,Current,59.75
LN101837,NJ,PUD,Owner,Rate/Term Refi,Full,741,54.5,54.5,35.1,432000.0,417960.0,793000.0,6.244,360,347,13,2025-08-01,Current,52.71
LN101838,GA,PUD,Owner,Cash-Out Refi,Full,723,63.9,68.9,32.0,446000.0,432620.0,698000.0,6.534,240,228,12,2025-09-01,60,61.98
LN101839,MA,PUD,Owner,Cash-Out Refi,Full,696,80.1,80.1,34.4,1037000.0,985150.0,1295000.0,7.175,360,340,20,2025-01-01,Current,76.07
LN101840,VA,PUD,Owner,Rate/Term Refi,Full,703,78.2,78.2,42.0,314000.0,310075.0,402000.0,6.899,360,355,5,2026-04-01,Current,77.13
LN101841,CA,SFR,Owner,Rate/Term Refi,Full,762,66.3,71.3,40.8,704000.0,691680.0,1062000.0,6.702,360,353,7,2026-02-01,Current,65.13
LN101842,MA,Condo,Owner,Purchase,Full,711,76.6,76.6,30.6,469000.0,457275.0,612000.0,7.804,360,350,10,2025-11-01,Current,74.72
LN101843,TX,PUD,Owner,Purchase,Full,750,64.4,74.4,35.3,380000.0,380000.0,590000.0,7.539,180,180,0,2026-09-01,Current,64.41
LN101844,WA,SFR,Owner,Rate/Term Refi,Full,788,56.4,61.4,36.9,168000.0,161700.0,298000.0,6.475,360,345,15,2025-06-01,Current,54.26
LN101845,WA,SFR,Owner,Purchase,Full,787,56.6,66.6,33.1,624000.0,597480.0,1102000.0,6.694,360,343,17,2025-04-01,60,54.22
LN101846,CO,SFR,Owner,Purchase,DSCR,807,63.1,63.1,36.0,289000.0,282497.5,458000.0,6.661,240,231,9,2025-12-01,Current,61.68
LN101847,AZ,PUD,Owner,Rate/Term Refi,Full,737,90.4,90.4,30.6,330000.0,328350.0,365000.0,7.102,360,358,2,2026-07-01,Current,89.96
LN101848,TX,SFR,Owner,Purchase,Full,707,57.4,57.4,30.5,453000.0,426952.5,789000.0,6.612,240,217,23,2024-10-01,Current,54.11
LN101849,VA,SFR,Owner,Purchase,DSCR,787,88.3,88.3,36.6,426000.0,419610.0,482000.0,7.08,240,234,6,2026-03-01,Current,87.06
LN101850,CA,PUD,Owner,Rate/Term Refi,Full,760,89.3,94.3,28.2,686000.0,639695.0,768000.0,6.939,180,153,27,2024-06-01,Current,83.29
LN101851,NC,SFR,Owner,Purchase,Full,791,71.2,71.2,39.5,299000.0,297505.0,420000.0,6.729,360,358,2,2026-07-01,Current,70.83
LN101852,CA,2-4 Family,Owner,Purchase,Full,748,72.8,77.8,34.8,440000.0,434500.0,604000.0,7.067,240,235,5,2026-04-01,Current,71.94
LN101853,MA,2-4 Family,Owner,Rate/Term Refi,Full,793,66.1,71.1,29.1,464000.0,441960.0,702000.0,6.351,180,161,19,2025-02-01,Current,62.96
LN101854,VA,SFR,Owner,Rate/Term Refi,Bank Statement,780,73.1,83.1,31.5,413000.0,385122.5,565000.0,7.123,360,333,27,2024-06-01,Current,68.16
LN101855,TX,PUD,Owner,Purchase,Full,775,81.3,86.3,32.5,559000.0,525460.0,688000.0,6.832,360,336,24,2024-09-01,Current,76.38
LN101856,WA,SFR,Owner,Purchase,Bank Statement,767,73.5,73.5,35.0,363000.0,346665.0,494000.0,6.839,240,222,18,2025-03-01,Current,70.18
LN101857,NY,SFR,Investor,Purchase,Full,763,85.3,90.3,37.1,713000.0,652395.0,836000.0,6.817,180,146,34,2023-11-01,Current,78.04
LN101858,OH,SFR,Owner,Rate/Term Refi,Full,757,87.6,87.6,34.6,294000.0,284445.0,336000.0,7.162,360,347,13,2025-08-01,Current,84.66
LN101859,TX,2-4 Family,Owner,Purchase,Full,757,77.5,87.5,29.5,210000.0,205800.0,271000.0,7.136,360,352,8,2026-01-01,Current,75.94
LN101860,CA,SFR,Owner,Cash-Out Refi,Full,786,77.3,82.3,47.4,400000.0,374000.0,517000.0,6.568,360,334,26,2024-07-01,Current,72.34
LN101861,FL,Condo,Owner,Cash-Out Refi,Full,729,72.7,72.7,43.3,705000.0,652125.0,970000.0,7.15,240,210,30,2024-03-01,Current,67.23
LN101862,TX,SFR,Owner,Purchase,Full,814,77.5,82.5,37.1,321000.0,305752.5,414000.0,6.432,360,341,19,2025-02-01,Current,73.85
LN101863,TX,SFR,Owner,Purchase,Full,744,60.0,70.0,43.7,305000.0,288987.5,508000.0,6.478,360,339,21,2024-12-01,Current,56.89
LN101864,GA,SFR,Investor,Cash-Out Refi,DSCR,785,78.2,88.2,38.8,348000.0,322770.0,445000.0,6.64,240,211,29,2024-04-01,Current,72.53
LN101865,FL,PUD,Owner,Cash-Out Refi,Full,745,75.8,80.8,34.2,440000.0,440000.0,580000.0,7.091,180,180,0,2026-09-01,Current,75.86
LN101866,CA,SFR,Owner,Cash-Out Refi,Full,739,63.1,63.1,36.9,376000.0,372240.0,596000.0,6.986,180,176,4,2026-05-01,Current,62.46
LN101867,CA,SFR,Owner,Rate/Term Refi,Full,825,97.0,100.0,55.0,471000.0,455692.5,486000.0,6.941,180,167,13,2025-08-01,Current,93.76
LN101868,VA,SFR,Owner,Purchase,Full,736,61.7,61.7,44.0,184000.0,182620.0,298000.0,6.683,360,357,3,2026-06-01,30,61.28
LN101869,NY,SFR,Owner,Purchase,Full,699,63.0,73.0,44.3,817000.0,745512.5,1297000.0,7.011,360,325,35,2023-10-01,Current,57.48
LN101870,CA,SFR,Owner,Purchase,Full,721,76.7,86.7,33.2,535000.0,490862.5,698000.0,7.11,180,147,33,2023-12-01,Current,70.32
LN101871,NY,2-4 Family,Owner,Rate/Term Refi,DSCR,736,50.2,55.2,40.9,274000.0,256190.0,546000.0,6.892,360,334,26,2024-07-01,Current,46.92
LN101872,CA,SFR,Owner,Rate/Term Refi,Full,830,63.9,63.9,53.8,771000.0,707392.5,1207000.0,6.28,360,327,33,2023-12-01,Current,58.61
LN101873,NY,SFR,Owner,Rate/Term Refi,Full,756,55.1,60.1,39.6,503000.0,472820.0,913000.0,6.428,360,336,24,2024-09-01,Current,51.79
LN101874,TX,Condo,Owner,Purchase,Full,784,61.8,61.8,44.6,807000.0,807000.0,1306000.0,6.177,360,360,0,2026-09-01,Current,61.79
LN101875,FL,Condo,Owner,Rate/Term Refi,Full,710,71.8,81.8,46.0,237000.0,222187.5,330000.0,7.404,360,335,25,2024-08-01,30,67.33
LN101876,OH,SFR,Owner,Rate/Term Refi,Full,761,77.2,77.2,41.2,880000.0,869000.0,1140000.0,7.124,240,235,5,2026-04-01,Current,76.23
LN101877,NY,SFR,Owner,Purchase,Full,774,86.6,86.6,48.5,417000.0,381555.0,482000.0,6.706,360,326,34,2023-11-01,Current,79.16
LN101878,NC,PUD,Owner,Purchase,Bank Statement,816,83.0,83.0,38.0,157000.0,148365.0,189000.0,6.956,240,218,22,2024-11-01,Current,78.5
LN101879,TX,SFR,Owner,Cash-Out Refi,Bank Statement,722,87.5,92.5,40.1,578000.0,550545.0,661000.0,7.178,240,221,19,2025-02-01,Current,83.29
LN101880,CA,Condo,Owner,Rate/Term Refi,Full,771,80.4,80.4,31.4,355000.0,355000.0,442000.0,6.943,360,360,0,2026-09-01,Current,80.32
LN101881,FL,SFR,Owner,Rate/Term Refi,Full,759,67.7,67.7,55.0,255000.0,252450.0,377000.0,7.09,360,356,4,2026-05-01,30,66.96
LN101882,CA,SFR,Owner,Purchase,Full,709,86.7,86.7,38.6,369000.0,353317.5,426000.0,7.144,240,223,17,2025-04-01,Current,82.94
LN101883,IL,SFR,Owner,Rate/Term Refi,Full,747,67.5,67.5,37.1,166000.0,165585.0,246000.0,6.65,360,359,1,2026-08-01,Current,67.31
LN101884,CO,SFR,Second Home,Purchase,Bank Statement,738,66.0,66.0,47.0,535000.0,506912.5,811000.0,6.448,240,219,21,2024-12-01,Current,62.5
LN101885,TX,SFR,Second Home,Purchase,Full,660,91.7,100.0,32.5,369000.0,350550.0,402000.0,7.685,360,340,20,2025-01-01,Current,87.2
LN101886,CO,SFR,Owner,Rate/Term Refi,Full,771,82.8,82.8,36.2,360000.0,343800.0,435000.0,6.966,240,222,18,2025-03-01,Current,79.03
LN101887,IL,PUD,Owner,Cash-Out Refi,Full,769,76.0,86.0,30.2,786000.0,774210.0,1034000.0,7.014,180,174,6,2026-03-01,Current,74.88
LN101888,GA,SFR,Owner,Cash-Out Refi,Full,731,82.4,87.4,36.4,415000.0,395287.5,504000.0,7.241,360,341,19,2025-02-01,Current,78.43
LN101889,GA,PUD,Owner,Purchase,DSCR,697,83.9,93.9,33.2,300000.0,275250.0,358000.0,7.335,360,327,33,2023-12-01,Current,76.89
LN101890,OH,2-4 Family,Owner,Purchase,Full,804,57.0,62.0,40.4,263000.0,248535.0,461000.0,6.686,240,218,22,2024-11-01,Current,53.91
LN101891,CO,SFR,Owner,Purchase,Full,758,72.2,77.2,35.2,397000.0,362262.5,550000.0,6.568,360,325,35,2023-10-01,Current,65.87
LN101892,CA,SFR,Owner,Rate/Term Refi,Full,787,59.2,59.2,31.6,668000.0,639610.0,1128000.0,6.619,360,343,17,2025-04-01,Current,56.7
LN101893,FL,SFR,Owner,Purchase,Bank Statement,802,74.8,84.8,33.9,312000.0,296400.0,417000.0,6.716,240,220,20,2025-01-01,Current,71.08
LN101894,FL,2-4 Family,Owner,Purchase,Full,728,65.3,65.3,35.3,252000.0,245070.0,386000.0,6.906,360,349,11,2025-10-01,Current,63.49
LN101895,VA,SFR,Investor,Purchase,DSCR,779,89.6,99.6,32.3,626000.0,593135.0,699000.0,7.307,360,339,21,2024-12-01,Current,84.85
LN101896,VA,PUD,Owner,Purchase,Full,739,79.6,79.6,43.5,419000.0,411667.5,526000.0,7.124,360,353,7,2026-02-01,Current,78.26
LN101897,CA,SFR,Owner,Cash-Out Refi,Full,746,63.6,68.6,41.4,403000.0,398970.0,634000.0,7.15,180,176,4,2026-05-01,Current,62.93
LN101898,MA,Condo,Investor,Rate/Term Refi,Full,745,73.1,73.1,37.3,1073000.0,984477.5,1468000.0,7.138,360,327,33,2023-12-01,Current,67.06
LN101899,FL,SFR,Owner,Purchase,Full,748,58.8,58.8,27.0,233000.0,216107.5,396000.0,6.707,360,331,29,2024-04-01,Current,54.57
LN101900,CO,PUD,Owner,Purchase,Full,790,73.8,73.8,40.2,448000.0,420000.0,607000.0,7.135,180,155,25,2024-08-01,Current,69.19
LN101901,CO,SFR,Owner,Rate/Term Refi,Full,753,79.9,79.9,26.3,179000.0,172287.5,224000.0,7.211,360,345,15,2025-06-01,Current,76.91
LN101902,NY,SFR,Owner,Rate/Term Refi,Full,742,76.5,86.5,37.7,355000.0,349675.0,464000.0,6.97,360,354,6,2026-03-01,Current,75.36
LN101903,WA,SFR,Owner,Purchase,Full,737,50.2,55.2,36.6,536000.0,499820.0,1068000.0,6.702,180,153,27,2024-06-01,Current,46.8
LN101904,NY,Condo,Owner,Rate/Term Refi,Full,761,69.3,69.3,31.7,687000.0,656085.0,991000.0,6.519,360,342,18,2025-03-01,Current,66.2
LN101905,CO,SFR,Owner,Rate/Term Refi,Full,714,79.4,84.4,29.8,226000.0,217525.0,285000.0,7.124,360,345,15,2025-06-01,Current,76.32
LN101906,NJ,SFR,Owner,Purchase,DSCR,729,77.0,82.0,30.8,601000.0,570950.0,781000.0,6.989,180,160,20,2025-01-01,30,73.1
LN101907,IL,SFR,Investor,Purchase,DSCR,746,87.2,92.2,52.1,587000.0,545910.0,673000.0,7.101,360,332,28,2024-05-01,Current,81.12
LN101908,VA,2-4 Family,Owner,Purchase,Full,726,57.9,57.9,34.2,385000.0,370562.5,665000.0,6.769,180,165,15,2025-06-01,Current,55.72
LN101909,IL,PUD,Owner,Purchase,Full,743,79.6,79.6,34.6,1276000.0,1263240.0,1603000.0,7.133,360,356,4,2026-05-01,Current,78.8
LN101910,CA,SFR,Second Home,Rate/Term Refi,Full,725,65.5,65.5,43.6,408000.0,374340.0,623000.0,6.936,360,327,33,2023-12-01,Current,60.09
LN101911,WA,SFR,Owner,Cash-Out Refi,Bank Statement,824,75.7,80.7,39.5,271000.0,247287.5,358000.0,6.068,240,205,35,2023-10-01,Current,69.07
LN101912,TX,SFR,Owner,Purchase,Full,799,78.2,78.2,44.4,497000.0,492030.0,636000.0,6.513,240,236,4,2026-05-01,Current,77.36
LN101913,NC,2-4 Family,Owner,Purchase,Full,765,81.6,86.6,26.7,172000.0,161680.0,211000.0,6.653,360,336,24,2024-09-01,Current,76.63
LN101914,TX,PUD,Owner,Rate/Term Refi,Full,746,66.4,71.4,27.8,841000.0,824180.0,1267000.0,6.52,360,352,8,2026-01-01,Current,65.05
LN101915,AZ,SFR,Owner,Purchase,Full,830,75.5,75.5,55.0,645000.0,625650.0,854000.0,6.364,180,168,12,2025-09-01,Current,73.26
LN101916,CA,PUD,Owner,Rate/Term Refi,Full,760,59.3,59.3,35.9,339000.0,311032.5,572000.0,6.915,360,327,33,2023-12-01,Current,54.38
LN101917,AZ,Condo,Owner,Purchase,Full,745,56.4,61.4,34.0,542000.0,523030.0,961000.0,6.466,360,346,14,2025-07-01,Current,54.43
LN101918,WA,SFR,Owner,Purchase,Full,760,80.0,80.0,37.5,523000.0,508617.5,654000.0,6.389,360,349,11,2025-10-01,Current,77.77
LN101919,CO,Condo,Owner,Cash-Out Refi,Full,760,72.7,72.7,43.9,1000000.0,982500.0,1376000.0,6.779,180,173,7,2026-02-01,Current,71.4
LN101920,CA,2-4 Family,Owner,Rate/Term Refi,Full,802,53.9,58.9,27.0,307000.0,293952.5,570000.0,7.129,240,223,17,2025-04-01,Current,51.57
LN101921,NY,SFR,Owner,Purchase,Full,747,63.1,63.1,38.4,224000.0,213920.0,355000.0,6.653,360,342,18,2025-03-01,Current,60.26
LN101922,NC,SFR,Owner,Purchase,Full,828,73.5,73.5,36.0,159000.0,153832.5,216000.0,6.488,360,347,13,2025-08-01,Current,71.22
LN101923,NY,SFR,Owner,Cash-Out Refi,Full,714,92.0,97.0,41.4,356000.0,327520.0,387000.0,7.185,360,328,32,2024-01-01,Current,84.63
LN101924,TX,Condo,Owner,Cash-Out Refi,Full,774,85.8,90.8,37.6,197000.0,181732.5,230000.0,7.082,360,329,31,2024-02-01,Current,79.01
LN101925,NC,SFR,Owner,Cash-Out Refi,Full,710,82.9,82.9,32.1,376000.0,360020.0,454000.0,7.583,360,343,17,2025-04-01,Current,79.3
LN101926,CO,SFR,Owner,Purchase,Full,817,51.9,51.9,29.5,493000.0,458490.0,950000.0,6.23,360,332,28,2024-05-01,Current,48.26
LN101927,NY,SFR,Owner,Purchase,Full,735,72.1,72.1,17.4,332000.0,322870.0,460000.0,7.261,360,349,11,2025-10-01,Current,70.19
LN101928,NJ,Condo,Owner,Cash-Out Refi,Full,746,79.0,79.0,43.8,263000.0,257740.0,333000.0,6.695,360,352,8,2026-01-01,Current,77.4
LN101929,CO,SFR,Owner,Cash-Out Refi,Full,783,78.0,78.0,24.9,709000.0,680640.0,909000.0,6.787,180,164,16,2025-05-01,Current,74.88
LN101930,PA,SFR,Owner,Purchase,DSCR,796,78.3,88.3,33.1,372000.0,355260.0,475000.0,6.341,180,162,18,2025-03-01,Current,74.79
LN101931,AZ,SFR,Owner,Purchase,Full,706,70.5,75.5,49.0,454000.0,438110.0,644000.0,7.169,360,346,14,2025-07-01,Current,68.03
LN101932,PA,SFR,Owner,Purchase,DSCR,735,94.4,99.4,33.0,634000.0,600715.0,672000.0,7.033,360,339,21,2024-12-01,Current,89.39
LN101933,NC,PUD,Owner,Purchase,DSCR,695,91.0,91.0,40.9,223000.0,214637.5,245000.0,7.453,240,225,15,2025-06-01,60,87.61
LN101934,NY,SFR,Owner,Cash-Out Refi,Bank Statement,753,72.2,77.2,34.6,266000.0,259350.0,368000.0,6.576,360,350,10,2025-11-01,Current,70.48
LN101935,CA,SFR,Owner,Purchase,Bank Statement,744,61.5,66.5,41.6,1298000.0,1239590.0,2111000.0,6.862,360,342,18,2025-03-01,Current,58.72
LN101936,NC,SFR,Owner,Purchase,Full,735,97.0,97.0,36.4,379000.0,349627.5,391000.0,7.242,360,329,31,2024-02-01,Current,89.42
LN101937,FL,SFR,Owner,Rate/Term Refi,Full,722,66.7,66.7,32.3,252000.0,236250.0,378000.0,6.845,360,335,25,2024-08-01,Current,62.5
LN101938,VA,SFR,Owner,Purchase,Full,733,87.7,92.7,46.6,362000.0,342995.0,413000.0,6.931,360,339,21,2024-12-01,Current,83.05
LN101939,VA,SFR,Owner,Cash-Out Refi,DSCR,720,96.2,100.0,34.2,313000.0,293437.5,325000.0,6.998,240,215,25,2024-08-01,Current,90.29
LN101940,NJ,SFR,Owner,Rate/Term Refi,Full,768,62.0,72.0,25.9,231000.0,220027.5,373000.0,6.566,360,341,19,2025-02-01,Current,58.99
LN101941,IL,SFR,Owner,Cash-Out Refi,Full,806,76.8,76.8,33.7,337000.0,336157.5,439000.0,6.686,360,359,1,2026-08-01,Current,76.57
LN101942,AZ,SFR,Investor,Purchase,Full,675,69.1,69.1,40.4,404000.0,393900.0,585000.0,7.261,360,350,10,2025-11-01,Current,67.33
LN101943,AZ,SFR,Second Home,Purchase,Full,744,79.5,89.5,27.6,405000.0,371587.5,509000.0,7.024,360,327,33,2023-12-01,Current,73.0
LN101944,NY,SFR,Owner,Cash-Out Refi,Full,732,77.1,77.1,42.3,523000.0,515155.0,678000.0,7.351,240,234,6,2026-03-01,Current,75.98
LN101945,FL,PUD,Owner,Purchase,Full,767,96.6,96.6,42.1,183000.0,177510.0,189000.0,6.937,180,168,12,2025-09-01,Current,93.92
LN101946,PA,SFR,Owner,Purchase,Full,712,80.4,80.4,52.5,204000.0,197370.0,254000.0,7.259,360,347,13,2025-08-01,Current,77.7
LN101947,CA,Condo,Owner,Cash-Out Refi,Full,742,73.2,73.2,31.3,588000.0,565950.0,803000.0,7.142,360,345,15,2025-06-01,Current,70.48
LN101948,VA,SFR,Owner,Cash-Out Refi,Full,708,86.8,96.8,41.3,332000.0,305440.0,382000.0,7.403,240,208,32,2024-01-01,Current,79.96
LN101949,CA,SFR,Owner,Cash-Out Refi,Bank Statement,774,70.0,75.0,23.4,716000.0,683780.0,1023000.0,6.807,180,162,18,2025-03-01,Current,66.84
LN101950,CA,SFR,Owner,Rate/Term Refi,Full,752,68.9,73.9,33.0,469000.0,463137.5,681000.0,6.851,360,355,5,2026-04-01,Current,68.01
LN101951,GA,SFR,Owner,Cash-Out Refi,Full,742,97.0,100.0,37.0,212000.0,195040.0,219000.0,7.656,360,328,32,2024-01-01,Current,89.06
LN101952,CA,SFR,Owner,Cash-Out Refi,Full,762,63.4,63.4,39.3,523000.0,504695.0,825000.0,6.697,180,166,14,2025-07-01,Current,61.18
LN101953,CO,SFR,Owner,Rate/Term Refi,Full,739,67.4,67.4,35.8,255000.0,254362.5,378000.0,6.797,240,239,1,2026-08-01,Current,67.29
LN101954,TX,SFR,Owner,Purchase,Bank Statement,689,73.8,65.8,35.5,460000.0,420900.0,623000.0,7.406,360,326,34,2023-11-01,Current,67.56
LN101955,VA,SFR,Investor,Purchase,Full,771,60.6,60.6,31.5,721000.0,666925.0,1190000.0,7.045,360,330,30,2024-03-01,Current,56.04
LN101956,WA,2-4 Family,Owner,Purchase,Full,759,48.0,53.0,32.8,1085000.0,1022612.5,2260000.0,6.935,240,217,23,2024-10-01,Current,45.25
LN101957,TX,SFR,Owner,Purchase,Full,742,86.0,91.0,38.6,395000.0,371300.0,459000.0,7.07,180,156,24,2024-09-01,30,80.89
LN101958,WA,SFR,Owner,Rate/Term Refi,Full,785,63.9,63.9,40.5,563000.0,536257.5,881000.0,6.792,360,341,19,2025-02-01,Current,60.87
LN101959,NC,PUD,Owner,Purchase,Full,794,66.8,66.8,41.1,469000.0,446722.5,702000.0,6.684,360,341,19,2025-02-01,Current,63.64
LN101960,NJ,SFR,Second Home,Cash-Out Refi,Full,706,68.8,78.8,43.9,588000.0,539490.0,855000.0,7.125,360,327,33,2023-12-01,Current,63.1
LN101961,CA,SFR,Owner,Purchase,Bank Statement,718,61.5,61.5,45.3,125000.0,120625.0,203000.0,7.125,240,226,14,2025-07-01,Current,59.42
LN101962,MA,SFR,Owner,Rate/Term Refi,DSCR,807,60.4,60.4,22.4,341000.0,339295.0,565000.0,6.572,360,358,2,2026-07-01,Current,60.05
LN101963,NJ,SFR,Second Home,Purchase,DSCR,802,75.2,75.2,32.2,467000.0,444817.5,621000.0,6.63,360,341,19,2025-02-01,30,71.63
LN101964,TX,PUD,Owner,Cash-Out Refi,Full,720,97.0,97.0,35.0,507000.0,499395.0,523000.0,7.737,360,354,6,2026-03-01,Current,95.49
LN101965,WA,SFR,Owner,Rate/Term Refi,Full,703,82.1,82.1,31.3,288000.0,270000.0,351000.0,7.163,240,215,25,2024-08-01,Current,76.92
LN101966,IL,SFR,Owner,Purchase,Full,724,82.3,82.3,44.2,597000.0,547747.5,725000.0,7.483,240,207,33,2023-12-01,Current,75.55
LN101967,WA,SFR,Owner,Purchase,Full,729,55.2,55.2,42.0,680000.0,652800.0,1232000.0,7.359,180,164,16,2025-05-01,Current,52.99
LN101968,TX,SFR,Owner,Purchase,Full,688,73.0,78.0,35.4,421000.0,398897.5,577000.0,7.787,180,159,21,2024-12-01,Current,69.13
LN101969,MA,PUD,Owner,Rate/Term Refi,Full,749,59.1,69.1,37.1,367000.0,336722.5,621000.0,6.82,360,327,33,2023-12-01,Current,54.22
LN101970,CO,SFR,Owner,Purchase,Full,699,82.6,82.6,45.9,346000.0,339080.0,419000.0,7.241,360,352,8,2026-01-01,Current,80.93
LN101971,WA,SFR,Owner,Rate/Term Refi,Full,702,70.6,70.6,33.5,435000.0,413250.0,616000.0,6.748,360,340,20,2025-01-01,Current,67.09
LN101972,OH,SFR,Owner,Rate/Term Refi,Full,783,73.8,73.8,33.8,704000.0,681120.0,954000.0,6.68,360,347,13,2025-08-01,Current,71.4
LN101973,FL,Condo,Investor,Rate/Term Refi,Full,722,72.2,82.2,43.2,816000.0,783360.0,1130000.0,7.657,360,344,16,2025-05-01,30,69.32
LN101974,IL,PUD,Second Home,Purchase,Bank Statement,745,66.3,76.3,39.8,328000.0,318980.0,495000.0,6.454,360,349,11,2025-10-01,Current,64.44
LN101975,AZ,SFR,Owner,Rate/Term Refi,Full,772,55.0,65.0,47.1,265000.0,243800.0,482000.0,6.185,180,148,32,2024-01-01,Current,50.58
LN101976,AZ,SFR,Owner,Purchase,Full,779,80.2,80.2,39.0,283000.0,275217.5,353000.0,6.993,360,349,11,2025-10-01,Current,77.97
LN101977,FL,SFR,Owner,Purchase,DSCR,735,56.7,56.7,42.0,643000.0,643000.0,1134000.0,6.967,360,360,0,2026-09-01,Current,56.7
LN101978,WA,SFR,Investor,Purchase,Full,750,59.1,59.1,32.0,452000.0,426010.0,765000.0,6.288,360,337,23,2024-10-01,Current,55.69
LN101979,FL,PUD,Owner,Cash-Out Refi,Full,717,69.7,79.7,29.0,468000.0,430560.0,671000.0,7.035,240,208,32,2024-01-01,Current,64.17
LN101980,NC,PUD,Owner,Purchase,Full,814,64.8,69.8,36.1,510000.0,488325.0,787000.0,6.504,360,343,17,2025-04-01,Current,62.05
LN101981,FL,PUD,Owner,Purchase,DSCR,773,76.4,76.4,15.9,485000.0,464387.5,635000.0,6.4,240,223,17,2025-04-01,Current,73.13
LN101982,NY,SFR,Owner,Purchase,Full,706,85.4,90.4,39.3,385000.0,359975.0,451000.0,7.513,360,334,26,2024-07-01,Current,79.82
LN101983,WA,SFR,Owner,Rate/Term Refi,Full,748,76.3,76.3,43.7,252000.0,248850.0,330000.0,6.597,360,355,5,2026-04-01,Current,75.41
LN101984,CA,SFR,Owner,Purchase,Bank Statement,775,75.7,75.7,36.8,307000.0,302395.0,406000.0,7.046,240,234,6,2026-03-01,Current,74.48
LN101985,IL,PUD,Investor,Cash-Out Refi,Full,766,73.6,73.6,34.5,431000.0,404062.5,586000.0,6.845,360,335,25,2024-08-01,Current,68.95
LN101986,VA,SFR,Investor,Purchase,Bank Statement,818,83.6,88.6,44.5,489000.0,468217.5,585000.0,6.408,180,163,17,2025-04-01,Current,80.04
LN101987,CO,2-4 Family,Owner,Purchase,Full,800,51.1,51.1,35.9,344000.0,336260.0,673000.0,5.962,180,171,9,2025-12-01,Current,49.96
LN101988,IL,SFR,Owner,Cash-Out Refi,Full,728,77.7,77.7,43.7,337000.0,322677.5,434000.0,6.978,240,223,17,2025-04-01,Current,74.35
LN101989,CA,SFR,Owner,Rate/Term Refi,Full,745,62.1,72.1,53.0,767000.0,734402.5,1235000.0,6.782,180,163,17,2025-04-01,Current,59.47
LN101990,WA,SFR,Owner,Rate/Term Refi,Full,699,58.5,68.5,41.8,329000.0,318307.5,562000.0,7.013,360,347,13,2025-08-01,Current,56.64
LN101991,FL,2-4 Family,Owner,Purchase,DSCR,757,73.3,73.3,43.4,452000.0,430530.0,617000.0,6.696,360,341,19,2025-02-01,Current,69.78
LN101992,FL,2-4 Family,Owner,Purchase,Full,754,68.6,68.6,40.0,352000.0,337040.0,513000.0,6.763,180,163,17,2025-04-01,Current,65.7
LN101993,NC,2-4 Family,Owner,Purchase,Full,830,80.3,90.3,38.1,274000.0,250710.0,341000.0,6.696,240,206,34,2023-11-01,Current,73.52
LN101994,PA,SFR,Owner,Rate/Term Refi,Full,752,86.5,86.5,38.3,202000.0,195940.0,234000.0,6.779,360,348,12,2025-09-01,Current,83.74
LN101995,IL,Condo,Owner,Cash-Out Refi,Full,668,45.4,45.4,36.7,318000.0,298920.0,700000.0,7.048,240,216,24,2024-09-01,Current,42.7
LN101996,CA,SFR,Investor,Purchase,Full,722,72.4,72.4,44.5,279000.0,260167.5,385000.0,7.161,360,333,27,2024-06-01,Current,67.58
LN101997,CO,Condo,Owner,Rate/Term Refi,Full,752,96.8,100.0,23.9,603000.0,578880.0,623000.0,7.105,180,164,16,2025-05-01,Current,92.92
LN101998,NY,SFR,Owner,Purchase,Full,700,83.7,83.7,34.2,240000.0,232200.0,287000.0,7.508,360,347,13,2025-08-01,Current,80.91
LN101999,VA,SFR,Owner,Rate/Term Refi,Bank Statement,715,90.6,90.6,41.2,337000.0,317622.5,372000.0,7.66,240,217,23,2024-10-01,Current,85.38
LN102000,NC,SFR,Owner,Purchase,Full,734,74.5,74.5,29.8,552000.0,545100.0,741000.0,6.906,240,235,5,2026-04-01,Current,73.56
LN102001,FL,SFR,Investor,Purchase,DSCR,761,56.1,56.1,35.4,387000.0,364747.5,690000.0,6.703,240,217,23,2024-10-01,Current,52.86
LN102002,NJ,PUD,Investor,Rate/Term Refi,Full,742,59.8,59.8,30.9,512000.0,491520.0,856000.0,6.063,240,224,16,2025-05-01,Current,57.42
LN102003,IL,SFR,Owner,Purchase,Bank Statement,714,81.8,91.8,39.6,599000.0,591512.5,732000.0,7.101,360,355,5,2026-04-01,Current,80.81
LN102004,CO,SFR,Investor,Purchase,Full,778,84.8,89.8,42.8,190000.0,182875.0,224000.0,7.002,360,345,15,2025-06-01,Current,81.64
LN102005,CA,SFR,Owner,Purchase,Full,727,64.5,69.5,47.3,337000.0,326047.5,522000.0,6.656,240,227,13,2025-08-01,Current,62.46
LN102006,TX,SFR,Owner,Purchase,Full,729,70.1,70.1,40.1,262000.0,244315.0,374000.0,7.314,180,153,27,2024-06-01,Current,65.32
LN102007,VA,SFR,Owner,Purchase,Full,696,76.4,76.4,30.7,759000.0,747615.0,993000.0,6.769,240,234,6,2026-03-01,60,75.29
LN102008,CA,SFR,Owner,Purchase,Full,718,52.3,62.3,38.1,386000.0,380210.0,738000.0,7.207,360,354,6,2026-03-01,Current,51.52
LN102009,CO,SFR,Owner,Purchase,DSCR,773,69.1,69.1,40.6,513000.0,507870.0,742000.0,6.577,360,356,4,2026-05-01,Current,68.45
LN102010,MA,PUD,Owner,Cash-Out Refi,Full,687,92.7,92.7,47.0,891000.0,824175.0,961000.0,7.202,360,330,30,2024-03-01,Current,85.76
LN102011,NJ,SFR,Owner,Cash-Out Refi,Full,745,97.0,97.0,19.8,346000.0,336485.0,357000.0,7.031,360,349,11,2025-10-01,Current,94.25
LN102012,CA,SFR,Owner,Rate/Term Refi,Full,775,72.0,77.0,39.1,422000.0,416725.0,586000.0,6.656,360,355,5,2026-04-01,Current,71.11
LN102013,CA,SFR,Owner,Purchase,Full,734,95.3,100.0,22.2,492000.0,490770.0,516000.0,6.947,240,239,1,2026-08-01,Current,95.11
LN102014,FL,SFR,Owner,Rate/Term Refi,Full,757,67.0,67.0,41.7,361000.0,340242.5,539000.0,6.435,360,337,23,2024-10-01,30,63.12
LN102015,CA,PUD,Owner,Purchase,Full,706,63.6,63.6,39.6,726000.0,715110.0,1142000.0,6.922,180,174,6,2026-03-01,Current,62.62
LN102016,AZ,Condo,Owner,Purchase,Full,798,46.4,51.4,40.0,594000.0,556875.0,1280000.0,6.567,180,155,25,2024-08-01,Current,43.51
LN102017,AZ,SFR,Investor,Cash-Out Refi,Bank Statement,790,84.8,94.8,43.0,646000.0,636310.0,762000.0,6.863,360,354,6,2026-03-01,Current,83.51
LN102018,CO,SFR,Owner,Rate/Term Refi,Full,757,68.8,78.8,39.2,417000.0,398235.0,606000.0,7.136,180,162,18,2025-03-01,Current,65.72
LN102019,NJ,SFR,Owner,Cash-Out Refi,Full,681,97.0,100.0,31.3,348000.0,331470.0,359000.0,7.384,360,341,19,2025-02-01,Current,92.33
LN102020,TX,SFR,Owner,Rate/Term Refi,Full,708,77.3,77.3,38.9,346000.0,320050.0,448000.0,7.089,360,330,30,2024-03-01,Current,71.44
LN102021,CA,2-4 Family,Owner,Rate/Term Refi,Full,785,75.6,85.6,45.4,345000.0,332062.5,456000.0,6.615,240,225,15,2025-06-01,Current,72.82
LN102022,CA,SFR,Owner,Cash-Out Refi,Full,813,51.6,51.6,35.3,192000.0,186240.0,372000.0,6.327,180,168,12,2025-09-01,Current,50.06
LN102023,NJ,SFR,Owner,Purchase,Full,759,91.3,91.3,36.4,482000.0,478385.0,528000.0,7.127,360,357,3,2026-06-01,Current,90.6
LN102024,CA,SFR,Owner,Purchase,Full,795,68.9,73.9,26.9,592000.0,584600.0,859000.0,7.012,360,355,5,2026-04-01,Current,68.06
LN102025,CA,SFR,Owner,Purchase,Full,725,71.4,71.4,45.1,406000.0,370475.0,569000.0,7.193,240,205,35,2023-10-01,Current,65.11
LN102026,CO,PUD,Owner,Cash-Out Refi,Full,741,46.8,46.8,32.4,325000.0,305500.0,694000.0,6.716,180,156,24,2024-09-01,Current,44.02
LN102027,WA,SFR,Owner,Purchase,DSCR,748,84.4,94.4,30.5,415000.0,386987.5,492000.0,7.348,360,333,27,2024-06-01,Current,78.66
LN102028,MA,SFR,Owner,Purchase,Full,764,85.2,95.2,32.8,452000.0,427140.0,531000.0,6.724,240,218,22,2024-11-01,Current,80.44
LN102029,NJ,SFR,Owner,Purchase,Full,690,66.0,66.0,29.6,474000.0,445560.0,718000.0,6.843,180,156,24,2024-09-01,Current,62.06
LN102030,VA,Condo,Owner,Purchase,Full,784,74.4,74.4,34.3,929000.0,912742.5,1249000.0,6.859,360,353,7,2026-02-01,Current,73.08
LN102031,MA,SFR,Owner,Purchase,Full,798,78.0,78.0,46.0,275000.0,259187.5,353000.0,6.686,240,217,23,2024-10-01,Current,73.42
LN102032,CA,SFR,Owner,Purchase,Full,704,84.9,84.9,42.3,482000.0,459105.0,568000.0,7.307,180,161,19,2025-02-01,Current,80.83
LN102033,OH,PUD,Owner,Purchase,Full,696,74.6,74.6,47.1,559000.0,522665.0,749000.0,7.456,360,334,26,2024-07-01,Current,69.78
LN102034,TX,SFR,Owner,Rate/Term Refi,Full,761,94.0,94.0,47.6,422000.0,419890.0,449000.0,6.942,360,358,2,2026-07-01,Current,93.52
LN102035,CA,SFR,Second Home,Purchase,Full,723,70.4,70.4,29.4,366000.0,359595.0,520000.0,6.99,360,353,7,2026-02-01,Current,69.15
LN102036,MA,SFR,Investor,Cash-Out Refi,Bank Statement,658,66.0,71.0,39.9,255000.0,246075.0,386000.0,7.459,240,226,14,2025-07-01,Current,63.75
LN102037,TX,SFR,Owner,Cash-Out Refi,Full,779,67.7,72.7,47.7,311000.0,290785.0,459000.0,6.818,360,334,26,2024-07-01,Current,63.35
LN102038,CA,SFR,Owner,Cash-Out Refi,Full,754,42.9,42.9,53.8,563000.0,554555.0,1312000.0,6.804,240,234,6,2026-03-01,Current,42.27
LN102039,WA,2-4 Family,Investor,Purchase,Full,730,63.6,68.6,25.4,792000.0,766260.0,1245000.0,6.937,360,347,13,2025-08-01,Current,61.55
LN102040,NJ,SFR,Owner,Purchase,Full,828,85.4,95.4,25.3,302000.0,295960.0,354000.0,6.604,180,172,8,2026-01-01,Current,83.6
LN102041,TX,SFR,Owner,Purchase,Full,753,76.5,76.5,39.8,505000.0,496162.5,660000.0,6.292,360,353,7,2026-02-01,Current,75.18
LN102042,VA,SFR,Owner,Purchase,Full,719,63.5,63.5,33.6,517000.0,479517.5,814000.0,7.279,360,331,29,2024-04-01,Current,58.91
LN102043,PA,SFR,Owner,Purchase,DSCR,752,77.5,87.5,28.6,646000.0,629850.0,834000.0,6.521,240,230,10,2025-11-01,Current,75.52
LN102044,IL,Condo,Owner,Purchase,Full,708,49.1,49.1,39.1,456000.0,429780.0,929000.0,6.883,360,337,23,2024-10-01,Current,46.26
LN102045,TX,SFR,Owner,Rate/Term Refi,Full,719,69.9,69.9,30.2,499000.0,462822.5,714000.0,7.672,180,151,29,2024-04-01,Current,64.82
LN102046,TX,SFR,Owner,Rate/Term Refi,Full,763,79.6,79.6,18.9,613000.0,594610.0,770000.0,6.787,240,228,12,2025-09-01,Current,77.22
LN102047,CA,PUD,Owner,Rate/Term Refi,Full,727,81.7,81.7,36.0,239000.0,230635.0,293000.0,6.709,360,346,14,2025-07-01,Current,78.72
LN102048,NY,Condo,Owner,Cash-Out Refi,Full,731,64.0,64.0,37.2,416000.0,402480.0,650000.0,7.309,360,347,13,2025-08-01,Current,61.92
LN102049,FL,Condo,Owner,Purchase,Full,811,84.3,84.3,41.1,182000.0,167895.0,216000.0,6.489,360,329,31,2024-02-01,Current,77.73
LN102050,TX,SFR,Owner,Cash-Out Refi,Full,781,95.8,95.8,43.4,166000.0,160605.0,173000.0,6.882,240,227,13,2025-08-01,60,92.84
LN102051,FL,PUD,Owner,Purchase,Full,779,68.2,68.2,37.6,280000.0,255500.0,411000.0,6.618,360,325,35,2023-10-01,Current,62.17
LN102052,TX,SFR,Owner,Purchase,Full,768,82.2,87.2,34.4,202000.0,195940.0,246000.0,7.049,240,228,12,2025-09-01,Current,79.65
LN102053,VA,PUD,Owner,Purchase,Full,766,54.7,54.7,31.1,513000.0,470677.5,938000.0,6.797,360,327,33,2023-12-01,Current,50.18
LN102054,MA,SFR,Owner,Purchase,Full,803,49.8,49.8,23.6,641000.0,621770.0,1287000.0,6.3,360,348,12,2025-09-01,Current,48.31
LN102055,NY,SFR,Owner,Purchase,Full,747,80.7,90.7,32.8,354000.0,338955.0,439000.0,7.254,240,223,17,2025-04-01,Current,77.21
LN102056,CA,PUD,Owner,Purchase,Bank Statement,819,73.9,73.9,43.8,382000.0,378180.0,517000.0,6.25,240,236,4,2026-05-01,Current,73.15
LN102057,TX,2-4 Family,Owner,Cash-Out Refi,Full,712,75.8,75.8,41.2,366000.0,347700.0,483000.0,7.306,240,220,20,2025-01-01,Current,71.99
LN102058,CO,PUD,Owner,Purchase,Full,738,66.4,66.4,51.9,361000.0,361000.0,544000.0,6.731,360,360,0,2026-09-01,Current,66.36
LN102059,PA,PUD,Owner,Cash-Out Refi,Full,696,69.8,69.8,35.0,433000.0,410267.5,620000.0,7.348,240,219,21,2024-12-01,Current,66.17
LN102060,NC,Condo,Owner,Cash-Out Refi,Full,735,83.1,93.1,22.6,478000.0,475610.0,575000.0,6.904,360,358,2,2026-07-01,Current,82.71
LN102061,CA,SFR,Investor,Cash-Out Refi,Full,768,94.0,94.0,42.5,330000.0,327525.0,351000.0,6.872,360,357,3,2026-06-01,Current,93.31
LN102062,FL,Condo,Owner,Purchase,Full,803,70.8,80.8,44.1,285000.0,270750.0,403000.0,6.91,180,160,20,2025-01-01,30,67.18
LN102063,CA,SFR,Owner,Purchase,Full,723,53.6,63.6,27.3,321000.0,299332.5,599000.0,6.567,180,153,27,2024-06-01,30,49.97
LN102064,WA,SFR,Owner,Rate/Term Refi,Full,748,88.7,93.7,23.9,586000.0,568420.0,661000.0,6.755,360,348,12,2025-09-01,Current,85.99
LN102065,FL,SFR,Owner,Rate/Term Refi,Full,734,80.6,85.6,37.3,336000.0,312480.0,417000.0,7.196,360,332,28,2024-05-01,Current,74.94
LN102066,NY,SFR,Investor,Cash-Out Refi,Full,720,81.6,86.6,41.6,787000.0,747650.0,964000.0,7.079,360,340,20,2025-01-01,Current,77.56
LN102067,TX,SFR,Owner,Purchase,Bank Statement,703,75.6,75.6,27.6,365000.0,358612.5,483000.0,7.08,360,353,7,2026-02-01,Current,74.25
LN102068,CA,SFR,Owner,Cash-Out Refi,DSCR,750,97.0,100.0,33.6,757000.0,745645.0,780000.0,7.084,360,354,6,2026-03-01,Current,95.6
LN102069,GA,SFR,Owner,Purchase,DSCR,682,74.3,74.3,30.2,237000.0,229890.0,319000.0,7.832,180,168,12,2025-09-01,Current,72.07
LN102070,FL,2-4 Family,Owner,Purchase,Full,752,79.6,79.6,27.1,297000.0,288832.5,373000.0,6.675,360,349,11,2025-10-01,Current,77.43
LN102071,CA,Condo,Investor,Purchase,Full,749,51.1,51.1,26.1,505000.0,477225.0,988000.0,6.599,360,338,22,2024-11-01,Current,48.3
LN102072,CA,SFR,Owner,Cash-Out Refi,Full,723,66.4,76.4,37.2,508000.0,466090.0,765000.0,7.017,240,207,33,2023-12-01,Current,60.93
LN102073,CA,SFR,Owner,Rate/Term Refi,Full,710,65.1,65.1,33.3,379000.0,346785.0,582000.0,6.805,360,326,34,2023-11-01,Current,59.59
LN102074,VA,SFR,Second Home,Purchase,Full,695,73.0,78.0,31.0,1027000.0,1001325.0,1407000.0,7.201,360,350,10,2025-11-01,Current,71.17
LN102075,CA,SFR,Owner,Purchase,Full,819,77.6,87.6,16.2,420000.0,407400.0,541000.0,6.633,360,348,12,2025-09-01,Current,75.3
LN102076,OH,PUD,Owner,Purchase,Full,697,64.4,74.4,49.5,464000.0,438480.0,720000.0,6.884,240,218,22,2024-11-01,Current,60.9
LN102077,PA,SFR,Owner,Cash-Out Refi,Full,807,94.2,100.0,28.9,314000.0,289665.0,333000.0,7.029,360,329,31,2024-02-01,30,86.99
LN102078,CA,SFR,Owner,Cash-Out Refi,Full,771,60.6,60.6,35.1,862000.0,857690.0,1422000.0,6.343,180,178,2,2026-07-01,Current,60.32
LN102079,GA,SFR,Owner,Purchase,Full,734,68.0,68.0,27.5,600000.0,597000.0,882000.0,6.889,240,238,2,2026-07-01,Current,67.69
LN102080,CA,2-4 Family,Owner,Purchase,Full,704,76.2,76.2,39.0,490000.0,481425.0,643000.0,7.272,360,353,7,2026-02-01,Current,74.87
LN102081,NC,SFR,Investor,Cash-Out Refi,Full,788,58.4,58.4,24.6,194000.0,184785.0,332000.0,7.302,360,341,19,2025-02-01,Current,55.66
LN102082,PA,SFR,Owner,Rate/Term Refi,Full,814,80.2,80.2,36.9,479000.0,444272.5,597000.0,6.129,180,151,29,2024-04-01,Current,74.42
LN102083,NY,SFR,Owner,Rate/Term Refi,Full,713,81.0,81.0,34.7,329000.0,320775.0,406000.0,7.252,360,350,10,2025-11-01,Current,79.01
LN102084,CA,SFR,Second Home,Purchase,Full,737,69.9,69.9,43.1,486000.0,466560.0,695000.0,7.557,360,344,16,2025-05-01,Current,67.13
LN102085,AZ,SFR,Owner,Cash-Out Refi,Full,788,96.3,96.3,27.8,615000.0,567337.5,639000.0,6.735,180,149,31,2024-02-01,Current,88.79
LN102086,WA,Condo,Owner,Purchase,Bank Statement,761,74.4,74.4,31.2,290000.0,283475.0,390000.0,7.1,360,351,9,2025-12-01,Current,72.69
LN102087,TX,SFR,Second Home,Purchase,Bank Statement,824,76.8,76.8,34.3,449000.0,442265.0,585000.0,6.527,240,234,6,2026-03-01,Current,75.6
LN102088,IL,SFR,Owner,Cash-Out Refi,Full,726,61.9,61.9,52.1,605000.0,591387.5,977000.0,6.554,360,351,9,2025-12-01,Current,60.53
LN102089,IL,Condo,Owner,Purchase,Full,769,53.3,53.3,24.9,438000.0,434715.0,822000.0,6.667,360,357,3,2026-06-01,Current,52.89
LN102090,FL,Condo,Owner,Purchase,Full,700,65.8,70.8,38.3,350000.0,328125.0,532000.0,6.884,180,155,25,2024-08-01,Current,61.68
LN102091,FL,SFR,Owner,Cash-Out Refi,Full,828,69.5,74.5,31.1,252000.0,243810.0,363000.0,6.398,360,347,13,2025-08-01,Current,67.17
LN102092,MA,PUD,Owner,Purchase,Full,720,67.9,72.9,38.5,300000.0,277500.0,442000.0,6.633,360,330,30,2024-03-01,Current,62.78
LN102093,CO,SFR,Owner,Cash-Out Refi,Full,664,82.6,82.6,41.1,229000.0,213542.5,277000.0,7.674,240,213,27,2024-06-01,Current,77.09
LN102094,FL,SFR,Owner,Purchase,Full,743,44.7,54.7,37.2,635000.0,600075.0,1421000.0,6.034,240,218,22,2024-11-01,Current,42.23
LN102095,WA,SFR,Investor,Rate/Term Refi,Full,743,59.8,64.8,38.1,426000.0,398310.0,712000.0,6.746,180,154,26,2024-07-01,Current,55.94
LN102096,AZ,SFR,Owner,Purchase,Full,821,51.5,51.5,38.2,235000.0,216787.5,456000.0,6.56,180,149,31,2024-02-01,Current,47.54
LN102097,VA,2-4 Family,Owner,Purchase,Full,735,89.5,99.5,31.6,405000.0,392850.0,453000.0,7.263,180,168,12,2025-09-01,Current,86.72
LN102098,NY,SFR,Owner,Purchase,Full,748,66.6,76.6,34.4,227000.0,207705.0,341000.0,6.739,360,326,34,2023-11-01,Current,60.91
LN102099,NJ,SFR,Owner,Purchase,Full,0,67.2,67.2,23.4,92000.0,86020.0,137000.0,6.636,360,334,26,2024-07-01,Current,62.79
LN102100,CA,SFR,Owner,Purchase,Full,808,60.2,60.2,33.4,701000.0,679970.0,1164000.0,6.296,360,348,12,2025-09-01,Current,58.42
LN102101,NC,SFR,Owner,Purchase,Full,746,84.2,84.2,30.2,690000.0,681375.0,819000.0,7.694,180,175,5,2026-04-01,Current,83.2
LN102102,CO,Condo,Owner,Rate/Term Refi,Full,788,68.4,68.4,34.1,209000.0,204820.0,306000.0,6.591,360,352,8,2026-01-01,Current,66.93
LN102103,CA,Condo,Owner,Purchase,Full,768,76.1,76.1,41.7,294000.0,282240.0,386000.0,6.798,180,164,16,2025-05-01,Current,73.12
LN102104,AZ,SFR,Owner,Purchase,Full,737,49.0,49.0,39.0,446000.0,442655.0,910000.0,6.533,240,237,3,2026-06-01,Current,48.64
LN102105,CA,SFR,Owner,Purchase,Full,751,87.5,92.5,39.7,342000.0,315495.0,391000.0,6.899,360,329,31,2024-02-01,60,80.69
LN102106,MA,SFR,Owner,Purchase,Full,749,78.1,83.1,44.5,276000.0,251850.0,353000.0,7.088,240,205,35,2023-10-01,Current,71.35
LN102107,WA,SFR,Second Home,Purchase,Bank Statement,713,80.0,85.0,17.9,322000.0,317975.0,402000.0,7.018,360,355,5,2026-04-01,Current,79.1
LN102108,CA,2-4 Family,Owner,Purchase,Full,794,88.2,98.2,39.4,364000.0,336700.0,413000.0,6.565,360,330,30,2024-03-01,Current,81.53
LN102109,NC,SFR,Owner,Purchase,Full,695,71.1,76.1,35.9,316000.0,309680.0,444000.0,7.052,180,172,8,2026-01-01,Current,69.75
LN102110,TX,PUD,Investor,Purchase,Full,793,71.4,71.4,35.3,446000.0,434850.0,625000.0,6.516,240,230,10,2025-11-01,Current,69.58
LN102111,CA,2-4 Family,Owner,Purchase,Full,784,82.0,82.0,26.1,366000.0,354105.0,446000.0,6.808,240,227,13,2025-08-01,Current,79.4
LN102112,WA,Condo,Owner,Purchase,Full,744,78.5,78.5,40.3,288000.0,270720.0,367000.0,6.848,180,156,24,2024-09-01,Current,73.77
LN102113,GA,SFR,Owner,Purchase,Full,719,70.5,70.5,44.8,410000.0,402825.0,582000.0,6.991,360,353,7,2026-02-01,Current,69.21
LN102114,NC,SFR,Owner,Cash-Out Refi,Full,739,73.9,78.9,43.9,192000.0,191520.0,260000.0,6.766,240,239,1,2026-08-01,30,73.66
LN102115,GA,SFR,Owner,Cash-Out Refi,Full,766,67.3,77.3,35.4,779000.0,741997.5,1158000.0,7.034,360,341,19,2025-02-01,Current,64.08
LN102116,NC,PUD,Owner,Purchase,Full,776,82.0,87.0,40.9,185000.0,171587.5,226000.0,6.835,360,331,29,2024-04-01,Current,75.92
LN102117,FL,Condo,Owner,Rate/Term Refi,Full,759,84.6,89.6,43.1,391000.0,376337.5,462000.0,6.862,360,345,15,2025-06-01,Current,81.46
LN102118,CA,Condo,Owner,Purchase,Full,786,73.5,83.5,50.0,473000.0,450532.5,644000.0,6.74,360,341,19,2025-02-01,Current,69.96
LN102119,FL,SFR,Second Home,Rate/Term Refi,Full,727,96.0,96.0,45.4,489000.0,463327.5,509000.0,7.235,240,219,21,2024-12-01,Current,91.03
LN102120,NJ,PUD,Owner,Purchase,Full,757,54.9,54.9,37.1,456000.0,430920.0,831000.0,6.263,360,338,22,2024-11-01,Current,51.86
LN102121,CA,Condo,Owner,Purchase,Full,688,70.6,75.6,36.8,717000.0,717000.0,1016000.0,7.181,180,180,0,2026-09-01,30,70.57
LN102122,CA,SFR,Investor,Cash-Out Refi,Full,777,94.0,100.0,37.3,244000.0,230580.0,260000.0,7.339,180,158,22,2024-11-01,Current,88.68
LN102123,MA,2-4 Family,Owner,Rate/Term Refi,Full,754,68.3,68.3,37.8,393000.0,364507.5,575000.0,6.933,360,331,29,2024-04-01,Current,63.39
LN102124,CA,SFR,Owner,Purchase,Full,732,54.2,54.2,32.3,433000.0,414597.5,799000.0,7.092,180,163,17,2025-04-01,Current,51.89
LN102125,WA,SFR,Owner,Cash-Out Refi,Full,792,90.2,95.2,41.9,324000.0,312660.0,359000.0,6.63,240,226,14,2025-07-01,Current,87.09
LN102126,MA,SFR,Investor,Purchase,Full,774,80.0,85.0,30.8,310000.0,304575.0,388000.0,6.432,360,353,7,2026-02-01,Current,78.5
LN102127,IL,PUD,Owner,Rate/Term Refi,Full,641,59.1,59.1,29.9,724000.0,720380.0,1225000.0,7.219,240,238,2,2026-07-01,Current,58.81
LN102128,NC,SFR,Owner,Purchase,Full,750,82.7,82.7,38.7,294000.0,269010.0,356000.0,7.313,360,326,34,2023-11-01,Current,75.56
LN102129,CA,SFR,Owner,Cash-Out Refi,DSCR,693,61.1,66.1,31.7,327000.0,309015.0,535000.0,6.851,360,338,22,2024-11-01,Current,57.76
LN102130,NC,PUD,Second Home,Purchase,Full,789,57.3,57.3,34.2,358000.0,333835.0,625000.0,6.289,240,213,27,2024-06-01,30,53.41
LN102131,AZ,SFR,Owner,Purchase,Full,830,71.6,71.6,20.2,368000.0,362480.0,514000.0,6.66,360,354,6,2026-03-01,Current,70.52
LN102132,AZ,SFR,Owner,Rate/Term Refi,Bank Statement,728,67.6,67.6,42.1,436000.0,410930.0,645000.0,6.893,360,337,23,2024-10-01,Current,63.71
LN102133,TX,PUD,Owner,Purchase,Full,751,60.2,70.2,36.0,369000.0,362542.5,613000.0,6.694,360,353,7,2026-02-01,Current,59.14
LN102134,WA,SFR,Owner,Rate/Term Refi,Full,738,69.0,79.0,35.1,479000.0,445470.0,694000.0,7.005,240,212,28,2024-05-01,Current,64.19
LN102135,GA,Condo,Owner,Purchase,Full,761,61.3,71.3,39.6,431000.0,401907.5,703000.0,6.717,360,333,27,2024-06-01,Current,57.17
LN102136,NJ,Condo,Owner,Cash-Out Refi,Full,772,74.1,74.1,37.6,503000.0,492940.0,679000.0,6.681,180,172,8,2026-01-01,Current,72.6
LN102137,CA,SFR,Owner,Purchase,Full,797,73.2,83.2,30.7,750000.0,746250.0,1025000.0,6.661,240,238,2,2026-07-01,Current,72.8
LN102138,VA,SFR,Owner,Rate/Term Refi,Full,710,82.4,82.4,51.3,277000.0,267305.0,336000.0,7.033,240,226,14,2025-07-01,Current,79.56
LN102139,NC,PUD,Owner,Purchase,DSCR,808,68.0,73.0,32.6,851000.0,778665.0,1251000.0,6.469,240,206,34,2023-11-01,Current,62.24
LN102140,IL,Condo,Investor,Cash-Out Refi,Full,713,57.4,62.4,43.5,331000.0,305347.5,577000.0,7.108,360,329,31,2024-02-01,Current,52.92
LN102141,NC,2-4 Family,Owner,Purchase,Full,759,57.6,57.6,50.0,546000.0,535080.0,948000.0,6.405,360,352,8,2026-01-01,Current,56.44
LN102142,NC,SFR,Owner,Purchase,Full,792,70.5,70.5,31.3,435000.0,412162.5,617000.0,6.548,240,219,21,2024-12-01,Current,66.8
LN102143,WA,SFR,Owner,Cash-Out Refi,Full,775,91.9,100.0,36.7,354000.0,335415.0,385000.0,6.631,240,219,21,2024-12-01,Current,87.12
LN102144,VA,SFR,Owner,Purchase,Full,712,83.6,93.6,29.8,168000.0,164220.0,201000.0,7.398,180,171,9,2025-12-01,Current,81.7
LN102145,VA,2-4 Family,Owner,Cash-Out Refi,DSCR,721,65.7,70.7,44.0,836000.0,827640.0,1272000.0,7.133,360,356,4,2026-05-01,Current,65.07
LN102146,GA,SFR,Owner,Purchase,Bank Statement,730,84.8,84.8,33.5,288000.0,277200.0,340000.0,7.352,240,225,15,2025-06-01,30,81.53
LN102147,TX,SFR,Owner,Purchase,Full,746,59.5,64.5,27.6,284000.0,259150.0,477000.0,7.025,360,325,35,2023-10-01,Current,54.33
LN102148,FL,Condo,Owner,Purchase,Full,792,85.6,95.6,46.1,652000.0,612880.0,762000.0,7.008,360,336,24,2024-09-01,Current,80.43
LN102149,MA,PUD,Owner,Rate/Term Refi,Full,699,68.8,73.8,43.0,419000.0,383385.0,609000.0,7.321,360,326,34,2023-11-01,Current,62.95
LN102150,WA,SFR,Second Home,Purchase,Full,766,82.7,82.7,29.2,951000.0,941490.0,1150000.0,6.685,180,176,4,2026-05-01,Current,81.87
LN102151,CA,PUD,Owner,Rate/Term Refi,Full,771,80.9,80.9,45.1,861000.0,811492.5,1064000.0,7.065,360,337,23,2024-10-01,Current,76.27
LN102152,GA,Condo,Owner,Purchase,Bank Statement,769,70.1,80.1,37.5,556000.0,515690.0,793000.0,6.507,360,331,29,2024-04-01,Current,65.03
LN102153,CA,SFR,Owner,Purchase,Full,766,77.4,87.4,55.0,453000.0,442807.5,585000.0,7.409,360,351,9,2025-12-01,Current,75.69
LN102154,OH,SFR,Owner,Cash-Out Refi,Full,806,60.6,60.6,49.1,570000.0,537225.0,941000.0,6.49,360,337,23,2024-10-01,Current,57.09
LN102155,CO,2-4 Family,Owner,Purchase,Full,767,72.5,77.5,31.8,224000.0,216720.0,309000.0,6.919,360,347,13,2025-08-01,Current,70.14
LN102156,OH,2-4 Family,Owner,Rate/Term Refi,DSCR,781,86.5,86.5,34.0,437000.0,409687.5,505000.0,6.519,360,335,25,2024-08-01,Current,81.13
LN102157,TX,Condo,Owner,Rate/Term Refi,Full,769,97.0,97.0,29.3,432000.0,410400.0,445000.0,7.272,240,220,20,2025-01-01,Current,92.22
LN102158,VA,SFR,Owner,Purchase,Full,816,81.9,81.9,37.0,327000.0,322095.0,399000.0,6.864,240,234,6,2026-03-01,Current,80.73
LN102159,TX,SFR,Owner,Purchase,Full,676,74.5,74.5,36.4,453000.0,441675.0,608000.0,6.945,180,170,10,2025-11-01,Current,72.64
LN102160,CA,SFR,Second Home,Cash-Out Refi,DSCR,797,61.3,71.3,41.6,210000.0,192675.0,343000.0,6.34,360,327,33,2023-12-01,Current,56.17
LN102161,NC,SFR,Owner,Rate/Term Refi,Full,738,86.2,86.2,36.7,606000.0,574185.0,703000.0,6.965,360,339,21,2024-12-01,Current,81.68
LN102162,OH,Condo,Owner,Cash-Out Refi,Full,737,53.5,58.5,24.8,720000.0,707400.0,1346000.0,6.599,360,353,7,2026-02-01,Current,52.56
LN102163,MA,SFR,Owner,Rate/Term Refi,Full,711,63.8,63.8,29.8,226000.0,207920.0,354000.0,7.365,360,328,32,2024-01-01,Current,58.73
LN102164,CA,SFR,Owner,Purchase,DSCR,677,77.8,87.8,46.8,432000.0,420120.0,555000.0,7.905,240,229,11,2025-10-01,Current,75.7
LN102165,WA,SFR,Owner,Rate/Term Refi,Bank Statement,733,58.9,68.9,44.8,808000.0,797900.0,1372000.0,6.572,360,355,5,2026-04-01,Current,58.16
LN102166,CO,PUD,Owner,Cash-Out Refi,Bank Statement,722,92.0,92.0,34.8,488000.0,478240.0,530000.0,7.498,180,172,8,2026-01-01,Current,90.23
LN102167,TX,SFR,Owner,Purchase,Full,767,86.6,86.6,35.0,255000.0,249262.5,294000.0,6.846,240,231,9,2025-12-01,Current,84.78
LN102168,NC,PUD,Owner,Cash-Out Refi,Full,692,66.6,71.6,34.7,260000.0,258700.0,390000.0,7.505,360,358,2,2026-07-01,Current,66.33
LN102169,FL,SFR,Investor,Purchase,Full,802,66.8,66.8,36.2,592000.0,541680.0,886000.0,5.891,360,326,34,2023-11-01,Current,61.14
LN102170,VA,SFR,Owner,Purchase,Full,758,57.6,57.6,23.2,919000.0,856967.5,1595000.0,6.567,360,333,27,2024-06-01,Current,53.73
LN102171,WA,SFR,Owner,Purchase,DSCR,739,56.6,66.6,42.8,249000.0,230325.0,440000.0,7.084,360,330,30,2024-03-01,Current,52.35
LN102172,FL,Condo,Owner,Purchase,Full,721,78.8,78.8,31.0,411000.0,401752.5,522000.0,6.92,180,171,9,2025-12-01,Current,76.96
LN102173,IL,2-4 Family,Owner,Purchase,DSCR,718,81.0,81.0,37.1,286000.0,285285.0,353000.0,7.447,180,179,1,2026-08-01,Current,80.82
LN102174,FL,SFR,Investor,Purchase,Full,705,77.7,77.7,16.7,356000.0,340870.0,458000.0,7.067,360,343,17,2025-04-01,Current,74.43
LN102175,NY,PUD,Owner,Purchase,Full,727,76.6,76.6,37.8,464000.0,460520.0,606000.0,7.336,180,177,3,2026-06-01,Current,75.99
LN102176,CO,SFR,Owner,Purchase,Full,748,66.7,66.7,46.2,397000.0,375165.0,595000.0,6.973,240,218,22,2024-11-01,Current,63.05
LN102177,TX,SFR,Owner,Rate/Term Refi,Full,741,77.8,82.8,18.9,297000.0,279922.5,382000.0,6.874,180,157,23,2024-10-01,Current,73.28
LN102178,CA,SFR,Owner,Cash-Out Refi,Full,694,55.7,55.7,47.6,1036000.0,1025640.0,1860000.0,6.85,360,356,4,2026-05-01,Current,55.14
LN102179,CO,SFR,Owner,Purchase,Full,738,73.5,73.5,39.6,376000.0,347800.0,512000.0,6.912,360,330,30,2024-03-01,Current,67.93
LN102180,NY,2-4 Family,Owner,Purchase,Full,714,91.2,91.2,30.4,372000.0,368280.0,408000.0,7.565,180,176,4,2026-05-01,Current,90.26
LN102181,VA,PUD,Owner,Rate/Term Refi,Full,754,89.4,94.4,23.9,664000.0,605900.0,743000.0,7.016,360,325,35,2023-10-01,Current,81.55
LN102182,CA,SFR,Owner,Purchase,DSCR,819,67.9,67.9,44.9,406000.0,401940.0,598000.0,6.246,180,176,4,2026-05-01,Current,67.21
LN102183,GA,SFR,Owner,Purchase,Full,772,69.4,79.4,38.0,369000.0,365310.0,532000.0,7.54,240,236,4,2026-05-01,Current,68.67
LN102184,TX,PUD,Investor,Cash-Out Refi,Full,736,90.0,95.0,40.5,617000.0,596947.5,686000.0,6.737,360,347,13,2025-08-01,Current,87.02
LN102185,NJ,SFR,Owner,Rate/Term Refi,Full,686,95.0,95.0,33.9,254000.0,243205.0,267000.0,7.425,240,223,17,2025-04-01,Current,91.09
LN102186,TX,SFR,Owner,Cash-Out Refi,Full,694,55.4,55.4,29.9,564000.0,545670.0,1018000.0,7.173,360,347,13,2025-08-01,Current,53.6
LN102187,CA,SFR,Owner,Purchase,Full,684,68.3,68.3,42.7,640000.0,611200.0,937000.0,6.965,360,342,18,2025-03-01,Current,65.23
LN102188,AZ,SFR,Owner,Purchase,Full,776,76.3,86.3,28.7,543000.0,506347.5,712000.0,6.751,360,333,27,2024-06-01,Current,71.12
LN102189,CA,SFR,Owner,Rate/Term Refi,Full,719,88.1,88.1,42.9,373000.0,345025.0,423000.0,7.109,360,330,30,2024-03-01,Current,81.57
LN102190,GA,PUD,Owner,Purchase,Full,750,63.4,63.4,23.2,402000.0,366825.0,634000.0,6.411,360,325,35,2023-10-01,Current,57.86
LN102191,WA,SFR,Owner,Cash-Out Refi,Bank Statement,724,81.2,81.2,28.9,188000.0,180010.0,232000.0,7.229,360,343,17,2025-04-01,Current,77.59
LN102192,VA,SFR,Investor,Cash-Out Refi,Bank Statement,751,69.8,69.8,24.9,381000.0,352425.0,546000.0,6.554,360,330,30,2024-03-01,Current,64.55
LN102193,CO,SFR,Owner,Rate/Term Refi,Full,801,97.0,100.0,46.0,460000.0,458850.0,474000.0,6.623,360,359,1,2026-08-01,Current,96.8
LN102194,NY,SFR,Owner,Purchase,Full,722,78.6,78.6,22.6,595000.0,572687.5,757000.0,7.41,360,345,15,2025-06-01,Current,75.65
LN102195,WA,SFR,Owner,Purchase,Bank Statement,735,71.8,76.8,27.3,430000.0,427850.0,599000.0,6.675,360,358,2,2026-07-01,Current,71.43
LN102196,CA,SFR,Owner,Purchase,Full,717,69.4,74.4,41.0,339000.0,319507.5,488000.0,7.19,240,217,23,2024-10-01,Current,65.47
LN102197,CA,PUD,Owner,Purchase,Full,781,86.2,91.2,37.8,278000.0,265490.0,323000.0,7.119,360,342,18,2025-03-01,Current,82.2
LN102198,TX,SFR,Owner,Rate/Term Refi,DSCR,709,81.6,91.6,52.8,396000.0,361350.0,485000.0,7.458,240,205,35,2023-10-01,Current,74.51
LN102199,IL,SFR,Owner,Rate/Term Refi,Full,705,60.4,60.4,50.1,429000.0,424710.0,710000.0,7.138,240,236,4,2026-05-01,Current,59.82
LN102200,MA,SFR,Owner,Purchase,Full,695,76.1,86.1,40.7,693000.0,675675.0,911000.0,7.179,240,230,10,2025-11-01,Current,74.17
LN102201,CA,SFR,Owner,Rate/Term Refi,Full,694,57.3,57.3,41.3,405000.0,386775.0,707000.0,6.705,360,342,18,2025-03-01,Current,54.71
LN102202,TX,SFR,Owner,Rate/Term Refi,Full,766,64.4,64.4,22.0,323000.0,311695.0,502000.0,6.731,360,346,14,2025-07-01,Current,62.09
LN102203,CA,SFR,Owner,Rate/Term Refi,Full,830,57.9,62.9,29.3,385000.0,364787.5,665000.0,6.357,360,339,21,2024-12-01,Current,54.86
LN102204,NJ,Condo,Owner,Purchase,Full,710,57.5,57.5,33.5,326000.0,322740.0,567000.0,6.834,360,356,4,2026-05-01,Current,56.92
LN102205,VA,SFR,Owner,Rate/Term Refi,Full,784,65.2,65.2,34.6,364000.0,347620.0,558000.0,6.348,360,342,18,2025-03-01,Current,62.3
LN102206,WA,SFR,Investor,Purchase,Bank Statement,758,61.7,61.7,25.5,151000.0,148735.0,245000.0,6.933,240,234,6,2026-03-01,Current,60.71
LN102207,CA,SFR,Owner,Purchase,Bank Statement,706,79.8,79.8,28.9,199000.0,189050.0,249000.0,6.944,180,160,20,2025-01-01,Current,75.92
LN102208,NJ,PUD,Investor,Cash-Out Refi,Full,737,83.1,88.1,29.5,237000.0,229890.0,285000.0,7.166,180,168,12,2025-09-01,Current,80.66
LN102209,FL,SFR,Owner,Rate/Term Refi,Full,739,70.6,80.6,44.1,497000.0,497000.0,704000.0,6.798,240,240,0,2026-09-01,Current,70.6
LN102210,AZ,SFR,Owner,Purchase,Full,722,60.0,65.0,39.3,390000.0,386100.0,650000.0,6.492,360,356,4,2026-05-01,30,59.4
LN102211,GA,SFR,Investor,Cash-Out Refi,Full,821,83.2,83.2,33.5,431000.0,404062.5,518000.0,6.956,360,335,25,2024-08-01,Current,78.0
LN102212,FL,PUD,Owner,Purchase,DSCR,676,49.1,49.1,33.9,677000.0,636380.0,1379000.0,7.234,360,336,24,2024-09-01,Current,46.15
LN102213,CA,SFR,Second Home,Purchase,Full,762,50.2,55.2,38.2,254000.0,253365.0,506000.0,6.711,180,179,1,2026-08-01,Current,50.07
LN102214,CA,SFR,Second Home,Cash-Out Refi,Full,761,82.2,82.2,30.7,671000.0,667645.0,816000.0,6.547,180,178,2,2026-07-01,Current,81.82
LN102215,MA,PUD,Second Home,Purchase,Full,726,81.4,86.4,34.0,479000.0,457445.0,588000.0,7.071,360,342,18,2025-03-01,Current,77.8
LN102216,CA,SFR,Owner,Rate/Term Refi,Full,754,85.2,85.2,22.8,294000.0,289590.0,345000.0,7.043,180,174,6,2026-03-01,Current,83.94
LN102217,NJ,SFR,Owner,Purchase,Full,781,70.9,70.9,41.1,783000.0,773212.5,1104000.0,6.481,360,355,5,2026-04-01,Current,70.04
LN102218,OH,SFR,Owner,Purchase,Full,754,58.3,58.3,43.4,214000.0,196880.0,367000.0,7.117,240,208,32,2024-01-01,Current,53.65
LN102219,FL,SFR,Owner,Purchase,Bank Statement,764,67.3,77.3,38.8,244000.0,235460.0,363000.0,6.228,180,166,14,2025-07-01,Current,64.87
LN102220,CA,2-4 Family,Owner,Purchase,Bank Statement,774,80.3,80.3,39.7,368000.0,356960.0,458000.0,6.979,240,228,12,2025-09-01,Current,77.94
LN102221,CO,SFR,Owner,Rate/Term Refi,Full,671,64.2,64.2,38.8,483000.0,447982.5,752000.0,6.787,360,331,29,2024-04-01,Current,59.57
LN102222,CA,SFR,Owner,Purchase,Full,804,65.0,75.0,51.6,371000.0,357087.5,571000.0,6.077,360,345,15,2025-06-01,Current,62.54
LN102223,NY,SFR,Owner,Cash-Out Refi,Full,830,56.7,66.7,37.6,156000.0,144300.0,275000.0,5.909,360,330,30,2024-03-01,Current,52.47
LN102224,FL,PUD,Owner,Purchase,Bank Statement,785,59.4,59.4,25.9,353000.0,337997.5,594000.0,6.67,360,343,17,2025-04-01,Current,56.9
LN102225,NC,SFR,Owner,Purchase,Full,787,83.6,83.6,28.0,389000.0,358852.5,465000.0,6.577,360,329,31,2024-02-01,Current,77.17
LN102226,NC,SFR,Owner,Rate/Term Refi,Full,694,78.9,78.9,41.4,1251000.0,1182195.0,1586000.0,7.099,360,338,22,2024-11-01,Current,74.54
LN102227,AZ,SFR,Owner,Purchase,Full,743,59.5,64.5,44.2,743000.0,698420.0,1249000.0,6.551,360,336,24,2024-09-01,Current,55.92
LN102228,IL,SFR,Owner,Cash-Out Refi,Full,717,60.4,60.4,41.9,426000.0,403635.0,705000.0,6.572,240,219,21,2024-12-01,Current,57.25
LN102229,NC,2-4 Family,Owner,Rate/Term Refi,Full,726,66.7,76.7,42.4,248000.0,236220.0,372000.0,6.727,240,221,19,2025-02-01,Current,63.5
LN102230,CA,SFR,Owner,Purchase,Full,785,80.1,80.1,37.4,470000.0,448850.0,587000.0,6.484,240,222,18,2025-03-01,Current,76.47
LN102231,CA,SFR,Owner,Rate/Term Refi,DSCR,717,59.4,69.4,24.6,240000.0,223200.0,404000.0,6.851,180,152,28,2024-05-01,Current,55.25
LN102232,CA,SFR,Owner,Purchase,Full,743,71.4,81.4,30.6,441000.0,409027.5,618000.0,6.8,360,331,29,2024-04-01,60,66.19
LN102233,CA,SFR,Owner,Purchase,Full,675,47.6,47.6,22.1,475000.0,472625.0,998000.0,6.463,180,178,2,2026-07-01,Current,47.36
LN102234,NY,PUD,Owner,Purchase,Full,742,58.3,58.3,33.0,338000.0,338000.0,580000.0,6.606,360,360,0,2026-09-01,Current,58.28
LN102235,CA,2-4 Family,Owner,Purchase,Full,751,78.5,78.5,25.5,451000.0,449872.5,575000.0,7.22,180,179,1,2026-08-01,Current,78.24
LN102236,MA,SFR,Second Home,Purchase,Full,721,84.3,84.3,36.7,348000.0,323640.0,413000.0,7.035,180,152,28,2024-05-01,Current,78.36
LN102237,CA,PUD,Owner,Rate/Term Refi,DSCR,721,59.5,64.5,34.7,313000.0,288742.5,526000.0,6.886,360,329,31,2024-02-01,Current,54.89
LN102238,OH,PUD,Owner,Purchase,DSCR,820,64.1,69.1,21.0,798000.0,740145.0,1245000.0,6.175,360,331,29,2024-04-01,Current,59.45
LN102239,GA,PUD,Owner,Rate/Term Refi,Full,702,83.1,83.1,41.6,522000.0,488070.0,628000.0,7.081,180,154,26,2024-07-01,Current,77.72
LN102240,WA,SFR,Owner,Cash-Out Refi,DSCR,708,68.8,73.8,41.8,352000.0,334400.0,512000.0,7.054,240,220,20,2025-01-01,Current,65.31
LN102241,IL,PUD,Owner,Purchase,Full,717,66.9,66.9,25.3,287000.0,276237.5,429000.0,6.661,360,345,15,2025-06-01,Current,64.39
LN102242,GA,SFR,Owner,Rate/Term Refi,Full,794,79.7,79.7,37.1,436000.0,416380.0,547000.0,6.623,240,222,18,2025-03-01,Current,76.12
LN102243,TX,SFR,Owner,Purchase,Full,828,75.8,75.8,41.5,519000.0,507322.5,685000.0,6.004,180,171,9,2025-12-01,Current,74.06
LN102244,NJ,SFR,Owner,Rate/Term Refi,Full,761,86.9,86.9,33.7,589000.0,565440.0,678000.0,7.017,180,164,16,2025-05-01,Current,83.4
LN102245,NY,SFR,Second Home,Cash-Out Refi,Full,721,83.0,93.0,42.5,776000.0,710040.0,935000.0,6.74,180,146,34,2023-11-01,Current,75.94
LN102246,GA,PUD,Owner,Rate/Term Refi,Bank Statement,732,66.5,71.5,37.4,495000.0,487575.0,744000.0,7.066,360,354,6,2026-03-01,Current,65.53
LN102247,IL,SFR,Owner,Cash-Out Refi,Bank Statement,788,72.0,72.0,44.2,245000.0,240712.5,340000.0,6.874,360,353,7,2026-02-01,Current,70.8
LN102248,PA,Condo,Owner,Purchase,Full,713,72.7,77.7,37.4,993000.0,990517.5,1366000.0,6.671,360,359,1,2026-08-01,Current,72.51
LN102249,AZ,SFR,Owner,Cash-Out Refi,Full,803,57.1,57.1,34.7,675000.0,659812.5,1182000.0,6.55,240,231,9,2025-12-01,Current,55.82
LN102250,AZ,PUD,Owner,Cash-Out Refi,Full,802,61.7,66.7,39.9,583000.0,559680.0,945000.0,6.33,360,344,16,2025-05-01,Current,59.23
LN102251,TX,SFR,Owner,Cash-Out Refi,Full,751,85.2,90.2,42.0,730000.0,669775.0,857000.0,7.264,360,327,33,2023-12-01,Current,78.15
LN102252,PA,Condo,Investor,Rate/Term Refi,Full,773,54.4,64.4,37.9,208000.0,198640.0,382000.0,6.399,180,162,18,2025-03-01,Current,52.0
LN102253,CA,PUD,Owner,Cash-Out Refi,Full,776,85.5,85.5,32.5,342000.0,318915.0,400000.0,6.754,360,333,27,2024-06-01,Current,79.73
LN102254,CA,SFR,Owner,Purchase,Full,807,76.9,81.9,29.9,321000.0,300135.0,417000.0,6.479,180,154,26,2024-07-01,Current,71.97
LN102255,FL,PUD,Owner,Cash-Out Refi,Full,708,71.8,81.8,33.1,684000.0,632700.0,953000.0,7.41,360,330,30,2024-03-01,Current,66.39
LN102256,PA,Condo,Owner,Rate/Term Refi,Full,793,80.0,80.0,31.5,239000.0,229440.0,299000.0,6.182,360,344,16,2025-05-01,Current,76.74
LN102257,TX,PUD,Owner,Purchase,Bank Statement,734,79.2,79.2,37.5,349000.0,320207.5,441000.0,7.204,240,207,33,2023-12-01,Current,72.61
LN102258,CA,Condo,Owner,Purchase,Full,719,88.0,93.0,37.2,791000.0,741562.5,899000.0,7.213,360,335,25,2024-08-01,Current,82.49
LN102259,TX,PUD,Owner,Purchase,Bank Statement,752,68.7,68.7,35.3,537000.0,491355.0,782000.0,6.677,180,146,34,2023-11-01,Current,62.83
LN102260,GA,SFR,Owner,Cash-Out Refi,Full,740,70.7,70.7,35.9,340000.0,312800.0,481000.0,6.831,240,208,32,2024-01-01,Current,65.03
LN102261,GA,SFR,Second Home,Purchase,Bank Statement,710,70.5,70.5,37.2,929000.0,896485.0,1318000.0,7.302,360,346,14,2025-07-01,Current,68.02
LN102262,CA,SFR,Owner,Purchase,Full,687,96.2,100.0,48.0,223000.0,209620.0,232000.0,7.67,360,336,24,2024-09-01,Current,90.35
LN102263,FL,PUD,Owner,Rate/Term Refi,Full,712,84.9,84.9,45.2,493000.0,483140.0,581000.0,7.624,360,352,8,2026-01-01,Current,83.16
LN102264,FL,SFR,Investor,Purchase,Full,803,62.4,62.4,31.5,364000.0,359450.0,583000.0,6.269,240,235,5,2026-04-01,Current,61.66
LN102265,CA,PUD,Owner,Cash-Out Refi,Full,823,69.5,79.5,39.1,505000.0,479750.0,727000.0,5.907,180,160,20,2025-01-01,Current,65.99
LN102266,CA,PUD,Owner,Purchase,Full,773,65.0,65.0,33.4,356000.0,327520.0,548000.0,6.497,360,328,32,2024-01-01,Current,59.77
LN102267,TX,2-4 Family,Owner,Purchase,Full,793,73.7,73.7,35.1,278000.0,268965.0,377000.0,6.553,240,227,13,2025-08-01,Current,71.34
LN102268,FL,Condo,Owner,Purchase,Full,728,76.1,76.1,34.0,443000.0,420850.0,582000.0,6.906,360,340,20,2025-01-01,Current,72.31
LN102269,WA,2-4 Family,Owner,Cash-Out Refi,Full,745,97.0,97.0,31.1,224000.0,217280.0,231000.0,7.428,360,348,12,2025-09-01,Current,94.06
LN102270,AZ,SFR,Owner,Rate/Term Refi,Bank Statement,759,51.5,51.5,25.4,510000.0,479400.0,990000.0,7.154,240,216,24,2024-09-01,Current,48.42
LN102271,AZ,SFR,Owner,Rate/Term Refi,Full,707,85.9,95.9,16.9,349000.0,331550.0,406000.0,7.334,360,340,20,2025-01-01,Current,81.66
LN102272,FL,Condo,Owner,Rate/Term Refi,Full,710,78.8,78.8,37.4,606000.0,580245.0,769000.0,6.704,180,163,17,2025-04-01,Current,75.45
LN102273,CA,SFR,Owner,Purchase,DSCR,752,65.1,65.1,45.0,330000.0,303600.0,507000.0,7.021,360,328,32,2024-01-01,Current,59.88
LN102274,CA,Condo,Owner,Purchase,Full,736,71.7,71.7,28.9,299000.0,284797.5,417000.0,6.762,360,341,19,2025-02-01,Current,68.3
LN102275,CA,PUD,Investor,Rate/Term Refi,Full,708,67.6,72.6,39.8,481000.0,458152.5,712000.0,7.061,360,341,19,2025-02-01,Current,64.35
LN102276,NC,2-4 Family,Owner,Cash-Out Refi,Bank Statement,763,74.1,74.1,32.9,696000.0,664680.0,939000.0,6.995,360,342,18,2025-03-01,Current,70.79
LN102277,CA,SFR,Owner,Purchase,Full,738,85.6,95.6,38.0,161000.0,156170.0,188000.0,7.142,240,228,12,2025-09-01,Current,83.07
LN102278,NY,SFR,Owner,Rate/Term Refi,DSCR,787,55.2,55.2,29.6,424000.0,387960.0,768000.0,6.435,360,326,34,2023-11-01,Current,50.52
LN102279,TX,PUD,Owner,Rate/Term Refi,Full,748,89.3,99.3,34.1,531000.0,523035.0,595000.0,7.099,360,354,6,2026-03-01,Current,87.91
LN102280,TX,SFR,Investor,Purchase,Full,737,69.0,69.0,35.0,214000.0,209185.0,310000.0,7.079,360,351,9,2025-12-01,Current,67.48
LN102281,NC,PUD,Owner,Purchase,DSCR,753,91.6,91.6,17.5,272000.0,252280.0,297000.0,7.177,360,331,29,2024-04-01,Current,84.94
LN102282,GA,SFR,Owner,Rate/Term Refi,DSCR,741,78.5,78.5,37.5,535000.0,498887.5,682000.0,7.479,240,213,27,2024-06-01,Current,73.15
LN102283,IL,SFR,Owner,Cash-Out Refi,Full,723,88.4,88.4,34.8,279000.0,263655.0,316000.0,6.419,180,158,22,2024-11-01,Current,83.44
LN102284,AZ,SFR,Owner,Purchase,Full,733,80.4,90.4,16.7,303000.0,285577.5,377000.0,6.832,360,337,23,2024-10-01,Current,75.75
LN102285,AZ,PUD,Owner,Purchase,Full,776,86.6,86.6,40.9,862000.0,846915.0,995000.0,6.685,360,353,7,2026-02-01,Current,85.12
LN102286,GA,SFR,Owner,Purchase,Full,773,74.2,74.2,35.6,265000.0,249100.0,357000.0,6.932,180,156,24,2024-09-01,Current,69.78
LN102287,CA,PUD,Owner,Cash-Out Refi,Full,797,63.6,68.6,37.4,274000.0,254135.0,431000.0,6.531,180,151,29,2024-04-01,Current,58.96
LN102288,TX,PUD,Owner,Purchase,Full,684,81.7,86.7,38.6,144000.0,141480.0,176000.0,7.547,360,353,7,2026-02-01,Current,80.39
LN102289,GA,SFR,Owner,Rate/Term Refi,Full,733,82.1,82.1,32.6,248000.0,246760.0,302000.0,6.688,180,178,2,2026-07-01,Current,81.71
LN102290,PA,Condo,Investor,Purchase,DSCR,732,97.0,97.0,27.5,233000.0,220767.5,240000.0,7.145,360,339,21,2024-12-01,Current,91.99
LN102291,CO,SFR,Owner,Cash-Out Refi,Full,755,49.5,49.5,32.4,861000.0,854542.5,1739000.0,6.748,360,357,3,2026-06-01,Current,49.14
LN102292,NJ,SFR,Investor,Purchase,Full,731,71.2,71.2,32.5,690000.0,683100.0,969000.0,6.934,240,236,4,2026-05-01,Current,70.5
LN102293,CA,PUD,Owner,Purchase,Full,728,86.4,86.4,53.0,230000.0,224250.0,266000.0,7.017,360,350,10,2025-11-01,Current,84.3
LN102294,CA,Condo,Owner,Cash-Out Refi,Full,778,58.5,58.5,50.1,962000.0,901875.0,1644000.0,6.606,180,155,25,2024-08-01,Current,54.86
LN102295,OH,Condo,Second Home,Purchase,Full,755,70.8,70.8,32.1,566000.0,526380.0,799000.0,7.211,180,152,28,2024-05-01,Current,65.88
LN102296,TX,PUD,Owner,Cash-Out Refi,Full,704,97.0,97.0,32.6,371000.0,350595.0,382000.0,6.84,360,338,22,2024-11-01,Current,91.78
LN102297,TX,SFR,Owner,Purchase,Full,799,90.6,95.6,38.3,576000.0,550080.0,636000.0,7.13,360,342,18,2025-03-01,Current,86.49
LN102298,AZ,Condo,Owner,Purchase,Full,786,63.0,68.0,40.2,476000.0,449820.0,756000.0,6.605,360,338,22,2024-11-01,Current,59.5
LN102299,IL,Condo,Owner,Cash-Out Refi,DSCR,726,90.8,90.8,30.5,286000.0,268840.0,315000.0,6.959,240,216,24,2024-09-01,30,85.35
LN102300,NJ,Condo,Investor,Purchase,Full,780,87.8,87.8,28.1,184000.0,172500.0,210000.0,6.984,360,335,25,2024-08-01,Current,82.14
LN102301,TX,SFR,Investor,Purchase,Full,720,83.0,83.0,50.8,269000.0,247480.0,324000.0,7.141,180,148,32,2024-01-01,Current,76.38
LN102302,CA,SFR,Owner,Rate/Term Refi,Full,791,78.2,78.2,44.0,401000.0,394985.0,513000.0,6.959,360,354,6,2026-03-01,Current,77.0
LN102303,CA,PUD,Owner,Cash-Out Refi,Full,740,76.5,76.5,23.8,343000.0,312987.5,448000.0,6.745,240,205,35,2023-10-01,30,69.86
LN102304,GA,SFR,Owner,Purchase,Full,717,63.2,63.2,22.1,290000.0,289275.0,459000.0,7.193,240,239,1,2026-08-01,Current,63.02
LN102305,AZ,SFR,Owner,Purchase,Full,734,67.4,67.4,29.4,619000.0,572575.0,918000.0,6.664,240,210,30,2024-03-01,Current,62.37
LN102306,CO,Condo,Owner,Purchase,Full,719,82.4,87.4,37.5,251000.0,248490.0,305000.0,7.211,360,356,4,2026-05-01,Current,81.47
LN102307,TX,SFR,Owner,Purchase,Full,755,75.3,75.3,40.0,597000.0,574612.5,793000.0,7.018,360,345,15,2025-06-01,Current,72.46
LN102308,CA,SFR,Owner,Purchase,Full,755,95.9,95.9,33.1,325000.0,324187.5,339000.0,7.03,180,179,1,2026-08-01,Current,95.63
LN102309,NC,SFR,Owner,Purchase,Full,749,69.6,69.6,23.3,422000.0,401955.0,606000.0,6.983,360,341,19,2025-02-01,Current,66.33
LN102310,GA,PUD,Owner,Purchase,Full,727,44.8,44.8,37.5,244000.0,233630.0,545000.0,6.558,240,223,17,2025-04-01,Current,42.87
LN102311,TX,2-4 Family,Owner,Cash-Out Refi,DSCR,609,69.6,74.6,40.5,400000.0,400000.0,575000.0,7.929,240,240,0,2026-09-01,Current,69.57
LN102312,TX,SFR,Owner,Cash-Out Refi,DSCR,752,77.0,77.0,35.8,284000.0,264120.0,369000.0,6.753,360,332,28,2024-05-01,Current,71.58
LN102313,GA,SFR,Investor,Purchase,Full,676,78.2,78.2,31.9,185000.0,184075.0,237000.0,7.171,360,358,2,2026-07-01,Current,77.67
LN102314,GA,PUD,Owner,Rate/Term Refi,Full,757,74.5,84.5,40.2,398000.0,388050.0,534000.0,6.795,360,350,10,2025-11-01,Current,72.67
LN102315,CA,SFR,Investor,Cash-Out Refi,Full,791,63.8,68.8,35.3,393000.0,378262.5,616000.0,6.5,240,225,15,2025-06-01,Current,61.41
LN102316,TX,SFR,Owner,Rate/Term Refi,Full,758,91.6,96.6,27.1,580000.0,536500.0,633000.0,6.78,360,330,30,2024-03-01,Current,84.76
LN102317,NC,SFR,Owner,Purchase,Full,733,65.7,65.7,36.5,456000.0,443460.0,694000.0,7.079,240,229,11,2025-10-01,Current,63.9
LN102318,CO,Condo,Owner,Purchase,Bank Statement,741,82.2,82.2,25.7,256000.0,237440.0,311000.0,6.966,180,151,29,2024-04-01,Current,76.35
LN102319,FL,SFR,Owner,Purchase,Full,743,70.2,70.2,43.3,306000.0,292230.0,436000.0,7.017,180,162,18,2025-03-01,Current,67.03
LN102320,GA,SFR,Owner,Purchase,Bank Statement,727,59.3,59.3,39.4,133000.0,126682.5,224000.0,6.479,360,341,19,2025-02-01,Current,56.55
LN102321,CO,SFR,Owner,Purchase,Full,726,90.7,90.7,28.0,244000.0,244000.0,269000.0,6.844,180,180,0,2026-09-01,Current,90.71
LN102322,NY,SFR,Owner,Purchase,Full,713,43.5,43.5,37.4,714000.0,660450.0,1641000.0,6.712,360,330,30,2024-03-01,Current,40.25
LN102323,NY,SFR,Owner,Purchase,Full,793,63.4,73.4,45.5,787000.0,720105.0,1241000.0,6.249,360,326,34,2023-11-01,Current,58.03
LN102324,CA,SFR,Second Home,Rate/Term Refi,Full,747,78.9,88.9,19.1,563000.0,543295.0,714000.0,6.895,240,226,14,2025-07-01,Current,76.09
LN102325,FL,SFR,Owner,Purchase,Bank Statement,784,69.4,69.4,34.7,459000.0,439492.5,661000.0,6.751,240,223,17,2025-04-01,Current,66.49
LN102326,CA,SFR,Owner,Purchase,Full,738,82.7,82.7,48.6,521000.0,500160.0,630000.0,7.299,360,344,16,2025-05-01,Current,79.39
LN102327,IL,SFR,Owner,Purchase,Bank Statement,751,72.5,72.5,23.7,498000.0,491775.0,687000.0,7.208,180,175,5,2026-04-01,30,71.58
LN102328,CA,SFR,Owner,Rate/Term Refi,Full,742,68.3,68.3,34.5,186000.0,176235.0,272000.0,7.049,360,339,21,2024-12-01,Current,64.79
LN102329,CA,PUD,Owner,Rate/Term Refi,Full,766,97.0,100.0,24.7,273000.0,257302.5,281000.0,6.819,360,337,23,2024-10-01,Current,91.57
LN102330,OH,SFR,Owner,Purchase,Full,779,71.1,71.1,35.2,679000.0,624680.0,955000.0,6.796,360,328,32,2024-01-01,Current,65.41
LN102331,CA,PUD,Owner,Rate/Term Refi,Full,757,71.8,71.8,17.1,678000.0,644100.0,944000.0,6.667,180,160,20,2025-01-01,Current,68.23
LN102332,TX,Condo,Owner,Purchase,Full,722,60.7,60.7,23.1,447000.0,432472.5,736000.0,7.032,360,347,13,2025-08-01,Current,58.76
LN102333,VA,SFR,Investor,Cash-Out Refi,Full,718,64.7,64.7,31.6,350000.0,328125.0,541000.0,6.697,360,335,25,2024-08-01,Current,60.65
LN102334,CA,SFR,Owner,Cash-Out Refi,Full,811,81.5,81.5,36.8,338000.0,337155.0,415000.0,6.907,180,179,1,2026-08-01,Current,81.24
LN102335,WA,SFR,Owner,Cash-Out Refi,Full,737,80.5,80.5,38.7,315000.0,287437.5,391000.0,7.108,360,325,35,2023-10-01,Current,73.51
LN102336,NY,SFR,Investor,Rate/Term Refi,Full,737,73.8,73.8,39.1,266000.0,262675.0,360000.0,6.866,360,355,5,2026-04-01,Current,72.97
LN102337,WA,SFR,Second Home,Cash-Out Refi,Full,804,65.3,75.3,44.7,171000.0,164587.5,262000.0,6.111,360,345,15,2025-06-01,Current,62.82
LN102338,AZ,SFR,Investor,Rate/Term Refi,Full,789,82.0,92.0,41.2,429000.0,425782.5,523000.0,6.778,180,177,3,2026-06-01,Current,81.41
LN102339,NY,SFR,Owner,Rate/Term Refi,Full,768,53.3,53.3,41.5,328000.0,328000.0,615000.0,6.415,240,240,0,2026-09-01,Current,53.33
LN102340,MA,SFR,Owner,Purchase,Full,733,69.7,69.7,28.1,365000.0,351312.5,524000.0,6.984,360,345,15,2025-06-01,Current,67.04
LN102341,AZ,SFR,Owner,Purchase,Full,830,70.7,80.7,34.5,859000.0,843967.5,1215000.0,6.171,180,173,7,2026-02-01,Current,69.46
LN102342,CA,SFR,Owner,Rate/Term Refi,Full,763,63.6,68.6,55.0,522000.0,480240.0,821000.0,6.544,360,328,32,2024-01-01,Current,58.49
LN102343,WA,SFR,Owner,Cash-Out Refi,Full,769,75.6,75.6,53.5,294000.0,283710.0,389000.0,6.919,360,346,14,2025-07-01,Current,72.93
LN102344,CA,SFR,Owner,Purchase,Full,741,65.8,65.8,42.2,519000.0,502132.5,789000.0,7.204,180,167,13,2025-08-01,Current,63.64
LN102345,TX,SFR,Owner,Cash-Out Refi,Bank Statement,694,64.1,64.1,41.5,206000.0,201365.0,321000.0,6.783,240,231,9,2025-12-01,Current,62.73
LN102346,MA,SFR,Owner,Purchase,Full,697,95.4,95.4,43.5,640000.0,604800.0,671000.0,7.345,240,218,22,2024-11-01,Current,90.13
LN102347,CA,SFR,Owner,Purchase,Full,763,82.7,87.7,32.6,451000.0,431832.5,545000.0,6.969,360,343,17,2025-04-01,Current,79.24
LN102348,FL,SFR,Owner,Purchase,Full,763,88.2,98.2,51.1,368000.0,351440.0,417000.0,6.888,360,342,18,2025-03-01,Current,84.28
LN102349,CA,SFR,Second Home,Purchase,Full,739,74.4,74.4,32.8,517000.0,488565.0,695000.0,6.822,360,338,22,2024-11-01,Current,70.3
LN102350,MA,SFR,Owner,Cash-Out Refi,Full,703,85.4,95.4,35.1,766000.0,720040.0,897000.0,7.799,360,336,24,2024-09-01,Current,80.27
LN102351,CA,Condo,Owner,Purchase,Full,693,83.2,83.2,52.8,326000.0,311330.0,392000.0,7.086,360,342,18,2025-03-01,Current,79.42
LN102352,WA,SFR,Owner,Purchase,Full,736,88.4,98.4,19.5,259000.0,243460.0,293000.0,7.18,360,336,24,2024-09-01,Current,83.09
LN102353,NY,SFR,Owner,Purchase,DSCR,693,97.0,97.0,38.6,1027000.0,1024432.5,1059000.0,7.312,180,179,1,2026-08-01,Current,96.74
LN102354,VA,SFR,Investor,Purchase,Full,782,71.1,71.1,22.2,404000.0,402990.0,568000.0,6.617,240,239,1,2026-08-01,Current,70.95
LN102355,CA,SFR,Owner,Rate/Term Refi,Full,792,77.0,77.0,30.6,780000.0,780000.0,1013000.0,6.069,360,360,0,2026-09-01,Current,77.0
LN102356,CA,2-4 Family,Second Home,Rate/Term Refi,Full,830,73.2,73.2,35.0,297000.0,297000.0,406000.0,6.596,240,240,0,2026-09-01,Current,73.15
LN102357,NJ,SFR,Owner,Purchase,Full,781,31.7,41.7,33.0,475000.0,473812.5,1498000.0,6.201,360,359,1,2026-08-01,Current,31.63
LN102358,CA,Condo,Owner,Rate/Term Refi,Full,725,57.1,57.1,37.1,302000.0,283125.0,529000.0,6.602,180,155,25,2024-08-01,Current,53.52
LN102359,NY,SFR,Owner,Purchase,Full,715,74.1,74.1,29.7,532000.0,500080.0,718000.0,7.489,360,336,24,2024-09-01,Current,69.65
LN102360,MA,SFR,Owner,Purchase,Full,617,81.5,81.5,34.9,355000.0,327487.5,436000.0,7.666,180,149,31,2024-02-01,Current,75.11
LN102361,TX,Condo,Investor,Rate/Term Refi,Full,725,67.0,72.0,26.4,298000.0,287570.0,445000.0,6.789,180,166,14,2025-07-01,Current,64.62
LN102362,CA,SFR,Owner,Rate/Term Refi,Full,741,87.5,92.5,32.7,800000.0,792000.0,914000.0,6.84,360,356,4,2026-05-01,Current,86.65
LN102363,NJ,SFR,Owner,Cash-Out Refi,Full,785,89.3,89.3,24.8,467000.0,444817.5,523000.0,7.072,360,341,19,2025-02-01,Current,85.05
LN102364,GA,PUD,Owner,Rate/Term Refi,Full,771,69.0,69.0,40.9,163000.0,155257.5,236000.0,6.694,360,341,19,2025-02-01,Current,65.79
LN102365,PA,SFR,Owner,Rate/Term Refi,Full,770,91.0,100.0,25.6,361000.0,348365.0,397000.0,6.835,360,346,14,2025-07-01,Current,87.75
LN102366,GA,PUD,Owner,Purchase,Bank Statement,756,95.0,100.0,41.2,267000.0,250312.5,281000.0,6.706,240,215,25,2024-08-01,Current,89.08
LN102367,WA,SFR,Owner,Rate/Term Refi,Full,773,79.5,79.5,32.5,233000.0,219020.0,293000.0,6.554,180,156,24,2024-09-01,Current,74.75
LN102368,CA,SFR,Owner,Purchase,Full,803,62.2,62.2,33.4,309000.0,292777.5,497000.0,6.513,180,159,21,2024-12-01,Current,58.91
LN102369,NC,SFR,Owner,Rate/Term Refi,Full,708,91.6,91.6,45.1,324000.0,295650.0,354000.0,7.285,240,205,35,2023-10-01,Current,83.52
LN102370,WA,PUD,Owner,Purchase,Full,731,72.0,72.0,36.6,407000.0,391737.5,565000.0,6.453,240,225,15,2025-06-01,Current,69.33
LN102371,FL,SFR,Owner,Purchase,Full,695,69.4,79.4,20.8,282000.0,266490.0,406000.0,6.928,180,158,22,2024-11-01,Current,65.64
LN102372,WA,SFR,Owner,Purchase,Full,810,75.4,85.4,39.7,175000.0,174562.5,232000.0,6.573,240,239,1,2026-08-01,Current,75.24
LN102373,CA,SFR,Owner,Purchase,Full,797,67.5,67.5,12.9,316000.0,310470.0,468000.0,7.187,360,353,7,2026-02-01,Current,66.34
LN102374,OH,SFR,Owner,Purchase,Full,777,86.8,86.8,37.9,593000.0,573727.5,683000.0,6.64,360,347,13,2025-08-01,Current,84.0
LN102375,FL,PUD,Owner,Purchase,Full,702,83.3,88.3,32.6,218000.0,203830.0,262000.0,6.688,360,334,26,2024-07-01,Current,77.8
LN102376,OH,SFR,Owner,Rate/Term Refi,Full,755,88.6,88.6,24.7,528000.0,513480.0,596000.0,7.17,180,169,11,2025-10-01,Current,86.15
LN102377,GA,SFR,Owner,Purchase,Full,739,81.0,86.0,36.4,492000.0,483390.0,607000.0,6.879,360,353,7,2026-02-01,Current,79.64
LN102378,AZ,PUD,Owner,Purchase,Full,751,64.5,74.5,33.3,328000.0,300120.0,509000.0,6.431,180,146,34,2023-11-01,Current,58.96
LN102379,TX,SFR,Owner,Purchase,Full,741,72.1,77.1,51.6,460000.0,432400.0,638000.0,7.039,240,216,24,2024-09-01,Current,67.77
LN102380,CO,SFR,Investor,Rate/Term Refi,Full,768,84.5,89.5,32.3,287000.0,286282.5,340000.0,6.802,180,179,1,2026-08-01,Current,84.2
LN102381,FL,2-4 Family,Owner,Purchase,Full,733,69.1,79.1,51.1,335000.0,318250.0,485000.0,6.675,360,340,20,2025-01-01,Current,65.62
LN102382,MA,Condo,Owner,Cash-Out Refi,Bank Statement,780,97.0,97.0,46.7,254000.0,245745.0,262000.0,6.585,360,347,13,2025-08-01,Current,93.8
LN102383,FL,SFR,Owner,Cash-Out Refi,Full,757,71.1,76.1,30.9,493000.0,493000.0,693000.0,6.761,180,180,0,2026-09-01,Current,71.14
LN102384,VA,SFR,Owner,Purchase,Full,737,67.0,67.0,29.3,739000.0,731610.0,1103000.0,6.892,180,176,4,2026-05-01,Current,66.33
LN102385,CA,PUD,Owner,Purchase,Full,744,87.8,87.8,46.2,296000.0,291560.0,337000.0,6.592,360,354,6,2026-03-01,Current,86.52
LN102386,GA,2-4 Family,Second Home,Purchase,Full,731,83.0,83.0,34.7,684000.0,661770.0,824000.0,7.313,240,227,13,2025-08-01,Current,80.31
LN102387,IL,Condo,Investor,Cash-Out Refi,Full,779,73.7,83.7,37.0,154000.0,150920.0,209000.0,6.368,240,232,8,2026-01-01,Current,72.21
LN102388,WA,SFR,Investor,Rate/Term Refi,Full,738,71.2,76.2,33.7,270000.0,249750.0,379000.0,7.257,180,150,30,2024-03-01,Current,65.9
LN102389,AZ,PUD,Owner,Purchase,DSCR,759,79.1,79.1,26.2,255000.0,246712.5,322000.0,6.943,360,347,13,2025-08-01,Current,76.62
LN102390,PA,2-4 Family,Owner,Rate/Term Refi,Full,733,84.0,84.0,32.8,865000.0,836887.5,1030000.0,7.018,360,347,13,2025-08-01,Current,81.25
LN102391,AZ,SFR,Owner,Rate/Term Refi,Full,692,83.2,93.2,28.2,308000.0,284130.0,370000.0,7.387,360,329,31,2024-02-01,Current,76.79
LN102392,OH,SFR,Investor,Purchase,Full,782,70.4,80.4,23.6,568000.0,550960.0,807000.0,6.487,180,168,12,2025-09-01,Current,68.27
LN102393,CO,PUD,Owner,Purchase,Full,708,79.2,79.2,33.4,160000.0,150000.0,202000.0,7.15,360,335,25,2024-08-01,Current,74.26
LN102394,NY,Condo,Owner,Purchase,Full,774,84.1,84.1,49.9,422000.0,398790.0,502000.0,7.231,360,338,22,2024-11-01,Current,79.44
LN102395,MA,SFR,Owner,Purchase,Full,764,83.2,88.2,48.6,516000.0,494070.0,620000.0,6.728,180,163,17,2025-04-01,Current,79.69
LN102396,NC,SFR,Owner,Purchase,Full,685,37.0,37.0,35.3,394000.0,385135.0,1065000.0,7.087,360,351,9,2025-12-01,Current,36.16
LN102397,CO,SFR,Owner,Rate/Term Refi,Full,712,63.3,68.3,36.8,118000.0,113870.0,186000.0,6.759,360,346,14,2025-07-01,Current,61.22
LN102398,MA,SFR,Owner,Purchase,Full,728,64.7,69.7,39.8,433000.0,430835.0,669000.0,6.897,360,358,2,2026-07-01,Current,64.4
LN102399,CA,PUD,Owner,Rate/Term Refi,Full,717,71.2,71.2,46.6,576000.0,574560.0,809000.0,7.274,240,239,1,2026-08-01,Current,71.02
LN102400,CA,2-4 Family,Owner,Purchase,Full,703,76.1,76.1,38.3,723000.0,694080.0,950000.0,6.865,360,344,16,2025-05-01,Current,73.06
LN102401,WA,SFR,Owner,Purchase,Full,776,85.1,90.1,32.0,479000.0,470617.5,563000.0,6.902,240,233,7,2026-02-01,Current,83.59
LN102402,FL,SFR,Owner,Purchase,Full,739,81.4,91.4,32.7,188000.0,172020.0,231000.0,6.465,360,326,34,2023-11-01,60,74.47
LN102403,CA,SFR,Owner,Cash-Out Refi,Full,763,72.5,72.5,44.8,365000.0,336712.5,503000.0,6.483,180,149,31,2024-02-01,Current,66.94
LN102404,TX,PUD,Owner,Cash-Out Refi,Full,732,74.3,84.3,55.0,600000.0,561000.0,808000.0,6.869,180,154,26,2024-07-01,Current,69.43
LN102405,CA,2-4 Family,Owner,Cash-Out Refi,Full,760,95.1,95.1,30.8,278000.0,268965.0,292000.0,7.234,360,347,13,2025-08-01,Current,92.11
LN102406,NJ,Condo,Owner,Purchase,Full,719,66.6,66.6,19.5,516000.0,505680.0,775000.0,7.154,360,352,8,2026-01-01,Current,65.25
LN102407,CA,PUD,Second Home,Purchase,Full,747,77.7,87.7,42.2,323000.0,315732.5,416000.0,6.689,360,351,9,2025-12-01,Current,75.9
LN102408,CA,SFR,Owner,Purchase,Full,770,92.8,92.8,35.2,417000.0,395107.5,449000.0,6.898,360,339,21,2024-12-01,Current,88.0
LN102409,WA,SFR,Investor,Rate/Term Refi,Full,750,78.2,78.2,36.9,562000.0,515635.0,719000.0,6.951,240,207,33,2023-12-01,Current,71.72
LN102410,TX,SFR,Owner,Purchase,Full,731,49.5,54.5,45.6,291000.0,280087.5,588000.0,6.341,240,225,15,2025-06-01,Current,47.63
LN102411,CA,PUD,Owner,Cash-Out Refi,DSCR,707,78.5,78.5,36.3,1446000.0,1420695.0,1842000.0,7.272,360,353,7,2026-02-01,Current,77.13
LN102412,IL,SFR,Second Home,Cash-Out Refi,Full,754,69.4,69.4,25.2,429000.0,419347.5,618000.0,7.131,360,351,9,2025-12-01,Current,67.86
LN102413,FL,SFR,Owner,Rate/Term Refi,Full,761,72.6,82.6,20.1,467000.0,434310.0,643000.0,7.094,360,332,28,2024-05-01,Current,67.54
LN102414,FL,SFR,Investor,Cash-Out Refi,Full,738,86.6,96.6,35.4,287000.0,261887.5,331000.0,6.913,180,145,35,2023-10-01,Current,79.12
LN102415,CO,PUD,Owner,Purchase,Full,719,79.6,79.6,26.5,412000.0,398610.0,518000.0,7.003,240,227,13,2025-08-01,Current,76.95
LN102416,CA,SFR,Owner,Cash-Out Refi,Full,769,70.8,75.8,38.1,355000.0,354112.5,501000.0,6.483,360,359,1,2026-08-01,Current,70.68
LN102417,NY,SFR,Owner,Purchase,Full,830,84.7,84.7,25.6,208000.0,201240.0,246000.0,6.366,180,167,13,2025-08-01,Current,81.8
LN102418,MA,SFR,Owner,Rate/Term Refi,Full,737,79.2,79.2,33.0,201000.0,186427.5,254000.0,6.93,240,211,29,2024-04-01,Current,73.4
LN102419,FL,Condo,Owner,Cash-Out Refi,Full,761,75.3,85.3,24.1,455000.0,441350.0,604000.0,6.98,360,348,12,2025-09-01,Current,73.07
LN102420,NC,SFR,Investor,Cash-Out Refi,Bank Statement,762,77.6,82.6,32.9,385000.0,379225.0,496000.0,6.847,240,234,6,2026-03-01,Current,76.46
LN102421,FL,PUD,Owner,Purchase,Full,650,77.0,77.0,32.2,123000.0,120232.5,160000.0,7.261,360,351,9,2025-12-01,Current,75.15
LN102422,TX,SFR,Owner,Purchase,Bank Statement,753,69.9,69.9,40.5,153000.0,148792.5,219000.0,7.009,360,349,11,2025-10-01,Current,67.94
LN102423,FL,SFR,Owner,Purchase,Full,721,68.5,78.5,46.5,349000.0,341147.5,509000.0,7.202,360,351,9,2025-12-01,Current,67.02
LN102424,CA,SFR,Investor,Cash-Out Refi,Full,801,74.3,84.3,34.3,388000.0,366660.0,522000.0,6.407,240,218,22,2024-11-01,Current,70.24
LN102425,TX,SFR,Owner,Purchase,Bank Statement,738,62.5,62.5,28.9,526000.0,512850.0,842000.0,6.758,360,350,10,2025-11-01,Current,60.91
LN102426,TX,2-4 Family,Owner,Rate/Term Refi,Full,718,58.9,58.9,51.4,229000.0,229000.0,389000.0,6.878,180,180,0,2026-09-01,Current,58.87
LN102427,NJ,PUD,Owner,Rate/Term Refi,DSCR,740,89.6,99.6,38.7,522000.0,501120.0,583000.0,6.668,360,344,16,2025-05-01,Current,85.96
LN102428,VA,SFR,Owner,Purchase,Full,754,71.1,81.1,40.6,349000.0,320207.5,491000.0,6.844,180,147,33,2023-12-01,Current,65.22
LN102429,GA,SFR,Owner,Purchase,Bank Statement,727,73.7,73.7,40.6,319000.0,307037.5,433000.0,7.166,360,345,15,2025-06-01,Current,70.91
LN102430,NY,SFR,Investor,Rate/Term Refi,Full,746,72.4,82.4,47.4,376000.0,346860.0,519000.0,7.358,360,329,31,2024-02-01,Current,66.83
LN102431,CA,PUD,Owner,Cash-Out Refi,Full,697,74.3,79.3,43.8,624000.0,624000.0,840000.0,7.232,240,240,0,2026-09-01,60,74.29
LN102432,CO,Condo,Owner,Purchase,Full,739,74.3,84.3,41.2,514000.0,497295.0,692000.0,6.861,360,347,13,2025-08-01,Current,71.86
LN102433,IL,2-4 Family,Owner,Rate/Term Refi,Bank Statement,777,74.8,79.8,41.9,597000.0,576105.0,798000.0,6.672,360,346,14,2025-07-01,Current,72.19
LN102434,GA,Condo,Owner,Purchase,Full,823,64.3,64.3,28.9,294000.0,280770.0,457000.0,6.481,360,342,18,2025-03-01,60,61.44
LN102435,NY,SFR,Owner,Purchase,Bank Statement,775,85.2,85.2,30.9,352000.0,326480.0,413000.0,7.024,360,331,29,2024-04-01,Current,79.05
LN102436,CA,SFR,Owner,Rate/Term Refi,Full,758,65.7,75.7,34.9,237000.0,219225.0,361000.0,6.518,360,330,30,2024-03-01,Current,60.73
LN102437,IL,SFR,Owner,Rate/Term Refi,Full,793,86.4,86.4,36.5,312000.0,290940.0,361000.0,6.777,180,153,27,2024-06-01,Current,80.59
LN102438,CA,SFR,Owner,Purchase,Full,787,51.0,51.0,35.9,335000.0,330812.5,657000.0,6.575,180,175,5,2026-04-01,Current,50.35
LN102439,MA,SFR,Owner,Cash-Out Refi,Full,811,61.3,66.3,38.3,325000.0,321750.0,530000.0,5.868,240,236,4,2026-05-01,Current,60.71
LN102440,CA,SFR,Owner,Cash-Out Refi,Full,789,85.9,85.9,36.0,552000.0,509220.0,643000.0,7.091,180,149,31,2024-02-01,Current,79.19
LN102441,NY,Condo,Owner,Purchase,Full,744,72.2,72.2,32.4,485000.0,476512.5,672000.0,6.828,240,233,7,2026-02-01,Current,70.91
LN102442,CA,SFR,Investor,Purchase,Full,758,65.9,65.9,22.8,563000.0,530627.5,854000.0,6.952,360,337,23,2024-10-01,30,62.13
LN102443,WA,Condo,Second Home,Rate/Term Refi,Full,755,78.5,88.5,42.5,424000.0,400680.0,540000.0,6.867,180,158,22,2024-11-01,Current,74.2
LN102444,CA,SFR,Owner,Purchase,Full,759,61.5,61.5,40.5,649000.0,600325.0,1055000.0,6.623,360,330,30,2024-03-01,Current,56.9
LN102445,PA,SFR,Owner,Purchase,Bank Statement,756,74.9,84.9,28.8,421000.0,397845.0,562000.0,6.818,360,338,22,2024-11-01,Current,70.79
LN102446,AZ,PUD,Owner,Purchase,Full,718,47.4,57.4,39.8,618000.0,611820.0,1304000.0,6.862,360,356,4,2026-05-01,Current,46.92
LN102447,NJ,PUD,Owner,Purchase,Full,668,68.6,68.6,38.9,502000.0,500745.0,732000.0,7.519,180,179,1,2026-08-01,Current,68.41
LN102448,FL,SFR,Owner,Cash-Out Refi,Full,722,66.2,66.2,36.4,557000.0,534720.0,841000.0,6.888,180,164,16,2025-05-01,Current,63.58
LN102449,FL,Condo,Owner,Purchase,Full,671,80.5,80.5,21.1,388000.0,377330.0,482000.0,7.123,360,349,11,2025-10-01,Current,78.28
LN102450,FL,PUD,Owner,Cash-Out Refi,Full,751,84.5,89.5,26.2,229000.0,224992.5,271000.0,6.788,360,353,7,2026-02-01,Current,83.02
LN102451,CA,SFR,Owner,Cash-Out Refi,Full,748,63.7,63.7,31.0,209000.0,199595.0,328000.0,6.529,180,162,18,2025-03-01,Current,60.85
LN102452,CO,PUD,Owner,Purchase,Full,684,93.3,100.0,48.7,966000.0,946680.0,1035000.0,7.643,360,352,8,2026-01-01,Current,91.47
LN102453,IL,Condo,Owner,Purchase,Bank Statement,774,66.9,71.9,28.9,477000.0,448380.0,713000.0,6.41,240,216,24,2024-09-01,Current,62.89
LN102454,AZ,SFR,Investor,Purchase,Full,781,49.3,49.3,33.0,489000.0,473107.5,992000.0,6.812,360,347,13,2025-08-01,Current,47.69
LN102455,TX,PUD,Owner,Cash-Out Refi,Full,752,45.4,45.4,26.9,371000.0,352450.0,817000.0,6.599,360,340,20,2025-01-01,Current,43.14
LN102456,CA,SFR,Owner,Purchase,DSCR,811,92.5,92.5,31.9,326000.0,317035.0,352000.0,6.662,240,229,11,2025-10-01,Current,90.07
LN102457,CO,SFR,Owner,Purchase,Bank Statement,819,72.9,72.9,38.5,1458000.0,1374165.0,2000000.0,6.766,360,337,23,2024-10-01,Current,68.71
LN102458,NJ,SFR,Owner,Purchase,Full,702,66.2,71.2,19.2,242000.0,237160.0,366000.0,6.983,240,232,8,2026-01-01,Current,64.8
LN102459,FL,SFR,Owner,Cash-Out Refi,Full,787,65.0,70.0,13.1,389000.0,358852.5,598000.0,6.479,360,329,31,2024-02-01,Current,60.01
LN102460,FL,Condo,Investor,Cash-Out Refi,Full,765,60.9,60.9,41.1,391000.0,375360.0,642000.0,6.839,360,344,16,2025-05-01,Current,58.47
LN102461,TX,SFR,Owner,Purchase,Full,764,90.2,90.2,36.1,241000.0,222322.5,267000.0,7.128,360,329,31,2024-02-01,Current,83.27
LN102462,TX,SFR,Owner,Rate/Term Refi,Bank Statement,784,73.0,73.0,31.0,226000.0,220350.0,310000.0,6.402,360,350,10,2025-11-01,Current,71.08
LN102463,NC,SFR,Owner,Purchase,Full,721,95.5,100.0,43.5,292000.0,286890.0,306000.0,7.869,360,353,7,2026-02-01,Current,93.75
LN102464,IL,SFR,Owner,Purchase,Full,725,71.6,71.6,43.5,343000.0,337855.0,479000.0,7.134,360,354,6,2026-03-01,Current,70.53
LN102465,PA,SFR,Owner,Purchase,Full,717,45.8,50.8,19.1,322000.0,297045.0,703000.0,6.468,180,149,31,2024-02-01,Current,42.25
LN102466,AZ,SFR,Owner,Purchase,Full,719,84.1,84.1,34.5,577000.0,538052.5,686000.0,7.109,360,333,27,2024-06-01,Current,78.43
LN102467,CA,SFR,Owner,Purchase,Full,744,69.6,69.6,44.6,236000.0,231870.0,339000.0,7.089,360,353,7,2026-02-01,Current,68.4
LN102468,TX,SFR,Owner,Purchase,DSCR,693,71.2,76.2,30.4,480000.0,451200.0,674000.0,7.235,360,336,24,2024-09-01,Current,66.94
LN102469,CO,Condo,Owner,Purchase,Full,708,92.8,92.8,33.3,775000.0,775000.0,835000.0,7.52,360,360,0,2026-09-01,Current,92.81
LN102470,FL,PUD,Owner,Purchase,Full,770,70.8,70.8,43.4,598000.0,590525.0,845000.0,7.306,360,355,5,2026-04-01,Current,69.88
LN102471,CO,Condo,Owner,Purchase,Full,745,87.9,87.9,33.7,240000.0,223200.0,273000.0,7.268,360,332,28,2024-05-01,Current,81.76
LN102472,AZ,SFR,Owner,Purchase,Full,763,73.9,78.9,26.2,106000.0,99640.0,143000.0,7.29,360,336,24,2024-09-01,Current,69.68
LN102473,GA,PUD,Owner,Cash-Out Refi,Full,676,65.0,75.0,30.3,586000.0,539120.0,902000.0,7.391,360,328,32,2024-01-01,Current,59.77
LN102474,WA,PUD,Owner,Cash-Out Refi,Full,718,80.1,80.1,25.2,501000.0,472192.5,625000.0,6.954,360,337,23,2024-10-01,Current,75.55
LN102475,NY,SFR,Owner,Rate/Term Refi,Full,727,66.8,66.8,40.2,308000.0,305690.0,461000.0,7.311,360,357,3,2026-06-01,Current,66.31
LN102476,IL,SFR,Owner,Rate/Term Refi,Full,749,88.7,88.7,22.0,712000.0,703100.0,803000.0,6.846,240,235,5,2026-04-01,Current,87.56
LN102477,TX,2-4 Family,Owner,Purchase,Full,726,85.5,85.5,43.8,334000.0,311455.0,391000.0,7.366,180,153,27,2024-06-01,Current,79.66
LN102478,CA,Condo,Owner,Purchase,Full,783,74.8,74.8,22.6,420000.0,396900.0,561000.0,6.842,360,338,22,2024-11-01,Current,70.75
LN102479,NJ,SFR,Owner,Purchase,Full,746,81.3,91.3,36.2,251000.0,249745.0,309000.0,6.754,180,178,2,2026-07-01,Current,80.82
LN102480,CO,SFR,Owner,Purchase,Full,749,80.8,80.8,24.1,462000.0,421575.0,572000.0,6.767,180,145,35,2023-10-01,Current,73.7
LN102481,WA,Condo,Owner,Purchase,Full,749,70.7,70.7,33.3,330000.0,303600.0,467000.0,6.798,360,328,32,2024-01-01,Current,65.01
LN102482,GA,PUD,Owner,Cash-Out Refi,Full,775,84.7,94.7,44.0,319000.0,291885.0,377000.0,6.927,240,206,34,2023-11-01,Current,77.42
LN102483,CA,PUD,Owner,Cash-Out Refi,Full,730,71.3,81.3,44.8,651000.0,624960.0,913000.0,7.296,180,164,16,2025-05-01,Current,68.45
LN102484,WA,SFR,Owner,Purchase,Full,791,81.4,81.4,46.2,441000.0,403515.0,542000.0,6.718,240,206,34,2023-11-01,Current,74.45
LN102485,NJ,SFR,Owner,Purchase,Full,765,62.6,62.6,35.1,204000.0,195330.0,326000.0,7.143,360,343,17,2025-04-01,Current,59.92
LN102486,WA,SFR,Owner,Purchase,DSCR,754,75.2,75.2,36.6,546000.0,525525.0,726000.0,7.078,360,345,15,2025-06-01,60,72.39
LN102487,VA,Condo,Owner,Cash-Out Refi,Bank Statement,750,79.0,79.0,37.6,583000.0,536360.0,738000.0,6.762,180,148,32,2024-01-01,Current,72.68
LN102488,CA,SFR,Investor,Purchase,DSCR,768,64.5,64.5,40.7,275000.0,258500.0,426000.0,6.515,360,336,24,2024-09-01,Current,60.68
LN102489,OH,SFR,Owner,Purchase,Full,787,69.0,79.0,32.6,335000.0,326625.0,486000.0,6.623,360,350,10,2025-11-01,Current,67.21
LN102490,TX,SFR,Owner,Cash-Out Refi,Full,784,67.6,67.6,44.6,410000.0,381300.0,607000.0,6.476,180,152,28,2024-05-01,30,62.82
LN102491,CO,PUD,Owner,Purchase,Full,762,82.8,82.8,38.4,358000.0,340995.0,432000.0,6.868,180,161,19,2025-02-01,Current,78.93
LN102492,OH,SFR,Owner,Rate/Term Refi,Full,781,65.4,70.4,44.9,423000.0,414540.0,647000.0,6.797,180,172,8,2026-01-01,Current,64.07
LN102493,WA,SFR,Owner,Purchase,Full,752,79.3,79.3,39.6,536000.0,531980.0,676000.0,6.981,180,177,3,2026-06-01,Current,78.7
LN102494,TX,Condo,Owner,Purchase,Full,796,92.3,97.3,41.2,321000.0,307357.5,348000.0,7.026,180,163,17,2025-04-01,Current,88.32
LN102495,PA,SFR,Owner,Rate/Term Refi,DSCR,747,78.3,78.3,30.0,1021000.0,1005685.0,1304000.0,6.765,360,354,6,2026-03-01,Current,77.12
LN102496,TX,PUD,Investor,Cash-Out Refi,Full,669,54.7,64.7,32.5,291000.0,280087.5,532000.0,6.954,240,225,15,2025-06-01,Current,52.65
LN102497,NC,SFR,Owner,Purchase,Full,799,75.6,80.6,25.5,314000.0,299085.0,415000.0,6.249,360,341,19,2025-02-01,Current,72.07
LN102498,WA,SFR,Owner,Purchase,Full,752,86.6,96.6,33.4,971000.0,944297.5,1121000.0,6.545,360,349,11,2025-10-01,Current,84.24
LN102499,IL,Condo,Owner,Purchase,Full,703,70.6,75.6,34.4,1171000.0,1080247.5,1659000.0,7.013,240,209,31,2024-02-01,Current,65.11
LN101459,NY,Condo,Owner,Rate/Term Refi,Full,754,63.0,63.0,39.8,231000.0,221182.5,367000.0,6.862,180,163,17,2025-04-01,Current,60.27
